/*******************************************************************************
 * Size: 14 px
 * Bpp: 4
 * Opts: --bpp 4 --size 14 --no-compress --stride 1 --align 1 --font ScienceGothic-Regular.ttf --range 32-126,176,1025,1040-1103,1105 --font Font-Awesome-6-Pro-Regular-400.woff --range 61441,61448,61451,61452,61452,61453,61457,61459,61461,61465,61468,61473,61478,61479,61480,61502,61507,61512,61515,61516,61517,61521,61522,61523,61524,61543,61544,61550,61552,61553,61556,61559,61560,61561,61563,61587,61589,61636,61637,61639,61641,61664,61671,61674,61683,61724,61732,61787,61931,62016,62017,62018,62019,62020,62099,62212,62189,62810,63426,63650,58786,63146,63147,57545,61475 --format lvgl -o science_gothic_14.c
 ******************************************************************************/

#ifdef __has_include
    #if __has_include("lvgl.h")
        #ifndef LV_LVGL_H_INCLUDE_SIMPLE
            #define LV_LVGL_H_INCLUDE_SIMPLE
        #endif
    #endif
#endif

#ifdef LV_LVGL_H_INCLUDE_SIMPLE
    #include "lvgl.h"
#else
    #include "lvgl/lvgl.h"
#endif



#ifndef SCIENCE_GOTHIC_14
#define SCIENCE_GOTHIC_14 1
#endif

#if SCIENCE_GOTHIC_14

/*-----------------
 *    BITMAPS
 *----------------*/

/*Store the image of the glyphs*/
static LV_ATTRIBUTE_LARGE_CONST const uint8_t glyph_bitmap[] = {
    /* U+0020 " " */

    /* U+0021 "!" */
    0xaf, 0xd9, 0xfb, 0x7f, 0x95, 0xf8, 0x4f, 0x62,
    0xf4, 0x8, 0x11, 0x31, 0x8f, 0xa7, 0xf9,

    /* U+0022 "\"" */
    0xbf, 0x28, 0xf4, 0xbf, 0x28, 0xf4, 0x8f, 0x6,
    0xf2, 0x5c, 0x2, 0xe0, 0x12, 0x0, 0x30,

    /* U+0023 "#" */
    0x0, 0x6f, 0xe, 0x80, 0x0, 0x9d, 0xf, 0x60,
    0x7, 0xde, 0xaf, 0xb3, 0xf, 0xff, 0xff, 0xf4,
    0x0, 0xf6, 0x7f, 0x0, 0x2, 0xf4, 0x9d, 0x0,
    0x3a, 0xfa, 0xde, 0x70, 0x8f, 0xff, 0xff, 0xb0,
    0x8, 0xd0, 0xf6, 0x0, 0xa, 0xb2, 0xf4, 0x0,

    /* U+0024 "$" */
    0x0, 0x0, 0xf, 0x70, 0x0, 0x0, 0x5e, 0xff,
    0xff, 0xfe, 0x70, 0xe, 0xfb, 0xbf, 0xdb, 0xef,
    0x0, 0xfd, 0x0, 0xf7, 0x9, 0xa0, 0xf, 0xd0,
    0xf, 0x70, 0x0, 0x0, 0xef, 0xbb, 0xfd, 0xba,
    0x50, 0x5, 0xef, 0xff, 0xff, 0xff, 0x20, 0x0,
    0x0, 0xf7, 0x8, 0xf3, 0x19, 0x70, 0xf, 0x70,
    0x8f, 0x31, 0xfe, 0xbb, 0xfd, 0xbd, 0xf2, 0x9,
    0xff, 0xff, 0xff, 0xfa, 0x0, 0x0, 0x0, 0xf7,
    0x0, 0x0,

    /* U+0025 "%" */
    0xaf, 0xff, 0xfa, 0x0, 0x4, 0xf4, 0x0, 0x0,
    0xea, 0x44, 0x9e, 0x0, 0xd, 0xa0, 0x0, 0x0,
    0xe8, 0x0, 0x7e, 0x0, 0x8e, 0x10, 0x0, 0x0,
    0xe8, 0x0, 0x7e, 0x3, 0xf5, 0x0, 0x0, 0x0,
    0xe8, 0x0, 0x7e, 0xd, 0xb0, 0x0, 0x0, 0x0,
    0xcf, 0xff, 0xfd, 0x8f, 0x18, 0xff, 0xff, 0xd0,
    0x3, 0x33, 0x33, 0xf6, 0xb, 0xc3, 0x37, 0xf1,
    0x0, 0x0, 0xc, 0xb0, 0xb, 0xb0, 0x5, 0xf1,
    0x0, 0x0, 0x7f, 0x20, 0xb, 0xb2, 0x26, 0xf1,
    0x0, 0x2, 0xf7, 0x0, 0x8, 0xff, 0xff, 0xd0,

    /* U+0026 "&" */
    0x0, 0x3e, 0xff, 0xf9, 0x0, 0x0, 0x0, 0xaf,
    0xaa, 0xcf, 0x10, 0x0, 0x0, 0xaf, 0x40, 0x6f,
    0x10, 0x0, 0x0, 0x3f, 0xf3, 0x0, 0x0, 0x0,
    0x0, 0x9f, 0xff, 0x30, 0x3, 0x0, 0x2d, 0xfb,
    0x6f, 0xf3, 0x5f, 0xa0, 0x9f, 0x70, 0x5, 0xff,
    0xfd, 0x10, 0xaf, 0x20, 0x0, 0xaf, 0xf4, 0x0,
    0xaf, 0xa9, 0x9b, 0xfd, 0xfe, 0x30, 0x4e, 0xff,
    0xff, 0x90, 0x6f, 0xe2,

    /* U+0027 "'" */
    0xbf, 0x2b, 0xf2, 0x8f, 0x5, 0xc0, 0x12, 0x0,

    /* U+0028 "(" */
    0x0, 0x5e, 0x10, 0x1f, 0x70, 0x8, 0xf1, 0x0,
    0xdc, 0x0, 0xf, 0xa0, 0x1, 0xf9, 0x0, 0x1f,
    0x90, 0x0, 0xfa, 0x0, 0xc, 0xd0, 0x0, 0x7f,
    0x10, 0x0, 0xe8, 0x0, 0x4, 0xc1,

    /* U+0029 ")" */
    0x9c, 0x0, 0xf, 0x70, 0x9, 0xe0, 0x5, 0xf4,
    0x3, 0xf7, 0x2, 0xf8, 0x2, 0xf8, 0x3, 0xf6,
    0x6, 0xf3, 0xa, 0xd0, 0x1f, 0x60, 0x89, 0x0,

    /* U+002A "*" */
    0x10, 0xe0, 0x16, 0xdf, 0xc7, 0xa, 0xfc, 0x17,
    0x8e, 0x78, 0x0, 0x90, 0x0,

    /* U+002B "+" */
    0x0, 0x0, 0x11, 0x0, 0x0, 0x0, 0x0, 0xcd,
    0x0, 0x0, 0x0, 0x0, 0xcd, 0x0, 0x0, 0x2,
    0x22, 0xcd, 0x22, 0x20, 0x1f, 0xff, 0xff, 0xff,
    0xf2, 0x5, 0x55, 0xdd, 0x55, 0x50, 0x0, 0x0,
    0xcd, 0x0, 0x0, 0x0, 0x0, 0xcd, 0x0, 0x0,
    0x0, 0x0, 0xcd, 0x0, 0x0,

    /* U+002C "," */
    0x12, 0xb, 0xf7, 0xbf, 0x60, 0xd1, 0x66, 0x0,
    0x0,

    /* U+002D "-" */
    0x8, 0x88, 0x88, 0x20, 0xff, 0xff, 0xf3,

    /* U+002E "." */
    0x12, 0xb, 0xf7, 0xbf, 0x60,

    /* U+002F "/" */
    0x0, 0x0, 0xae, 0x0, 0x0, 0x1f, 0x90, 0x0,
    0x6, 0xf3, 0x0, 0x0, 0xcd, 0x0, 0x0, 0x2f,
    0x70, 0x0, 0x8, 0xf1, 0x0, 0x0, 0xeb, 0x0,
    0x0, 0x4f, 0x50, 0x0, 0xa, 0xf0, 0x0, 0x0,
    0xf9, 0x0, 0x0, 0x28, 0x20, 0x0, 0x0,

    /* U+0030 "0" */
    0x2c, 0xff, 0xff, 0xff, 0xe5, 0x8f, 0xcb, 0xbb,
    0xbb, 0xfd, 0x9f, 0x40, 0x0, 0x0, 0xfd, 0x9f,
    0x40, 0x0, 0x0, 0xfd, 0x9f, 0x40, 0x0, 0x0,
    0xfd, 0x9f, 0x40, 0x0, 0x0, 0xfd, 0x9f, 0x40,
    0x0, 0x0, 0xfd, 0x9f, 0x40, 0x0, 0x0, 0xfd,
    0x8f, 0xcb, 0xbb, 0xbb, 0xfc, 0x2c, 0xff, 0xff,
    0xff, 0xe5,

    /* U+0031 "1" */
    0x15, 0x8c, 0x47, 0xff, 0xf4, 0x0, 0x8f, 0x40,
    0x8, 0xf4, 0x0, 0x8f, 0x40, 0x8, 0xf4, 0x0,
    0x8f, 0x40, 0x8, 0xf4, 0x0, 0x8f, 0x40, 0x8,
    0xf4,

    /* U+0032 "2" */
    0x1b, 0xff, 0xff, 0xff, 0x80, 0x7f, 0xcb, 0xbb,
    0xbe, 0xf1, 0x7f, 0x50, 0x0, 0xb, 0xf2, 0x39,
    0x40, 0x0, 0x3e, 0xf1, 0x0, 0x0, 0x6c, 0xff,
    0x90, 0x1, 0x8e, 0xff, 0xa3, 0x0, 0x3f, 0xfe,
    0x71, 0x0, 0x0, 0x8f, 0x80, 0x0, 0x6, 0xd4,
    0x9f, 0xcb, 0xbb, 0xbd, 0xf6, 0x9f, 0xff, 0xff,
    0xff, 0xc1,

    /* U+0033 "3" */
    0x1c, 0xff, 0xff, 0xfe, 0x70, 0x7f, 0xcb, 0xbb,
    0xbf, 0xf1, 0x6f, 0x50, 0x0, 0xb, 0xf2, 0x0,
    0x0, 0x0, 0xc, 0xf1, 0x0, 0x2, 0xff, 0xff,
    0x60, 0x0, 0x1, 0x88, 0x8d, 0xe1, 0x0, 0x0,
    0x0, 0x7, 0xf5, 0x8f, 0x40, 0x0, 0x8, 0xf5,
    0x9f, 0xcb, 0xbb, 0xbf, 0xf4, 0x2d, 0xff, 0xff,
    0xff, 0x90,

    /* U+0034 "4" */
    0x0, 0x0, 0x0, 0xaf, 0xa0, 0x0, 0x0, 0x0,
    0xbf, 0xfa, 0x0, 0x0, 0x1, 0xcf, 0xaf, 0xa0,
    0x0, 0x2, 0xdf, 0x53, 0xfa, 0x0, 0x3, 0xef,
    0x40, 0x3f, 0xa0, 0x4, 0xfe, 0x30, 0x3, 0xfa,
    0x0, 0xdf, 0xff, 0xff, 0xff, 0xff, 0x89, 0xbb,
    0xbb, 0xbc, 0xfe, 0xb5, 0x0, 0x0, 0x0, 0x3f,
    0xa0, 0x0, 0x0, 0x0, 0x3, 0xfa, 0x0,

    /* U+0035 "5" */
    0xb, 0xff, 0xff, 0xff, 0x80, 0xc, 0xeb, 0xbb,
    0xbb, 0x40, 0xd, 0xa0, 0x0, 0x0, 0x0, 0xe,
    0x90, 0x0, 0x0, 0x0, 0xf, 0xee, 0xff, 0xfc,
    0x70, 0x1e, 0xca, 0xaa, 0xbf, 0xf8, 0x0, 0x0,
    0x0, 0x1, 0xfd, 0x0, 0x0, 0x0, 0x1, 0xfd,
    0xd, 0xca, 0xaa, 0xae, 0xf8, 0x8, 0xdf, 0xff,
    0xfc, 0x70,

    /* U+0036 "6" */
    0x0, 0x29, 0xdf, 0xf2, 0x0, 0x4, 0xff, 0xc9,
    0x86, 0x0, 0x1e, 0xe3, 0x0, 0x0, 0x0, 0x7f,
    0x60, 0x0, 0x0, 0x0, 0xbf, 0xde, 0xff, 0xfc,
    0x40, 0xef, 0xcb, 0xaa, 0xcf, 0xf0, 0xfe, 0x0,
    0x0, 0xb, 0xf3, 0xef, 0x0, 0x0, 0xb, 0xf3,
    0xbf, 0xeb, 0xbc, 0xdf, 0xf1, 0x2b, 0xef, 0xff,
    0xfd, 0x60,

    /* U+0037 "7" */
    0x9f, 0xff, 0xff, 0xff, 0xf8, 0x9f, 0xcb, 0xbb,
    0xbe, 0xf7, 0x9f, 0x30, 0x0, 0x1f, 0xf1, 0x39,
    0x20, 0x0, 0x8f, 0x80, 0x0, 0x0, 0x1, 0xff,
    0x10, 0x0, 0x0, 0x8, 0xf8, 0x0, 0x0, 0x0,
    0x1f, 0xf1, 0x0, 0x0, 0x0, 0x8f, 0x80, 0x0,
    0x0, 0x1, 0xff, 0x10, 0x0, 0x0, 0x9, 0xf9,
    0x0, 0x0,

    /* U+0038 "8" */
    0x1c, 0xff, 0xff, 0xff, 0xd3, 0x7f, 0xeb, 0xbb,
    0xbd, 0xfb, 0x8f, 0x50, 0x0, 0x1, 0xfc, 0x8f,
    0x50, 0x0, 0x1, 0xfc, 0x2e, 0xeb, 0xbb, 0xbd,
    0xf5, 0x3c, 0xff, 0xff, 0xff, 0xe6, 0xbf, 0x30,
    0x0, 0x0, 0xef, 0xbf, 0x20, 0x0, 0x0, 0xdf,
    0xaf, 0xdb, 0xbb, 0xbb, 0xff, 0x3d, 0xff, 0xff,
    0xff, 0xe6,

    /* U+0039 "9" */
    0x1a, 0xef, 0xff, 0xea, 0x20, 0xaf, 0xda, 0xaa,
    0xdf, 0xe0, 0xdf, 0x0, 0x0, 0xc, 0xf3, 0xdf,
    0x10, 0x0, 0x9, 0xf4, 0xaf, 0xeb, 0xbc, 0xdf,
    0xf4, 0x1a, 0xef, 0xff, 0xde, 0xf3, 0x0, 0x0,
    0x0, 0xe, 0xf0, 0x0, 0x0, 0x0, 0x9f, 0x90,
    0x3, 0x89, 0xae, 0xfd, 0x10, 0x0, 0xcf, 0xfc,
    0x70, 0x0,

    /* U+003A ":" */
    0xbf, 0x6b, 0xf7, 0x12, 0x0, 0x0, 0x13, 0xb,
    0xf7, 0xbf, 0x60,

    /* U+003B ";" */
    0xbf, 0x6b, 0xf7, 0x12, 0x0, 0x0, 0x1, 0xb,
    0xf7, 0xbf, 0x70, 0xd1, 0x66, 0x0, 0x0,

    /* U+003C "<" */
    0x0, 0x0, 0x0, 0x0, 0x0, 0x0, 0x0, 0x0,
    0x16, 0xd2, 0x0, 0x0, 0x39, 0xff, 0xb1, 0x0,
    0x6c, 0xfe, 0x81, 0x0, 0x1f, 0xfb, 0x50, 0x0,
    0x0, 0x1d, 0xfd, 0x71, 0x0, 0x0, 0x0, 0x4b,
    0xff, 0xa3, 0x0, 0x0, 0x0, 0x18, 0xef, 0xd1,
    0x0, 0x0, 0x0, 0x5, 0xb2,

    /* U+003D "=" */
    0x2, 0x22, 0x22, 0x22, 0x20, 0x1f, 0xff, 0xff,
    0xff, 0xf2, 0x5, 0x55, 0x55, 0x55, 0x50, 0x2,
    0x22, 0x22, 0x22, 0x20, 0x1f, 0xff, 0xff, 0xff,
    0xf2, 0x5, 0x55, 0x55, 0x55, 0x50,

    /* U+003E ">" */
    0x0, 0x0, 0x0, 0x0, 0x0, 0x1d, 0x71, 0x0,
    0x0, 0x0, 0xa, 0xff, 0xa3, 0x0, 0x0, 0x0,
    0x18, 0xef, 0xd6, 0x0, 0x0, 0x0, 0x5, 0xbf,
    0xf1, 0x0, 0x0, 0x6, 0xcf, 0xe1, 0x0, 0x29,
    0xff, 0xb5, 0x0, 0xc, 0xfe, 0x82, 0x0, 0x0,
    0x1c, 0x50, 0x0, 0x0, 0x0,

    /* U+003F "?" */
    0xb, 0xff, 0xff, 0xe4, 0x4f, 0xb9, 0x99, 0xeb,
    0x3d, 0x40, 0x0, 0xcc, 0x0, 0x0, 0x1, 0xec,
    0x0, 0x4, 0xdf, 0xf7, 0x0, 0xb, 0xf6, 0x20,
    0x0, 0x8, 0x90, 0x0, 0x0, 0x2, 0x20, 0x0,
    0x0, 0xf, 0xf2, 0x0, 0x0, 0xf, 0xf1, 0x0,

    /* U+0040 "@" */
    0x4d, 0xff, 0xff, 0xff, 0xfe, 0x70, 0xcb, 0x32,
    0x22, 0x22, 0x28, 0xf0, 0xd8, 0x0, 0x0, 0x0,
    0x4, 0xf0, 0xd8, 0x1f, 0xff, 0xdf, 0x64, 0xf0,
    0xd8, 0x4f, 0x73, 0x5f, 0x64, 0xf0, 0xd8, 0x4f,
    0x50, 0x2f, 0x64, 0xf0, 0xd8, 0x4f, 0x50, 0x2f,
    0x75, 0xf0, 0xd8, 0x2f, 0xff, 0xbd, 0xff, 0xa0,
    0xca, 0x1, 0x22, 0x0, 0x22, 0x0, 0x6f, 0xff,
    0xff, 0xff, 0xfc, 0x0, 0x1, 0x23, 0x33, 0x33,
    0x32, 0x0,

    /* U+0041 "A" */
    0x0, 0x0, 0x3f, 0xb0, 0x0, 0x0, 0x0, 0x0,
    0xbf, 0xf4, 0x0, 0x0, 0x0, 0x3, 0xff, 0xfc,
    0x0, 0x0, 0x0, 0xb, 0xf5, 0xdf, 0x40, 0x0,
    0x0, 0x3f, 0xc0, 0x6f, 0xc0, 0x0, 0x0, 0xbf,
    0x50, 0xd, 0xf4, 0x0, 0x3, 0xff, 0xff, 0xff,
    0xfc, 0x0, 0xb, 0xfb, 0xaa, 0xaa, 0xef, 0x40,
    0x4f, 0xc0, 0x0, 0x0, 0x5f, 0xc0, 0xcf, 0x40,
    0x0, 0x0, 0xd, 0xf5,

    /* U+0042 "B" */
    0x9f, 0xff, 0xff, 0xff, 0x90, 0x9f, 0xcb, 0xbb,
    0xbf, 0xf3, 0x9f, 0x40, 0x0, 0x9, 0xf4, 0x9f,
    0x40, 0x0, 0x9, 0xf4, 0x9f, 0xba, 0xaa, 0xae,
    0xc0, 0x9f, 0xff, 0xff, 0xff, 0xa0, 0x9f, 0x40,
    0x0, 0x8, 0xf5, 0x9f, 0x40, 0x0, 0x7, 0xf6,
    0x9f, 0xcb, 0xbb, 0xbe, 0xf5, 0x9f, 0xff, 0xff,
    0xff, 0xb0,

    /* U+0043 "C" */
    0x4d, 0xff, 0xff, 0xff, 0xa0, 0xcf, 0xbb, 0xbb,
    0xbd, 0xf4, 0xdf, 0x0, 0x0, 0x8, 0xf5, 0xdf,
    0x0, 0x0, 0x4, 0x61, 0xdf, 0x0, 0x0, 0x0,
    0x0, 0xdf, 0x0, 0x0, 0x0, 0x0, 0xdf, 0x0,
    0x0, 0x5, 0x92, 0xdf, 0x0, 0x0, 0x7, 0xf6,
    0xcf, 0xbb, 0xbb, 0xbd, 0xf5, 0x4d, 0xff, 0xff,
    0xff, 0xb0,

    /* U+0044 "D" */
    0x9f, 0xff, 0xff, 0xfc, 0x50, 0x9, 0xfc, 0xbb,
    0xbc, 0xff, 0x80, 0x9f, 0x40, 0x0, 0x1, 0xef,
    0x39, 0xf4, 0x0, 0x0, 0x6, 0xf8, 0x9f, 0x40,
    0x0, 0x0, 0x4f, 0xa9, 0xf4, 0x0, 0x0, 0x4,
    0xfa, 0x9f, 0x40, 0x0, 0x0, 0x7f, 0x89, 0xf4,
    0x0, 0x0, 0x1e, 0xf3, 0x9f, 0xcb, 0xbb, 0xbf,
    0xf9, 0x9, 0xff, 0xff, 0xff, 0xc6, 0x0,

    /* U+0045 "E" */
    0x9f, 0xff, 0xff, 0xff, 0xf1, 0x9f, 0xcb, 0xbb,
    0xbb, 0xb0, 0x9f, 0x40, 0x0, 0x0, 0x0, 0x9f,
    0x40, 0x0, 0x0, 0x0, 0x9f, 0xcb, 0xbb, 0x30,
    0x0, 0x9f, 0xff, 0xff, 0x50, 0x0, 0x9f, 0x40,
    0x0, 0x0, 0x0, 0x9f, 0x40, 0x0, 0x0, 0x0,
    0x9f, 0xcb, 0xbb, 0xbb, 0xb2, 0x9f, 0xff, 0xff,
    0xff, 0xf3,

    /* U+0046 "F" */
    0x9f, 0xff, 0xff, 0xff, 0xc9, 0xfc, 0xbb, 0xbb,
    0xb8, 0x9f, 0x40, 0x0, 0x0, 0x9, 0xf4, 0x0,
    0x0, 0x0, 0x9f, 0xcb, 0xba, 0x0, 0x9, 0xff,
    0xff, 0xe0, 0x0, 0x9f, 0x40, 0x0, 0x0, 0x9,
    0xf4, 0x0, 0x0, 0x0, 0x9f, 0x40, 0x0, 0x0,
    0x9, 0xf4, 0x0, 0x0, 0x0,

    /* U+0047 "G" */
    0x4d, 0xff, 0xff, 0xff, 0xe5, 0xcf, 0xbb, 0xbb,
    0xbb, 0xfe, 0xdf, 0x0, 0x0, 0x0, 0xdb, 0xdf,
    0x0, 0x0, 0x0, 0x0, 0xdf, 0x0, 0xa, 0xbb,
    0xba, 0xdf, 0x0, 0xf, 0xff, 0xff, 0xdf, 0x0,
    0x0, 0x0, 0xef, 0xdf, 0x0, 0x0, 0x0, 0xef,
    0xcf, 0xbb, 0xbb, 0xbb, 0xfe, 0x4d, 0xff, 0xff,
    0xff, 0xe6,

    /* U+0048 "H" */
    0x9f, 0x40, 0x0, 0x0, 0x8f, 0x59, 0xf4, 0x0,
    0x0, 0x8, 0xf5, 0x9f, 0x40, 0x0, 0x0, 0x8f,
    0x59, 0xf4, 0x0, 0x0, 0x8, 0xf5, 0x9f, 0xff,
    0xff, 0xff, 0xff, 0x59, 0xfc, 0xbb, 0xbb, 0xbd,
    0xf5, 0x9f, 0x40, 0x0, 0x0, 0x8f, 0x59, 0xf4,
    0x0, 0x0, 0x8, 0xf5, 0x9f, 0x40, 0x0, 0x0,
    0x8f, 0x59, 0xf4, 0x0, 0x0, 0x8, 0xf5,

    /* U+0049 "I" */
    0x9f, 0x49, 0xf4, 0x9f, 0x49, 0xf4, 0x9f, 0x49,
    0xf4, 0x9f, 0x49, 0xf4, 0x9f, 0x49, 0xf4,

    /* U+004A "J" */
    0x0, 0x0, 0x0, 0xa, 0xf3, 0x0, 0x0, 0x0,
    0xa, 0xf3, 0x0, 0x0, 0x0, 0xa, 0xf3, 0x0,
    0x0, 0x0, 0xa, 0xf3, 0x0, 0x0, 0x0, 0xa,
    0xf3, 0x16, 0x50, 0x0, 0xa, 0xf3, 0x4f, 0x90,
    0x0, 0xa, 0xf3, 0x4f, 0x90, 0x0, 0xa, 0xf3,
    0x3f, 0xdb, 0xbb, 0xbe, 0xf2, 0xa, 0xff, 0xff,
    0xff, 0x90,

    /* U+004B "K" */
    0x9f, 0x40, 0x0, 0x7f, 0xe2, 0x9, 0xf4, 0x0,
    0x9f, 0xc1, 0x0, 0x9f, 0x40, 0xbf, 0xa0, 0x0,
    0x9, 0xf5, 0xcf, 0x80, 0x0, 0x0, 0x9f, 0xff,
    0x90, 0x0, 0x0, 0x9, 0xfd, 0xff, 0x60, 0x0,
    0x0, 0x9f, 0x48, 0xff, 0x80, 0x0, 0x9, 0xf4,
    0x5, 0xff, 0xb0, 0x0, 0x9f, 0x40, 0x3, 0xef,
    0xc1, 0x9, 0xf4, 0x0, 0x1, 0xcf, 0xe2,

    /* U+004C "L" */
    0x9f, 0x40, 0x0, 0x0, 0x9, 0xf4, 0x0, 0x0,
    0x0, 0x9f, 0x40, 0x0, 0x0, 0x9, 0xf4, 0x0,
    0x0, 0x0, 0x9f, 0x40, 0x0, 0x0, 0x9, 0xf4,
    0x0, 0x0, 0x0, 0x9f, 0x40, 0x0, 0x0, 0x9,
    0xf4, 0x0, 0x0, 0x0, 0x9f, 0xcb, 0xbb, 0xbb,
    0x69, 0xff, 0xff, 0xff, 0xf9,

    /* U+004D "M" */
    0x9f, 0x60, 0x0, 0x0, 0x7, 0xf8, 0x9f, 0xf1,
    0x0, 0x0, 0x2f, 0xf8, 0x9f, 0xfb, 0x0, 0x0,
    0xcf, 0xf8, 0x9f, 0xdf, 0x60, 0x7, 0xfc, 0xf8,
    0x9f, 0x3f, 0xf2, 0x2f, 0xc5, 0xf8, 0x9f, 0x7,
    0xfc, 0xcf, 0x25, 0xf8, 0x9f, 0x0, 0xcf, 0xf7,
    0x5, 0xf8, 0x9f, 0x0, 0x2f, 0xc0, 0x5, 0xf8,
    0x9f, 0x0, 0x6, 0x20, 0x5, 0xf8, 0x9f, 0x0,
    0x0, 0x0, 0x5, 0xf8,

    /* U+004E "N" */
    0x9f, 0x50, 0x0, 0x0, 0x4f, 0x69, 0xff, 0x40,
    0x0, 0x4, 0xf6, 0x9f, 0xff, 0x40, 0x0, 0x4f,
    0x69, 0xf8, 0xff, 0x40, 0x4, 0xf6, 0x9f, 0x16,
    0xff, 0x40, 0x4f, 0x69, 0xf1, 0x7, 0xff, 0x44,
    0xf6, 0x9f, 0x10, 0x7, 0xff, 0x8f, 0x69, 0xf1,
    0x0, 0x7, 0xff, 0xf6, 0x9f, 0x10, 0x0, 0x7,
    0xff, 0x69, 0xf1, 0x0, 0x0, 0x8, 0xf6,

    /* U+004F "O" */
    0x4d, 0xff, 0xff, 0xff, 0xfb, 0xc, 0xfb, 0xbb,
    0xbb, 0xbd, 0xf5, 0xdf, 0x0, 0x0, 0x0, 0x8f,
    0x5d, 0xf0, 0x0, 0x0, 0x8, 0xf5, 0xdf, 0x0,
    0x0, 0x0, 0x8f, 0x5d, 0xf0, 0x0, 0x0, 0x8,
    0xf5, 0xdf, 0x0, 0x0, 0x0, 0x8f, 0x5d, 0xf0,
    0x0, 0x0, 0x8, 0xf5, 0xcf, 0xbb, 0xbb, 0xbb,
    0xdf, 0x44, 0xdf, 0xff, 0xff, 0xff, 0xb0,

    /* U+0050 "P" */
    0x9f, 0xff, 0xff, 0xff, 0xb1, 0x9f, 0xcb, 0xbb,
    0xbe, 0xf5, 0x9f, 0x40, 0x0, 0x7, 0xf6, 0x9f,
    0x40, 0x0, 0x7, 0xf6, 0x9f, 0xcb, 0xbb, 0xbe,
    0xf5, 0x9f, 0xff, 0xff, 0xff, 0xa0, 0x9f, 0x40,
    0x0, 0x0, 0x0, 0x9f, 0x40, 0x0, 0x0, 0x0,
    0x9f, 0x40, 0x0, 0x0, 0x0, 0x9f, 0x40, 0x0,
    0x0, 0x0,

    /* U+0051 "Q" */
    0x4d, 0xff, 0xff, 0xff, 0xfb, 0xc, 0xfb, 0xbb,
    0xbb, 0xbd, 0xf5, 0xdf, 0x0, 0x0, 0x0, 0x8f,
    0x5d, 0xf0, 0x0, 0x0, 0x8, 0xf5, 0xdf, 0x0,
    0x0, 0x0, 0x8f, 0x5d, 0xf0, 0x0, 0x0, 0x8,
    0xf5, 0xdf, 0x0, 0x1b, 0x20, 0x8f, 0x5d, 0xf0,
    0x0, 0xf9, 0x8, 0xf5, 0xcf, 0xbb, 0xbe, 0xfb,
    0xdf, 0x44, 0xdf, 0xff, 0xff, 0xff, 0xb0, 0x0,
    0x0, 0x0, 0xde, 0x0, 0x0, 0x0, 0x0, 0x7,
    0xf6, 0x0,

    /* U+0052 "R" */
    0x9f, 0xff, 0xff, 0xff, 0xb1, 0x9, 0xfc, 0xbb,
    0xbb, 0xef, 0x50, 0x9f, 0x40, 0x0, 0x7, 0xf6,
    0x9, 0xf4, 0x0, 0x0, 0x7f, 0x60, 0x9f, 0xcb,
    0xbb, 0xbe, 0xf5, 0x9, 0xff, 0xff, 0xff, 0xfb,
    0x0, 0x9f, 0x40, 0x9f, 0xc1, 0x0, 0x9, 0xf4,
    0x0, 0xaf, 0xc0, 0x0, 0x9f, 0x40, 0x0, 0xaf,
    0xc0, 0x9, 0xf4, 0x0, 0x0, 0xaf, 0xc0,

    /* U+0053 "S" */
    0x6, 0xef, 0xff, 0xff, 0xf8, 0x0, 0xef, 0xbb,
    0xbb, 0xbe, 0xf0, 0xf, 0xd0, 0x0, 0x0, 0x9b,
    0x0, 0xfd, 0x0, 0x0, 0x0, 0x0, 0xd, 0xff,
    0xff, 0xff, 0xf9, 0x0, 0x29, 0xbb, 0xbb, 0xbd,
    0xf2, 0x0, 0x0, 0x0, 0x0, 0x8f, 0x31, 0xd9,
    0x0, 0x0, 0x8, 0xf3, 0x1f, 0xeb, 0xbb, 0xbb,
    0xdf, 0x20, 0x8f, 0xff, 0xff, 0xff, 0x90,

    /* U+0054 "T" */
    0xdf, 0xff, 0xff, 0xff, 0xfc, 0x9b, 0xbb, 0xff,
    0xbb, 0xb8, 0x0, 0x0, 0xfe, 0x0, 0x0, 0x0,
    0x0, 0xfe, 0x0, 0x0, 0x0, 0x0, 0xfe, 0x0,
    0x0, 0x0, 0x0, 0xfe, 0x0, 0x0, 0x0, 0x0,
    0xfe, 0x0, 0x0, 0x0, 0x0, 0xfe, 0x0, 0x0,
    0x0, 0x0, 0xfe, 0x0, 0x0, 0x0, 0x0, 0xfe,
    0x0, 0x0,

    /* U+0055 "U" */
    0xbf, 0x20, 0x0, 0x4, 0xf9, 0xbf, 0x20, 0x0,
    0x4, 0xf9, 0xbf, 0x20, 0x0, 0x4, 0xf9, 0xbf,
    0x20, 0x0, 0x4, 0xf9, 0xbf, 0x20, 0x0, 0x4,
    0xf9, 0xbf, 0x20, 0x0, 0x4, 0xf9, 0xbf, 0x20,
    0x0, 0x4, 0xf9, 0xbf, 0x20, 0x0, 0x4, 0xf9,
    0xaf, 0xcc, 0xcc, 0xcd, 0xf8, 0x3d, 0xff, 0xff,
    0xff, 0xc2,

    /* U+0056 "V" */
    0xcf, 0x70, 0x0, 0x0, 0x3f, 0xd0, 0x4f, 0xe0,
    0x0, 0x0, 0xaf, 0x50, 0xc, 0xf6, 0x0, 0x2,
    0xfd, 0x0, 0x4, 0xfd, 0x0, 0x9, 0xf6, 0x0,
    0x0, 0xcf, 0x50, 0x1f, 0xe0, 0x0, 0x0, 0x4f,
    0xc0, 0x8f, 0x70, 0x0, 0x0, 0xc, 0xf4, 0xee,
    0x0, 0x0, 0x0, 0x5, 0xff, 0xf8, 0x0, 0x0,
    0x0, 0x0, 0xdf, 0xf1, 0x0, 0x0, 0x0, 0x0,
    0x5f, 0x80, 0x0, 0x0,

    /* U+0057 "W" */
    0xdf, 0x40, 0x0, 0xee, 0x0, 0x1, 0xfa, 0x8f,
    0x90, 0x3, 0xff, 0x30, 0x7, 0xf4, 0x2f, 0xe0,
    0x8, 0xff, 0x90, 0xc, 0xf0, 0xd, 0xf3, 0xd,
    0xef, 0xe0, 0x1f, 0xa0, 0x8, 0xf8, 0x3f, 0x8d,
    0xf3, 0x6f, 0x40, 0x2, 0xfd, 0x8f, 0x37, 0xf8,
    0xcf, 0x0, 0x0, 0xdf, 0xed, 0x2, 0xfe, 0xfa,
    0x0, 0x0, 0x8f, 0xf8, 0x0, 0xcf, 0xf4, 0x0,
    0x0, 0x3f, 0xf3, 0x0, 0x7f, 0xe0, 0x0, 0x0,
    0xd, 0xd0, 0x0, 0x1f, 0x90, 0x0,

    /* U+0058 "X" */
    0x9f, 0xd0, 0x0, 0x8, 0xf8, 0x0, 0xcf, 0xa0,
    0x4, 0xfc, 0x0, 0x1, 0xef, 0x62, 0xee, 0x10,
    0x0, 0x3, 0xff, 0xdf, 0x40, 0x0, 0x0, 0x6,
    0xff, 0x90, 0x0, 0x0, 0x0, 0x7f, 0xfe, 0x10,
    0x0, 0x0, 0x3f, 0xca, 0xfb, 0x0, 0x0, 0x1e,
    0xf2, 0xd, 0xf8, 0x0, 0xc, 0xf4, 0x0, 0x2f,
    0xf5, 0x8, 0xf8, 0x0, 0x0, 0x5f, 0xf2,

    /* U+0059 "Y" */
    0x9f, 0xe1, 0x0, 0x0, 0xbf, 0x90, 0xbf, 0xc0,
    0x0, 0x7f, 0xc0, 0x1, 0xdf, 0x90, 0x4f, 0xe1,
    0x0, 0x2, 0xff, 0x7e, 0xf3, 0x0, 0x0, 0x4,
    0xff, 0xf6, 0x0, 0x0, 0x0, 0x8, 0xfa, 0x0,
    0x0, 0x0, 0x0, 0x5f, 0x80, 0x0, 0x0, 0x0,
    0x5, 0xf8, 0x0, 0x0, 0x0, 0x0, 0x5f, 0x80,
    0x0, 0x0, 0x0, 0x5, 0xf8, 0x0, 0x0,

    /* U+005A "Z" */
    0xe, 0xff, 0xff, 0xff, 0xf6, 0x9, 0xaa, 0xaa,
    0xdf, 0xd0, 0x0, 0x0, 0x3, 0xfe, 0x20, 0x0,
    0x0, 0x1e, 0xf4, 0x0, 0x0, 0x0, 0xcf, 0x70,
    0x0, 0x0, 0x9, 0xfa, 0x0, 0x0, 0x0, 0x6f,
    0xd0, 0x0, 0x0, 0x3, 0xfe, 0x20, 0x0, 0x0,
    0x1e, 0xfd, 0xaa, 0xaa, 0xa4, 0x8f, 0xff, 0xff,
    0xff, 0xf6,

    /* U+005B "[" */
    0x9f, 0xff, 0x29, 0xfa, 0x91, 0x9f, 0x20, 0x9,
    0xf2, 0x0, 0x9f, 0x20, 0x9, 0xf2, 0x0, 0x9f,
    0x20, 0x9, 0xf2, 0x0, 0x9f, 0x20, 0x9, 0xf2,
    0x0, 0x9f, 0xa9, 0x19, 0xff, 0xf2,

    /* U+005C "\\" */
    0x3f, 0x60, 0x0, 0x0, 0xdc, 0x0, 0x0, 0x7,
    0xf2, 0x0, 0x0, 0x1f, 0x80, 0x0, 0x0, 0xbe,
    0x0, 0x0, 0x5, 0xf4, 0x0, 0x0, 0xe, 0xa0,
    0x0, 0x0, 0x9f, 0x0, 0x0, 0x3, 0xf6, 0x0,
    0x0, 0xd, 0xc0, 0x0, 0x0, 0x47, 0x0,

    /* U+005D "]" */
    0x9f, 0xff, 0x25, 0x9d, 0xf2, 0x0, 0x9f, 0x20,
    0x9, 0xf2, 0x0, 0x9f, 0x20, 0x9, 0xf2, 0x0,
    0x9f, 0x20, 0x9, 0xf2, 0x0, 0x9f, 0x20, 0x9,
    0xf2, 0x59, 0xdf, 0x29, 0xff, 0xf2,

    /* U+005E "^" */
    0x0, 0x8f, 0x50, 0x0, 0x3f, 0x7e, 0x10, 0xd,
    0x80, 0xbb, 0x9, 0xd0, 0x2, 0xf6,

    /* U+005F "_" */
    0xff, 0xff, 0xb2, 0x22, 0x21,

    /* U+0060 "`" */
    0x38, 0x20, 0x0, 0xae, 0x10, 0x0, 0xbd, 0x0,

    /* U+0061 "a" */
    0x9f, 0xff, 0xff, 0xd1, 0xbd, 0x66, 0x6a, 0xf4,
    0x1, 0x11, 0x18, 0xf4, 0xbf, 0xff, 0xff, 0xf4,
    0xfd, 0x44, 0x4a, 0xf4, 0xfd, 0x66, 0x6a, 0xf4,
    0xaf, 0xff, 0xda, 0xf4,

    /* U+0062 "b" */
    0xbf, 0x0, 0x0, 0x0, 0xbf, 0x0, 0x0, 0x0,
    0xbf, 0x0, 0x0, 0x0, 0xbf, 0xbf, 0xff, 0xf6,
    0xbf, 0x88, 0x88, 0xfc, 0xbf, 0x0, 0x0, 0xfc,
    0xbf, 0x0, 0x0, 0xfc, 0xbf, 0x0, 0x0, 0xfc,
    0xbf, 0x99, 0x99, 0xfc, 0xbf, 0xbf, 0xff, 0xf6,

    /* U+0063 "c" */
    0x9f, 0xff, 0xff, 0xe4, 0xee, 0x88, 0x8a, 0xf8,
    0xfc, 0x0, 0x1, 0x51, 0xfc, 0x0, 0x0, 0x0,
    0xfc, 0x0, 0x1, 0x62, 0xee, 0x88, 0x89, 0xf9,
    0x9f, 0xff, 0xff, 0xe4,

    /* U+0064 "d" */
    0x0, 0x0, 0x1, 0xfa, 0x0, 0x0, 0x1, 0xfa,
    0x0, 0x0, 0x1, 0xfa, 0x9f, 0xff, 0xfb, 0xfa,
    0xee, 0x88, 0x89, 0xfa, 0xfc, 0x0, 0x1, 0xfa,
    0xfc, 0x0, 0x1, 0xfa, 0xfc, 0x0, 0x1, 0xfa,
    0xee, 0x77, 0x78, 0xfa, 0x9f, 0xff, 0xfc, 0xfa,

    /* U+0065 "e" */
    0x7f, 0xff, 0xff, 0xd3, 0xee, 0x66, 0x68, 0xf8,
    0xfd, 0x11, 0x14, 0xf9, 0xff, 0xff, 0xff, 0xf9,
    0xfd, 0x44, 0x45, 0x42, 0xee, 0x66, 0x68, 0xf7,
    0x7e, 0xff, 0xff, 0xd2,

    /* U+0066 "f" */
    0x3, 0xef, 0xfa, 0x9, 0xf8, 0x63, 0x9, 0xf2,
    0x0, 0x6f, 0xff, 0xf7, 0x2c, 0xf8, 0x63, 0x9,
    0xf2, 0x0, 0x9, 0xf2, 0x0, 0x9, 0xf2, 0x0,
    0x9, 0xf2, 0x0, 0x9, 0xf2, 0x0,

    /* U+0067 "g" */
    0x9f, 0xff, 0xfb, 0xfa, 0xee, 0x88, 0x89, 0xfa,
    0xfc, 0x0, 0x1, 0xfa, 0xfc, 0x0, 0x1, 0xfa,
    0xfc, 0x0, 0x1, 0xfa, 0xee, 0x88, 0x89, 0xfa,
    0x9f, 0xff, 0xfb, 0xfa, 0x0, 0x0, 0x1, 0xfa,
    0x68, 0x88, 0x89, 0xf9, 0x9f, 0xff, 0xff, 0xe4,

    /* U+0068 "h" */
    0xbf, 0x0, 0x0, 0x0, 0xbf, 0x0, 0x0, 0x0,
    0xbf, 0x0, 0x0, 0x0, 0xbf, 0xbf, 0xff, 0xc2,
    0xbf, 0x88, 0x8a, 0xf7, 0xbf, 0x0, 0x4, 0xf7,
    0xbf, 0x0, 0x4, 0xf7, 0xbf, 0x0, 0x4, 0xf7,
    0xbf, 0x0, 0x4, 0xf7, 0xbf, 0x0, 0x4, 0xf7,

    /* U+0069 "i" */
    0xbf, 0x19, 0xc1, 0x0, 0xb, 0xf0, 0xbf, 0xb,
    0xf0, 0xbf, 0xb, 0xf0, 0xbf, 0xb, 0xf0,

    /* U+006A "j" */
    0x0, 0xc, 0xf0, 0x0, 0x9, 0xc0, 0x0, 0x0,
    0x0, 0x0, 0xb, 0xf0, 0x0, 0xb, 0xf0, 0x0,
    0xb, 0xf0, 0x0, 0xb, 0xf0, 0x0, 0xb, 0xf0,
    0x0, 0xb, 0xf0, 0x0, 0xb, 0xf0, 0x0, 0xb,
    0xf0, 0x78, 0x8d, 0xf0, 0xbf, 0xff, 0xb0,

    /* U+006B "k" */
    0xbf, 0x0, 0x0, 0x0, 0xb, 0xf0, 0x0, 0x0,
    0x0, 0xbf, 0x0, 0x0, 0x0, 0xb, 0xf0, 0x2,
    0xee, 0x30, 0xbf, 0x3, 0xfd, 0x20, 0xb, 0xf5,
    0xfc, 0x10, 0x0, 0xbf, 0xef, 0x80, 0x0, 0xb,
    0xf2, 0xdf, 0xa0, 0x0, 0xbf, 0x1, 0xbf, 0xc1,
    0xb, 0xf0, 0x0, 0x9f, 0xd2,

    /* U+006C "l" */
    0xbf, 0xbf, 0xbf, 0xbf, 0xbf, 0xbf, 0xbf, 0xbf,
    0xbf, 0xbf,

    /* U+006D "m" */
    0xbf, 0xbf, 0xfe, 0x7c, 0xff, 0xe4, 0xbf, 0x77,
    0x7f, 0xe7, 0x78, 0xfb, 0xbf, 0x0, 0xe, 0xd0,
    0x0, 0xfb, 0xbf, 0x0, 0xe, 0xd0, 0x0, 0xfb,
    0xbf, 0x0, 0xe, 0xd0, 0x0, 0xfb, 0xbf, 0x0,
    0xe, 0xd0, 0x0, 0xfb, 0xbf, 0x0, 0xe, 0xd0,
    0x0, 0xfb,

    /* U+006E "n" */
    0xbf, 0xbf, 0xff, 0xc2, 0xbf, 0x77, 0x79, 0xf7,
    0xbf, 0x0, 0x4, 0xf7, 0xbf, 0x0, 0x4, 0xf7,
    0xbf, 0x0, 0x4, 0xf7, 0xbf, 0x0, 0x4, 0xf7,
    0xbf, 0x0, 0x4, 0xf7,

    /* U+006F "o" */
    0x9f, 0xff, 0xff, 0xf6, 0xee, 0x88, 0x89, 0xfb,
    0xfc, 0x0, 0x0, 0xfb, 0xfc, 0x0, 0x0, 0xfb,
    0xfc, 0x0, 0x0, 0xfb, 0xee, 0x88, 0x89, 0xfb,
    0x9f, 0xff, 0xff, 0xf6,

    /* U+0070 "p" */
    0xbf, 0xcf, 0xff, 0xf7, 0xbf, 0x77, 0x77, 0xfd,
    0xbf, 0x0, 0x0, 0xed, 0xbf, 0x0, 0x0, 0xed,
    0xbf, 0x0, 0x0, 0xed, 0xbf, 0x88, 0x88, 0xfd,
    0xbf, 0xbf, 0xff, 0xf7, 0xbf, 0x0, 0x0, 0x0,
    0xbf, 0x0, 0x0, 0x0, 0xbf, 0x0, 0x0, 0x0,

    /* U+0071 "q" */
    0x9f, 0xff, 0xfb, 0xfa, 0xee, 0x88, 0x89, 0xfa,
    0xfc, 0x0, 0x1, 0xfa, 0xfc, 0x0, 0x1, 0xfa,
    0xfc, 0x0, 0x1, 0xfa, 0xee, 0x88, 0x89, 0xfa,
    0x9f, 0xff, 0xfb, 0xfa, 0x0, 0x0, 0x1, 0xfa,
    0x0, 0x0, 0x1, 0xfa, 0x0, 0x0, 0x1, 0xfa,

    /* U+0072 "r" */
    0xbf, 0xbf, 0xfd, 0x3b, 0xf7, 0x79, 0xf8, 0xbf,
    0x0, 0x14, 0x1b, 0xf0, 0x0, 0x0, 0xbf, 0x0,
    0x0, 0xb, 0xf0, 0x0, 0x0, 0xbf, 0x0, 0x0,
    0x0,

    /* U+0073 "s" */
    0x8f, 0xff, 0xff, 0x8d, 0xd6, 0x66, 0xcb, 0xdb,
    0x22, 0x21, 0xb, 0xff, 0xff, 0xfc, 0x4, 0x55,
    0x5b, 0xfd, 0xb6, 0x66, 0xcf, 0xaf, 0xff, 0xff,
    0xa0,

    /* U+0074 "t" */
    0x2, 0x83, 0x0, 0x4, 0xf7, 0x0, 0x8f, 0xff,
    0xf9, 0x39, 0xfa, 0x63, 0x4, 0xf7, 0x0, 0x4,
    0xf7, 0x0, 0x4, 0xf7, 0x0, 0x4, 0xfa, 0x62,
    0x1, 0xdf, 0xf4,

    /* U+0075 "u" */
    0xde, 0x0, 0x5, 0xf6, 0xde, 0x0, 0x5, 0xf6,
    0xde, 0x0, 0x5, 0xf6, 0xde, 0x0, 0x5, 0xf6,
    0xde, 0x0, 0x5, 0xf6, 0xdf, 0x88, 0x8b, 0xf6,
    0x8f, 0xff, 0xff, 0xe2,

    /* U+0076 "v" */
    0xbf, 0x30, 0x0, 0xce, 0x3, 0xfb, 0x0, 0x3f,
    0x70, 0xb, 0xf3, 0xb, 0xe0, 0x0, 0x3f, 0xa3,
    0xf7, 0x0, 0x0, 0xbf, 0xcf, 0x10, 0x0, 0x3,
    0xff, 0x80, 0x0, 0x0, 0xb, 0xf1, 0x0, 0x0,

    /* U+0077 "w" */
    0xcf, 0x0, 0x1f, 0xa0, 0x7, 0xf1, 0x6f, 0x50,
    0x7f, 0xf0, 0xc, 0xb0, 0x1f, 0xa0, 0xcf, 0xf5,
    0x2f, 0x50, 0xb, 0xf3, 0xf6, 0xfb, 0x7f, 0x0,
    0x5, 0xfd, 0xf0, 0xaf, 0xda, 0x0, 0x0, 0xff,
    0xa0, 0x5f, 0xf4, 0x0, 0x0, 0xaf, 0x50, 0xf,
    0xe0, 0x0,

    /* U+0078 "x" */
    0x8f, 0xb0, 0x4, 0xfa, 0x0, 0xbf, 0x82, 0xfc,
    0x0, 0x0, 0xdf, 0xee, 0x10, 0x0, 0x3, 0xff,
    0x60, 0x0, 0x0, 0xcf, 0xfe, 0x20, 0x0, 0xaf,
    0x56, 0xfd, 0x0, 0x8f, 0x80, 0x9, 0xfb, 0x0,

    /* U+0079 "y" */
    0xbf, 0x50, 0x0, 0xde, 0x3, 0xfc, 0x0, 0x4f,
    0x70, 0xb, 0xf4, 0xc, 0xf1, 0x0, 0x3f, 0xc3,
    0xf8, 0x0, 0x0, 0xbf, 0xdf, 0x10, 0x0, 0x3,
    0xff, 0x90, 0x0, 0x0, 0xc, 0xf1, 0x0, 0x0,
    0x1, 0xf9, 0x0, 0x0, 0x68, 0xbf, 0x20, 0x0,
    0x9, 0xff, 0x70, 0x0, 0x0,

    /* U+007A "z" */
    0xf, 0xff, 0xff, 0xf4, 0x7, 0x77, 0xcf, 0x90,
    0x0, 0x4, 0xfc, 0x0, 0x0, 0x2f, 0xe1, 0x0,
    0x1, 0xdf, 0x30, 0x0, 0xb, 0xfb, 0x77, 0x72,
    0x6f, 0xff, 0xff, 0xf6,

    /* U+007B "{" */
    0x0, 0x6e, 0xfa, 0x0, 0xef, 0x95, 0x0, 0xfc,
    0x0, 0x0, 0xfc, 0x0, 0x4, 0xfa, 0x0, 0x5f,
    0xd2, 0x0, 0x3c, 0xf5, 0x0, 0x0, 0xfb, 0x0,
    0x0, 0xfc, 0x0, 0x0, 0xfc, 0x0, 0x0, 0xef,
    0x95, 0x0, 0x5e, 0xfa,

    /* U+007C "|" */
    0x8e, 0x9, 0xf0, 0x9f, 0x9, 0xf0, 0x9f, 0x9,
    0xf0, 0x9f, 0x9, 0xf0, 0x9f, 0x9, 0xf0, 0x9f,
    0x9, 0xf0, 0x9f, 0x9, 0xf0,

    /* U+007D "}" */
    0xdf, 0xd3, 0x0, 0x7a, 0xfb, 0x0, 0x0, 0xfc,
    0x0, 0x0, 0xfc, 0x0, 0x0, 0xde, 0x20, 0x0,
    0x3e, 0xf1, 0x0, 0x8f, 0xb1, 0x0, 0xed, 0x0,
    0x0, 0xfc, 0x0, 0x0, 0xfc, 0x0, 0x7a, 0xfa,
    0x0, 0xdf, 0xd3, 0x0,

    /* U+007E "~" */
    0x0, 0x1, 0x0, 0x0, 0x0, 0x4, 0xef, 0xe7,
    0x28, 0xc0, 0xe, 0xb5, 0xaf, 0xff, 0x80, 0x0,
    0x0, 0x1, 0x42, 0x0,

    /* U+00B0 "°" */
    0x4f, 0xfb, 0x7b, 0x4f, 0x4f, 0xfb,

    /* U+0401 "Ё" */
    0x0, 0x7f, 0x39, 0xf1, 0x0, 0x0, 0x5b, 0x27,
    0xb0, 0x0, 0x9f, 0xff, 0xff, 0xff, 0xf1, 0x9f,
    0xcb, 0xbb, 0xbb, 0xb0, 0x9f, 0x40, 0x0, 0x0,
    0x0, 0x9f, 0x40, 0x0, 0x0, 0x0, 0x9f, 0xcb,
    0xbb, 0x30, 0x0, 0x9f, 0xff, 0xff, 0x50, 0x0,
    0x9f, 0x40, 0x0, 0x0, 0x0, 0x9f, 0x40, 0x0,
    0x0, 0x0, 0x9f, 0xcb, 0xbb, 0xbb, 0xb2, 0x9f,
    0xff, 0xff, 0xff, 0xf3,

    /* U+0410 "А" */
    0x0, 0x0, 0x3f, 0xb0, 0x0, 0x0, 0x0, 0x0,
    0xbf, 0xf4, 0x0, 0x0, 0x0, 0x3, 0xff, 0xfc,
    0x0, 0x0, 0x0, 0xb, 0xf5, 0xdf, 0x40, 0x0,
    0x0, 0x3f, 0xc0, 0x6f, 0xc0, 0x0, 0x0, 0xbf,
    0x50, 0xd, 0xf4, 0x0, 0x3, 0xff, 0xff, 0xff,
    0xfc, 0x0, 0xb, 0xfb, 0xaa, 0xaa, 0xef, 0x40,
    0x4f, 0xc0, 0x0, 0x0, 0x5f, 0xc0, 0xcf, 0x40,
    0x0, 0x0, 0xd, 0xf5,

    /* U+0411 "Б" */
    0x9f, 0xff, 0xff, 0xff, 0xe0, 0x9f, 0xcb, 0xbb,
    0xbb, 0x90, 0x9f, 0x40, 0x0, 0x0, 0x0, 0x9f,
    0x40, 0x0, 0x0, 0x0, 0x9f, 0xff, 0xff, 0xff,
    0xa0, 0x9f, 0xba, 0xaa, 0xae, 0xf4, 0x9f, 0x40,
    0x0, 0x8, 0xf5, 0x9f, 0x40, 0x0, 0x8, 0xf5,
    0x9f, 0xcb, 0xbb, 0xbe, 0xf4, 0x9f, 0xff, 0xff,
    0xff, 0xa0,

    /* U+0412 "В" */
    0x9f, 0xff, 0xff, 0xff, 0x90, 0x9f, 0xcb, 0xbb,
    0xbf, 0xf3, 0x9f, 0x40, 0x0, 0x9, 0xf4, 0x9f,
    0x40, 0x0, 0x9, 0xf4, 0x9f, 0xba, 0xaa, 0xae,
    0xc0, 0x9f, 0xff, 0xff, 0xff, 0xa0, 0x9f, 0x40,
    0x0, 0x8, 0xf5, 0x9f, 0x40, 0x0, 0x7, 0xf6,
    0x9f, 0xcb, 0xbb, 0xbe, 0xf5, 0x9f, 0xff, 0xff,
    0xff, 0xb0,

    /* U+0413 "Г" */
    0x9f, 0xff, 0xff, 0xff, 0x59, 0xfc, 0xbb, 0xbb,
    0xb4, 0x9f, 0x40, 0x0, 0x0, 0x9, 0xf4, 0x0,
    0x0, 0x0, 0x9f, 0x40, 0x0, 0x0, 0x9, 0xf4,
    0x0, 0x0, 0x0, 0x9f, 0x40, 0x0, 0x0, 0x9,
    0xf4, 0x0, 0x0, 0x0, 0x9f, 0x40, 0x0, 0x0,
    0x9, 0xf4, 0x0, 0x0, 0x0,

    /* U+0414 "Д" */
    0x0, 0x0, 0xb, 0xf3, 0x0, 0x0, 0x0, 0x0,
    0x3, 0xff, 0xb0, 0x0, 0x0, 0x0, 0x0, 0xbf,
    0xff, 0x30, 0x0, 0x0, 0x0, 0x3f, 0xc6, 0xfa,
    0x0, 0x0, 0x0, 0xa, 0xf4, 0xe, 0xf2, 0x0,
    0x0, 0x2, 0xfd, 0x0, 0x7f, 0xa0, 0x0, 0x0,
    0xaf, 0x50, 0x0, 0xef, 0x20, 0x0, 0x2f, 0xd0,
    0x0, 0x7, 0xfa, 0x0, 0xad, 0xfd, 0xbb, 0xbb,
    0xbf, 0xfb, 0x4f, 0xff, 0xff, 0xff, 0xff, 0xff,
    0xf7, 0xfb, 0x0, 0x0, 0x0, 0x0, 0x3f, 0x7b,
    0x80, 0x0, 0x0, 0x0, 0x2, 0xc5,

    /* U+0415 "Е" */
    0x9f, 0xff, 0xff, 0xff, 0xf1, 0x9f, 0xcb, 0xbb,
    0xbb, 0xb0, 0x9f, 0x40, 0x0, 0x0, 0x0, 0x9f,
    0x40, 0x0, 0x0, 0x0, 0x9f, 0xcb, 0xbb, 0x30,
    0x0, 0x9f, 0xff, 0xff, 0x50, 0x0, 0x9f, 0x40,
    0x0, 0x0, 0x0, 0x9f, 0x40, 0x0, 0x0, 0x0,
    0x9f, 0xcb, 0xbb, 0xbb, 0xb2, 0x9f, 0xff, 0xff,
    0xff, 0xf3,

    /* U+0416 "Ж" */
    0xc, 0xf6, 0x0, 0x1f, 0xc0, 0x0, 0xbf, 0x70,
    0x1, 0xdf, 0x50, 0x1f, 0xc0, 0xa, 0xf8, 0x0,
    0x0, 0x1d, 0xf4, 0x1f, 0xc0, 0x9f, 0x90, 0x0,
    0x0, 0x1, 0xef, 0x5f, 0xc8, 0xfa, 0x0, 0x0,
    0x0, 0x0, 0x2f, 0xff, 0xff, 0xc0, 0x0, 0x0,
    0x0, 0x0, 0xbf, 0xef, 0xef, 0xf5, 0x0, 0x0,
    0x0, 0xa, 0xfe, 0x3f, 0xc5, 0xff, 0x50, 0x0,
    0x0, 0x9f, 0xe2, 0x1f, 0xc0, 0x6f, 0xf4, 0x0,
    0x9, 0xff, 0x30, 0x1f, 0xc0, 0x7, 0xff, 0x40,
    0x8f, 0xf3, 0x0, 0x1f, 0xc0, 0x0, 0x8f, 0xf3,

    /* U+0417 "З" */
    0x8, 0xff, 0xff, 0xff, 0xb0, 0x1f, 0xeb, 0xbb,
    0xbe, 0xf6, 0x2f, 0xb0, 0x0, 0x5, 0xf8, 0x3,
    0x40, 0x0, 0x5, 0xf7, 0x0, 0x0, 0x8a, 0xad,
    0xe1, 0x0, 0x0, 0xdf, 0xff, 0xc1, 0x0, 0x0,
    0x0, 0x5, 0xf8, 0x1c, 0xa0, 0x0, 0x3, 0xf9,
    0x1f, 0xeb, 0xbb, 0xbd, 0xf8, 0x9, 0xff, 0xff,
    0xff, 0xc1,

    /* U+0418 "И" */
    0x9f, 0x40, 0x0, 0x0, 0xbf, 0x19, 0xf4, 0x0,
    0x0, 0xaf, 0xf1, 0x9f, 0x40, 0x0, 0x8f, 0xff,
    0x19, 0xf4, 0x0, 0x7f, 0xab, 0xf1, 0x9f, 0x40,
    0x5f, 0xc0, 0xbf, 0x19, 0xf4, 0x4f, 0xd1, 0xb,
    0xf1, 0x9f, 0x7f, 0xe1, 0x0, 0xbf, 0x19, 0xff,
    0xe2, 0x0, 0xb, 0xf1, 0x9f, 0xf3, 0x0, 0x0,
    0xbf, 0x19, 0xf4, 0x0, 0x0, 0xb, 0xf1,

    /* U+0419 "Й" */
    0x0, 0x5, 0x30, 0x63, 0x0, 0x0, 0x0, 0x6f,
    0xff, 0x20, 0x0, 0x0, 0x0, 0x1, 0x0, 0x0,
    0x9, 0xf4, 0x0, 0x0, 0xb, 0xf1, 0x9f, 0x40,
    0x0, 0xa, 0xff, 0x19, 0xf4, 0x0, 0x8, 0xff,
    0xf1, 0x9f, 0x40, 0x7, 0xfa, 0xbf, 0x19, 0xf4,
    0x5, 0xfc, 0xb, 0xf1, 0x9f, 0x44, 0xfd, 0x10,
    0xbf, 0x19, 0xf7, 0xfe, 0x10, 0xb, 0xf1, 0x9f,
    0xfe, 0x20, 0x0, 0xbf, 0x19, 0xff, 0x30, 0x0,
    0xb, 0xf1, 0x9f, 0x40, 0x0, 0x0, 0xbf, 0x10,

    /* U+041A "К" */
    0x9f, 0x40, 0x0, 0x7f, 0xe2, 0x9, 0xf4, 0x0,
    0x9f, 0xc1, 0x0, 0x9f, 0x40, 0xbf, 0xa0, 0x0,
    0x9, 0xf5, 0xcf, 0x80, 0x0, 0x0, 0x9f, 0xff,
    0x90, 0x0, 0x0, 0x9, 0xfd, 0xff, 0x60, 0x0,
    0x0, 0x9f, 0x48, 0xff, 0x80, 0x0, 0x9, 0xf4,
    0x5, 0xff, 0xb0, 0x0, 0x9f, 0x40, 0x3, 0xef,
    0xc1, 0x9, 0xf4, 0x0, 0x1, 0xcf, 0xe2,

    /* U+041B "Л" */
    0x0, 0x0, 0x3f, 0xb0, 0x0, 0x0, 0x0, 0x0,
    0xbf, 0xf4, 0x0, 0x0, 0x0, 0x3, 0xfe, 0xfc,
    0x0, 0x0, 0x0, 0xb, 0xf4, 0xdf, 0x40, 0x0,
    0x0, 0x3f, 0xc0, 0x5f, 0xc0, 0x0, 0x0, 0xbf,
    0x40, 0xd, 0xf4, 0x0, 0x3, 0xfc, 0x0, 0x5,
    0xfc, 0x0, 0xb, 0xf4, 0x0, 0x0, 0xdf, 0x40,
    0x4f, 0xc0, 0x0, 0x0, 0x5f, 0xc0, 0xcf, 0x40,
    0x0, 0x0, 0xd, 0xf5,

    /* U+041C "М" */
    0x9f, 0x60, 0x0, 0x0, 0x7, 0xf8, 0x9f, 0xf1,
    0x0, 0x0, 0x2f, 0xf8, 0x9f, 0xfb, 0x0, 0x0,
    0xcf, 0xf8, 0x9f, 0xdf, 0x60, 0x7, 0xfc, 0xf8,
    0x9f, 0x3f, 0xf2, 0x2f, 0xc5, 0xf8, 0x9f, 0x7,
    0xfc, 0xcf, 0x25, 0xf8, 0x9f, 0x0, 0xcf, 0xf7,
    0x5, 0xf8, 0x9f, 0x0, 0x2f, 0xc0, 0x5, 0xf8,
    0x9f, 0x0, 0x6, 0x20, 0x5, 0xf8, 0x9f, 0x0,
    0x0, 0x0, 0x5, 0xf8,

    /* U+041D "Н" */
    0x9f, 0x40, 0x0, 0x0, 0x8f, 0x59, 0xf4, 0x0,
    0x0, 0x8, 0xf5, 0x9f, 0x40, 0x0, 0x0, 0x8f,
    0x59, 0xf4, 0x0, 0x0, 0x8, 0xf5, 0x9f, 0xff,
    0xff, 0xff, 0xff, 0x59, 0xfc, 0xbb, 0xbb, 0xbd,
    0xf5, 0x9f, 0x40, 0x0, 0x0, 0x8f, 0x59, 0xf4,
    0x0, 0x0, 0x8, 0xf5, 0x9f, 0x40, 0x0, 0x0,
    0x8f, 0x59, 0xf4, 0x0, 0x0, 0x8, 0xf5,

    /* U+041E "О" */
    0x4d, 0xff, 0xff, 0xff, 0xfb, 0xc, 0xfb, 0xbb,
    0xbb, 0xbd, 0xf5, 0xdf, 0x0, 0x0, 0x0, 0x8f,
    0x5d, 0xf0, 0x0, 0x0, 0x8, 0xf5, 0xdf, 0x0,
    0x0, 0x0, 0x8f, 0x5d, 0xf0, 0x0, 0x0, 0x8,
    0xf5, 0xdf, 0x0, 0x0, 0x0, 0x8f, 0x5d, 0xf0,
    0x0, 0x0, 0x8, 0xf5, 0xcf, 0xbb, 0xbb, 0xbb,
    0xdf, 0x44, 0xdf, 0xff, 0xff, 0xff, 0xb0,

    /* U+041F "П" */
    0x9f, 0xff, 0xff, 0xff, 0xff, 0x39, 0xfc, 0xbb,
    0xbb, 0xbe, 0xf3, 0x9f, 0x40, 0x0, 0x0, 0xaf,
    0x39, 0xf4, 0x0, 0x0, 0xa, 0xf3, 0x9f, 0x40,
    0x0, 0x0, 0xaf, 0x39, 0xf4, 0x0, 0x0, 0xa,
    0xf3, 0x9f, 0x40, 0x0, 0x0, 0xaf, 0x39, 0xf4,
    0x0, 0x0, 0xa, 0xf3, 0x9f, 0x40, 0x0, 0x0,
    0xaf, 0x39, 0xf4, 0x0, 0x0, 0xa, 0xf3,

    /* U+0420 "Р" */
    0x9f, 0xff, 0xff, 0xff, 0xb1, 0x9f, 0xcb, 0xbb,
    0xbe, 0xf5, 0x9f, 0x40, 0x0, 0x7, 0xf6, 0x9f,
    0x40, 0x0, 0x7, 0xf6, 0x9f, 0xcb, 0xbb, 0xbe,
    0xf5, 0x9f, 0xff, 0xff, 0xff, 0xa0, 0x9f, 0x40,
    0x0, 0x0, 0x0, 0x9f, 0x40, 0x0, 0x0, 0x0,
    0x9f, 0x40, 0x0, 0x0, 0x0, 0x9f, 0x40, 0x0,
    0x0, 0x0,

    /* U+0421 "С" */
    0x4d, 0xff, 0xff, 0xff, 0xa0, 0xcf, 0xbb, 0xbb,
    0xbd, 0xf4, 0xdf, 0x0, 0x0, 0x8, 0xf5, 0xdf,
    0x0, 0x0, 0x4, 0x61, 0xdf, 0x0, 0x0, 0x0,
    0x0, 0xdf, 0x0, 0x0, 0x0, 0x0, 0xdf, 0x0,
    0x0, 0x5, 0x92, 0xdf, 0x0, 0x0, 0x7, 0xf6,
    0xcf, 0xbb, 0xbb, 0xbd, 0xf5, 0x4d, 0xff, 0xff,
    0xff, 0xb0,

    /* U+0422 "Т" */
    0xdf, 0xff, 0xff, 0xff, 0xfc, 0x9b, 0xbb, 0xff,
    0xbb, 0xb8, 0x0, 0x0, 0xfe, 0x0, 0x0, 0x0,
    0x0, 0xfe, 0x0, 0x0, 0x0, 0x0, 0xfe, 0x0,
    0x0, 0x0, 0x0, 0xfe, 0x0, 0x0, 0x0, 0x0,
    0xfe, 0x0, 0x0, 0x0, 0x0, 0xfe, 0x0, 0x0,
    0x0, 0x0, 0xfe, 0x0, 0x0, 0x0, 0x0, 0xfe,
    0x0, 0x0,

    /* U+0423 "У" */
    0xbf, 0x90, 0x0, 0x0, 0xaf, 0x72, 0xff, 0x30,
    0x0, 0x3f, 0xe0, 0x7, 0xfd, 0x0, 0xc, 0xf5,
    0x0, 0xd, 0xf6, 0x5, 0xfc, 0x0, 0x0, 0x4f,
    0xf1, 0xdf, 0x40, 0x0, 0x0, 0xaf, 0xef, 0xb0,
    0x0, 0x0, 0x1, 0xff, 0xf2, 0x0, 0x0, 0x0,
    0xa, 0xf9, 0x0, 0x0, 0x1, 0xbb, 0xff, 0x10,
    0x0, 0x0, 0xe, 0xfe, 0x40, 0x0, 0x0,

    /* U+0424 "Ф" */
    0x0, 0x0, 0x0, 0x11, 0x0, 0x0, 0x0, 0x0,
    0x0, 0x0, 0xc, 0xf1, 0x0, 0x0, 0x0, 0x18,
    0xbb, 0xbb, 0xff, 0xbb, 0xbb, 0xa3, 0xb, 0xff,
    0xff, 0xff, 0xff, 0xff, 0xff, 0xf0, 0xcf, 0x10,
    0x0, 0xcf, 0x10, 0x0, 0xdf, 0x1d, 0xf0, 0x0,
    0xc, 0xf1, 0x0, 0xc, 0xf1, 0xdf, 0x0, 0x0,
    0xcf, 0x10, 0x0, 0xcf, 0x1d, 0xf1, 0x0, 0xc,
    0xf1, 0x0, 0xd, 0xf1, 0xbf, 0xff, 0xff, 0xff,
    0xff, 0xff, 0xff, 0x1, 0x8b, 0xbb, 0xbf, 0xfb,
    0xbb, 0xb9, 0x30, 0x0, 0x0, 0x0, 0xcf, 0x10,
    0x0, 0x0, 0x0,

    /* U+0425 "Х" */
    0x9f, 0xd0, 0x0, 0x8, 0xf8, 0x0, 0xcf, 0xa0,
    0x4, 0xfc, 0x0, 0x1, 0xef, 0x62, 0xee, 0x10,
    0x0, 0x3, 0xff, 0xdf, 0x40, 0x0, 0x0, 0x6,
    0xff, 0x90, 0x0, 0x0, 0x0, 0x7f, 0xfe, 0x10,
    0x0, 0x0, 0x3f, 0xca, 0xfb, 0x0, 0x0, 0x1e,
    0xf2, 0xd, 0xf8, 0x0, 0xc, 0xf4, 0x0, 0x2f,
    0xf5, 0x8, 0xf8, 0x0, 0x0, 0x5f, 0xf2,

    /* U+0426 "Ц" */
    0x9f, 0x40, 0x0, 0x0, 0xfd, 0x0, 0x9f, 0x40,
    0x0, 0x0, 0xfd, 0x0, 0x9f, 0x40, 0x0, 0x0,
    0xfd, 0x0, 0x9f, 0x40, 0x0, 0x0, 0xfd, 0x0,
    0x9f, 0x40, 0x0, 0x0, 0xfd, 0x0, 0x9f, 0x40,
    0x0, 0x0, 0xfd, 0x0, 0x9f, 0x40, 0x0, 0x0,
    0xfd, 0x0, 0x9f, 0x40, 0x0, 0x0, 0xfd, 0x0,
    0x9f, 0xcb, 0xbb, 0xbb, 0xff, 0xb4, 0x9f, 0xff,
    0xff, 0xff, 0xff, 0xf6, 0x0, 0x0, 0x0, 0x0,
    0x4, 0xf6, 0x0, 0x0, 0x0, 0x0, 0x3, 0xc4,

    /* U+0427 "Ч" */
    0xbf, 0x10, 0x0, 0x2, 0xfb, 0xbf, 0x10, 0x0,
    0x2, 0xfb, 0xbf, 0x10, 0x0, 0x2, 0xfb, 0xbf,
    0x10, 0x0, 0x2, 0xfb, 0xbf, 0x10, 0x0, 0x2,
    0xfb, 0x9f, 0xff, 0xff, 0xff, 0xfb, 0x8, 0xab,
    0xbb, 0xbb, 0xfb, 0x0, 0x0, 0x0, 0x2, 0xfb,
    0x0, 0x0, 0x0, 0x2, 0xfb, 0x0, 0x0, 0x0,
    0x2, 0xfb,

    /* U+0428 "Ш" */
    0x9f, 0x40, 0x0, 0x9f, 0x40, 0x0, 0x9f, 0x49,
    0xf4, 0x0, 0x9, 0xf4, 0x0, 0x9, 0xf4, 0x9f,
    0x40, 0x0, 0x9f, 0x40, 0x0, 0x9f, 0x49, 0xf4,
    0x0, 0x9, 0xf4, 0x0, 0x9, 0xf4, 0x9f, 0x40,
    0x0, 0x9f, 0x40, 0x0, 0x9f, 0x49, 0xf4, 0x0,
    0x9, 0xf4, 0x0, 0x9, 0xf4, 0x9f, 0x40, 0x0,
    0x9f, 0x40, 0x0, 0x9f, 0x49, 0xf4, 0x0, 0x9,
    0xf4, 0x0, 0x9, 0xf4, 0x9f, 0xcb, 0xbb, 0xdf,
    0xcb, 0xbb, 0xdf, 0x49, 0xff, 0xff, 0xff, 0xff,
    0xff, 0xff, 0xf4,

    /* U+0429 "Щ" */
    0x9f, 0x40, 0x0, 0x9f, 0x40, 0x0, 0x9f, 0x40,
    0x9f, 0x40, 0x0, 0x9f, 0x40, 0x0, 0x9f, 0x40,
    0x9f, 0x40, 0x0, 0x9f, 0x40, 0x0, 0x9f, 0x40,
    0x9f, 0x40, 0x0, 0x9f, 0x40, 0x0, 0x9f, 0x40,
    0x9f, 0x40, 0x0, 0x9f, 0x40, 0x0, 0x9f, 0x40,
    0x9f, 0x40, 0x0, 0x9f, 0x40, 0x0, 0x9f, 0x40,
    0x9f, 0x40, 0x0, 0x9f, 0x40, 0x0, 0x9f, 0x40,
    0x9f, 0x40, 0x0, 0x9f, 0x40, 0x0, 0x9f, 0x40,
    0x9f, 0xcb, 0xbb, 0xdf, 0xcb, 0xbb, 0xdf, 0xc9,
    0x9f, 0xff, 0xff, 0xff, 0xff, 0xff, 0xff, 0xfd,
    0x0, 0x0, 0x0, 0x0, 0x0, 0x0, 0x0, 0xdd,
    0x0, 0x0, 0x0, 0x0, 0x0, 0x0, 0x0, 0xaa,

    /* U+042A "Ъ" */
    0xdf, 0xff, 0xf4, 0x0, 0x0, 0x0, 0x9b, 0xbe,
    0xf4, 0x0, 0x0, 0x0, 0x0, 0x9, 0xf4, 0x0,
    0x0, 0x0, 0x0, 0x9, 0xf4, 0x0, 0x0, 0x0,
    0x0, 0x9, 0xff, 0xff, 0xff, 0xd4, 0x0, 0x9,
    0xfc, 0xbb, 0xbc, 0xfc, 0x0, 0x9, 0xf4, 0x0,
    0x0, 0xfd, 0x0, 0x9, 0xf4, 0x0, 0x0, 0xfd,
    0x0, 0x9, 0xfc, 0xbb, 0xbc, 0xfc, 0x0, 0x9,
    0xff, 0xff, 0xff, 0xe5,

    /* U+042B "Ы" */
    0x9f, 0x40, 0x0, 0x0, 0x0, 0xd, 0xf0, 0x9f,
    0x40, 0x0, 0x0, 0x0, 0xd, 0xf0, 0x9f, 0x40,
    0x0, 0x0, 0x0, 0xd, 0xf0, 0x9f, 0x40, 0x0,
    0x0, 0x0, 0xd, 0xf0, 0x9f, 0xff, 0xff, 0xfc,
    0x20, 0xd, 0xf0, 0x9f, 0xcb, 0xbb, 0xdf, 0x90,
    0xd, 0xf0, 0x9f, 0x40, 0x0, 0x3f, 0xa0, 0xd,
    0xf0, 0x9f, 0x40, 0x0, 0x3f, 0xa0, 0xd, 0xf0,
    0x9f, 0xcb, 0xbb, 0xdf, 0x90, 0xd, 0xf0, 0x9f,
    0xff, 0xff, 0xfd, 0x20, 0xd, 0xf0,

    /* U+042C "Ь" */
    0x9f, 0x40, 0x0, 0x0, 0x0, 0x9f, 0x40, 0x0,
    0x0, 0x0, 0x9f, 0x40, 0x0, 0x0, 0x0, 0x9f,
    0x40, 0x0, 0x0, 0x0, 0x9f, 0xff, 0xff, 0xfe,
    0x70, 0x9f, 0xcb, 0xbb, 0xbf, 0xf0, 0x9f, 0x40,
    0x0, 0xc, 0xf1, 0x9f, 0x40, 0x0, 0xc, 0xf1,
    0x9f, 0xcb, 0xbb, 0xbf, 0xf0, 0x9f, 0xff, 0xff,
    0xfe, 0x80,

    /* U+042D "Э" */
    0x7, 0xef, 0xff, 0xff, 0xe7, 0x0, 0xfe, 0xbb,
    0xbb, 0xbe, 0xf0, 0xe, 0xc0, 0x0, 0x0, 0xcf,
    0x10, 0x1, 0x0, 0x0, 0xc, 0xf1, 0x0, 0x0,
    0xef, 0xff, 0xff, 0x10, 0x0, 0xa, 0xbb, 0xbe,
    0xf1, 0x2, 0x40, 0x0, 0x0, 0xcf, 0x12, 0xfb,
    0x0, 0x0, 0xc, 0xf1, 0x1f, 0xeb, 0xbb, 0xbb,
    0xef, 0x0, 0x8e, 0xff, 0xff, 0xfe, 0x70,

    /* U+042E "Ю" */
    0x9f, 0x40, 0x3, 0xdf, 0xff, 0xff, 0xfe, 0x69,
    0xf4, 0x0, 0x9f, 0xa9, 0x99, 0x99, 0xfe, 0x9f,
    0x40, 0xa, 0xf2, 0x0, 0x0, 0xe, 0xf9, 0xf4,
    0x0, 0xaf, 0x20, 0x0, 0x0, 0xef, 0x9f, 0xff,
    0xff, 0xf2, 0x0, 0x0, 0xe, 0xf9, 0xfc, 0xbb,
    0xef, 0x20, 0x0, 0x0, 0xef, 0x9f, 0x40, 0xa,
    0xf2, 0x0, 0x0, 0xe, 0xf9, 0xf4, 0x0, 0xaf,
    0x20, 0x0, 0x0, 0xef, 0x9f, 0x40, 0x9, 0xfb,
    0xbb, 0xbb, 0xbf, 0xe9, 0xf4, 0x0, 0x3d, 0xff,
    0xff, 0xff, 0xe6,

    /* U+042F "Я" */
    0xa, 0xff, 0xff, 0xff, 0xfa, 0x5f, 0xeb, 0xbb,
    0xbc, 0xfa, 0x6f, 0x70, 0x0, 0x3, 0xfa, 0x6f,
    0x70, 0x0, 0x3, 0xfa, 0x6f, 0x80, 0x0, 0x3,
    0xfa, 0x3f, 0xff, 0xff, 0xff, 0xfa, 0x5, 0xad,
    0xff, 0xbb, 0xfa, 0x0, 0x3e, 0xf6, 0x3, 0xfa,
    0x3, 0xff, 0x50, 0x3, 0xfa, 0x4f, 0xf4, 0x0,
    0x3, 0xfa,

    /* U+0430 "а" */
    0x9f, 0xff, 0xff, 0xd1, 0xbd, 0x66, 0x6a, 0xf4,
    0x1, 0x11, 0x18, 0xf4, 0xbf, 0xff, 0xff, 0xf4,
    0xfd, 0x44, 0x4a, 0xf4, 0xfd, 0x66, 0x6a, 0xf4,
    0xaf, 0xff, 0xda, 0xf4,

    /* U+0431 "б" */
    0x2c, 0xff, 0xff, 0xf5, 0xcf, 0xff, 0xfe, 0xb1,
    0xec, 0x20, 0x0, 0x0, 0xfd, 0xef, 0xff, 0xe5,
    0xfe, 0x88, 0x89, 0xfa, 0xfc, 0x0, 0x1, 0xfa,
    0xfc, 0x0, 0x1, 0xfa, 0xfc, 0x0, 0x1, 0xfa,
    0xee, 0x88, 0x89, 0xfa, 0x9f, 0xff, 0xff, 0xe5,

    /* U+0432 "в" */
    0xdf, 0xff, 0xff, 0xe4, 0xdf, 0x66, 0x67, 0xfb,
    0xde, 0x11, 0x12, 0xfa, 0xdf, 0xff, 0xff, 0xf3,
    0xde, 0x44, 0x44, 0xfb, 0xdf, 0x66, 0x67, 0xfc,
    0xdf, 0xff, 0xff, 0xe5,

    /* U+0433 "г" */
    0xdf, 0xff, 0xff, 0x5d, 0xf8, 0x88, 0x82, 0xde,
    0x0, 0x0, 0xd, 0xe0, 0x0, 0x0, 0xde, 0x0,
    0x0, 0xd, 0xe0, 0x0, 0x0, 0xde, 0x0, 0x0,
    0x0,

    /* U+0434 "д" */
    0x0, 0xb, 0xff, 0x30, 0x0, 0x0, 0x2f, 0xdf,
    0xa0, 0x0, 0x0, 0x9f, 0x4d, 0xf1, 0x0, 0x0,
    0xfd, 0x7, 0xf7, 0x0, 0x6, 0xf7, 0x1, 0xfe,
    0x0, 0x7d, 0xf9, 0x88, 0xef, 0xa2, 0xdf, 0xff,
    0xff, 0xff, 0xf4, 0xdc, 0x0, 0x0, 0x5, 0xf4,
    0xa9, 0x0, 0x0, 0x3, 0xc3,

    /* U+0435 "е" */
    0x7f, 0xff, 0xff, 0xd3, 0xee, 0x66, 0x68, 0xf8,
    0xfd, 0x11, 0x14, 0xf9, 0xff, 0xff, 0xff, 0xf9,
    0xfd, 0x44, 0x45, 0x42, 0xee, 0x66, 0x68, 0xf7,
    0x7e, 0xff, 0xff, 0xd2,

    /* U+0436 "ж" */
    0x1d, 0xe2, 0xa, 0xf1, 0xa, 0xf5, 0x0, 0x1e,
    0xe1, 0xaf, 0x19, 0xf6, 0x0, 0x0, 0x2e, 0xdb,
    0xf9, 0xf7, 0x0, 0x0, 0x0, 0xbf, 0xff, 0xff,
    0x20, 0x0, 0x0, 0xaf, 0xcb, 0xf7, 0xfe, 0x20,
    0x0, 0x9f, 0xd1, 0xaf, 0x17, 0xfd, 0x10, 0x8f,
    0xd1, 0xa, 0xf1, 0x9, 0xfd, 0x10,

    /* U+0437 "з" */
    0xb, 0xff, 0xff, 0xfb, 0x2, 0xfc, 0x88, 0x8c,
    0xf4, 0x4, 0x31, 0x11, 0x8f, 0x30, 0x0, 0x9f,
    0xff, 0xc0, 0x0, 0x12, 0x44, 0x9f, 0x42, 0xfc,
    0x88, 0x8c, 0xf6, 0xc, 0xff, 0xff, 0xfc, 0x10,

    /* U+0438 "и" */
    0xde, 0x0, 0x4, 0xfa, 0xde, 0x0, 0x4f, 0xfa,
    0xde, 0x3, 0xfe, 0xfa, 0xde, 0x3f, 0xd3, 0xfa,
    0xdf, 0xee, 0x11, 0xfa, 0xdf, 0xe2, 0x1, 0xfa,
    0xde, 0x20, 0x1, 0xfa,

    /* U+0439 "й" */
    0x1, 0xf0, 0x3e, 0x0, 0x0, 0xcf, 0xf9, 0x0,
    0x0, 0x1, 0x10, 0x0, 0xde, 0x0, 0x4, 0xfa,
    0xde, 0x0, 0x4f, 0xfa, 0xde, 0x3, 0xfe, 0xfa,
    0xde, 0x3f, 0xd3, 0xfa, 0xdf, 0xee, 0x11, 0xfa,
    0xdf, 0xe2, 0x1, 0xfa, 0xde, 0x20, 0x1, 0xfa,

    /* U+043A "к" */
    0xbf, 0x0, 0x2e, 0xf4, 0xb, 0xf0, 0x3e, 0xe2,
    0x0, 0xbf, 0x4f, 0xd1, 0x0, 0xb, 0xfe, 0xf7,
    0x0, 0x0, 0xbf, 0x2d, 0xf9, 0x0, 0xb, 0xf0,
    0x1c, 0xfb, 0x10, 0xbf, 0x0, 0xa, 0xfd, 0x20,

    /* U+043B "л" */
    0x0, 0x3f, 0xf9, 0x0, 0x0, 0xa, 0xfe, 0xf0,
    0x0, 0x1, 0xfc, 0x7f, 0x60, 0x0, 0x7f, 0x51,
    0xfd, 0x0, 0xe, 0xe0, 0xa, 0xf4, 0x5, 0xf8,
    0x0, 0x4f, 0xb0, 0xcf, 0x20, 0x0, 0xdf, 0x20,

    /* U+043C "м" */
    0xdf, 0x20, 0x0, 0x5f, 0xad, 0xfe, 0x10, 0x3f,
    0xfa, 0xdf, 0xfc, 0x1e, 0xef, 0xad, 0xc8, 0xfe,
    0xf4, 0xfa, 0xdc, 0xb, 0xf5, 0x1f, 0xad, 0xc0,
    0x17, 0x1, 0xfa, 0xdc, 0x0, 0x0, 0x1f, 0xa0,

    /* U+043D "н" */
    0xde, 0x0, 0x5, 0xf6, 0xde, 0x0, 0x5, 0xf6,
    0xde, 0x22, 0x27, 0xf6, 0xdf, 0xff, 0xff, 0xf6,
    0xde, 0x55, 0x58, 0xf6, 0xde, 0x0, 0x5, 0xf6,
    0xde, 0x0, 0x5, 0xf6,

    /* U+043E "о" */
    0x9f, 0xff, 0xff, 0xf6, 0xee, 0x88, 0x89, 0xfb,
    0xfc, 0x0, 0x0, 0xfb, 0xfc, 0x0, 0x0, 0xfb,
    0xfc, 0x0, 0x0, 0xfb, 0xee, 0x88, 0x89, 0xfb,
    0x9f, 0xff, 0xff, 0xf6,

    /* U+043F "п" */
    0xdf, 0xff, 0xff, 0xf3, 0xdf, 0x88, 0x8c, 0xf3,
    0xde, 0x0, 0x8, 0xf3, 0xde, 0x0, 0x8, 0xf3,
    0xde, 0x0, 0x8, 0xf3, 0xde, 0x0, 0x8, 0xf3,
    0xde, 0x0, 0x8, 0xf3,

    /* U+0440 "р" */
    0xbf, 0xcf, 0xff, 0xf7, 0xbf, 0x77, 0x77, 0xfd,
    0xbf, 0x0, 0x0, 0xed, 0xbf, 0x0, 0x0, 0xed,
    0xbf, 0x0, 0x0, 0xed, 0xbf, 0x88, 0x88, 0xfd,
    0xbf, 0xbf, 0xff, 0xf7, 0xbf, 0x0, 0x0, 0x0,
    0xbf, 0x0, 0x0, 0x0, 0xbf, 0x0, 0x0, 0x0,

    /* U+0441 "с" */
    0x9f, 0xff, 0xff, 0xe4, 0xee, 0x88, 0x8a, 0xf8,
    0xfc, 0x0, 0x1, 0x51, 0xfc, 0x0, 0x0, 0x0,
    0xfc, 0x0, 0x1, 0x62, 0xee, 0x88, 0x89, 0xf9,
    0x9f, 0xff, 0xff, 0xe4,

    /* U+0442 "т" */
    0xaf, 0xff, 0xff, 0xf9, 0x58, 0x8f, 0xe8, 0x85,
    0x0, 0xe, 0xd0, 0x0, 0x0, 0xe, 0xd0, 0x0,
    0x0, 0xe, 0xd0, 0x0, 0x0, 0xe, 0xd0, 0x0,
    0x0, 0xe, 0xd0, 0x0,

    /* U+0443 "у" */
    0xbf, 0x50, 0x0, 0xde, 0x3, 0xfc, 0x0, 0x4f,
    0x70, 0xb, 0xf4, 0xc, 0xf1, 0x0, 0x3f, 0xc3,
    0xf8, 0x0, 0x0, 0xbf, 0xdf, 0x10, 0x0, 0x3,
    0xff, 0x90, 0x0, 0x0, 0xc, 0xf1, 0x0, 0x0,
    0x1, 0xf9, 0x0, 0x0, 0x68, 0xbf, 0x20, 0x0,
    0x9, 0xff, 0x70, 0x0, 0x0,

    /* U+0444 "ф" */
    0x0, 0x0, 0xf, 0xc0, 0x0, 0x0, 0x0, 0x0,
    0xf, 0xc0, 0x0, 0x0, 0x0, 0x0, 0xf, 0xc0,
    0x0, 0x0, 0x9f, 0xff, 0xff, 0xed, 0xff, 0xf7,
    0xee, 0x88, 0x8f, 0xe8, 0x88, 0xfc, 0xfc, 0x0,
    0xf, 0xc0, 0x0, 0xfc, 0xfc, 0x0, 0xf, 0xc0,
    0x0, 0xfc, 0xfc, 0x0, 0xf, 0xc0, 0x0, 0xfc,
    0xee, 0x88, 0x8f, 0xe8, 0x88, 0xfc, 0x9f, 0xff,
    0xcf, 0xff, 0xff, 0xf7, 0x0, 0x0, 0xf, 0xc0,
    0x0, 0x0, 0x0, 0x0, 0xf, 0xc0, 0x0, 0x0,
    0x0, 0x0, 0xf, 0xc0, 0x0, 0x0,

    /* U+0445 "х" */
    0x8f, 0xb0, 0x4, 0xfa, 0x0, 0xbf, 0x82, 0xfc,
    0x0, 0x0, 0xdf, 0xee, 0x10, 0x0, 0x3, 0xff,
    0x60, 0x0, 0x0, 0xcf, 0xfe, 0x20, 0x0, 0xaf,
    0x56, 0xfd, 0x0, 0x8f, 0x80, 0x9, 0xfb, 0x0,

    /* U+0446 "ц" */
    0xde, 0x0, 0x8, 0xf3, 0xd, 0xe0, 0x0, 0x8f,
    0x30, 0xde, 0x0, 0x8, 0xf3, 0xd, 0xe0, 0x0,
    0x8f, 0x30, 0xde, 0x0, 0x8, 0xf3, 0xd, 0xf8,
    0x88, 0xcf, 0xa7, 0xdf, 0xff, 0xff, 0xff, 0xc0,
    0x0, 0x0, 0x0, 0xdc, 0x0, 0x0, 0x0, 0xa,
    0xa0,

    /* U+0447 "ч" */
    0xed, 0x0, 0x7, 0xf4, 0xed, 0x0, 0x7, 0xf4,
    0xed, 0x0, 0x7, 0xf4, 0xdf, 0x99, 0x9c, 0xf4,
    0x5e, 0xff, 0xff, 0xf4, 0x0, 0x0, 0x7, 0xf4,
    0x0, 0x0, 0x7, 0xf4,

    /* U+0448 "ш" */
    0xde, 0x0, 0xd, 0xe0, 0x0, 0xde, 0xde, 0x0,
    0xd, 0xe0, 0x0, 0xde, 0xde, 0x0, 0xd, 0xe0,
    0x0, 0xde, 0xde, 0x0, 0xd, 0xe0, 0x0, 0xde,
    0xde, 0x0, 0xd, 0xe0, 0x0, 0xde, 0xdf, 0x88,
    0x8e, 0xf8, 0x88, 0xfe, 0xdf, 0xff, 0xff, 0xff,
    0xff, 0xfe,

    /* U+0449 "щ" */
    0xde, 0x0, 0xd, 0xe0, 0x0, 0xde, 0x0, 0xde,
    0x0, 0xd, 0xe0, 0x0, 0xde, 0x0, 0xde, 0x0,
    0xd, 0xe0, 0x0, 0xde, 0x0, 0xde, 0x0, 0xd,
    0xe0, 0x0, 0xde, 0x0, 0xde, 0x0, 0xd, 0xe0,
    0x0, 0xde, 0x0, 0xdf, 0x88, 0x8e, 0xf8, 0x88,
    0xff, 0x83, 0xdf, 0xff, 0xff, 0xff, 0xff, 0xff,
    0xf7, 0x0, 0x0, 0x0, 0x0, 0x0, 0x3, 0xf7,
    0x0, 0x0, 0x0, 0x0, 0x0, 0x1, 0xc5,

    /* U+044A "ъ" */
    0xff, 0xff, 0x0, 0x0, 0x0, 0x88, 0xef, 0x2,
    0x22, 0x10, 0x0, 0xcf, 0xef, 0xff, 0xf7, 0x0,
    0xcf, 0x55, 0x55, 0xfb, 0x0, 0xcf, 0x0, 0x0,
    0xfb, 0x0, 0xcf, 0x77, 0x78, 0xfa, 0x0, 0xcf,
    0xff, 0xff, 0xf6,

    /* U+044B "ы" */
    0xde, 0x0, 0x0, 0x0, 0x0, 0xde, 0xde, 0x2,
    0x22, 0x10, 0x0, 0xde, 0xdf, 0xef, 0xff, 0xf9,
    0x0, 0xde, 0xde, 0x55, 0x55, 0xfc, 0x0, 0xde,
    0xde, 0x0, 0x0, 0xfc, 0x0, 0xde, 0xdf, 0x77,
    0x77, 0xfc, 0x0, 0xde, 0xdf, 0xff, 0xff, 0xf7,
    0x0, 0xde,

    /* U+044C "ь" */
    0xde, 0x0, 0x0, 0x0, 0xde, 0x2, 0x22, 0x10,
    0xdf, 0xef, 0xff, 0xf9, 0xde, 0x55, 0x55, 0xfc,
    0xde, 0x0, 0x0, 0xfc, 0xdf, 0x77, 0x77, 0xfc,
    0xdf, 0xff, 0xff, 0xf7,

    /* U+044D "э" */
    0x8f, 0xff, 0xff, 0xe4, 0xee, 0x88, 0x89, 0xf9,
    0x46, 0x1, 0x14, 0xf9, 0x0, 0x4f, 0xff, 0xf9,
    0x24, 0x14, 0x46, 0xf9, 0xee, 0x88, 0x89, 0xf9,
    0x9f, 0xff, 0xff, 0xe4,

    /* U+044E "ю" */
    0xde, 0x0, 0x8f, 0xff, 0xff, 0xe3, 0xde, 0x0,
    0xee, 0x77, 0x79, 0xf8, 0xde, 0x22, 0xec, 0x0,
    0x3, 0xf8, 0xdf, 0xff, 0xfc, 0x0, 0x3, 0xf8,
    0xde, 0x55, 0xfc, 0x0, 0x3, 0xf8, 0xde, 0x0,
    0xee, 0x88, 0x8a, 0xf8, 0xde, 0x0, 0x9f, 0xff,
    0xff, 0xe3,

    /* U+044F "я" */
    0x7, 0xef, 0xff, 0xff, 0x80, 0xee, 0x66, 0x68,
    0xf8, 0xe, 0xd1, 0x11, 0x5f, 0x80, 0xbf, 0xff,
    0xff, 0xf8, 0x0, 0x4e, 0xf9, 0x7f, 0x80, 0xc,
    0xf8, 0x3, 0xf8, 0xc, 0xf7, 0x0, 0x3f, 0x80,

    /* U+0451 "ё" */
    0x6, 0xf3, 0x9f, 0x0, 0x4, 0xa2, 0x6a, 0x0,
    0x0, 0x0, 0x0, 0x0, 0x7f, 0xff, 0xff, 0xd3,
    0xee, 0x66, 0x68, 0xf8, 0xfd, 0x11, 0x14, 0xf9,
    0xff, 0xff, 0xff, 0xf9, 0xfd, 0x44, 0x45, 0x42,
    0xee, 0x66, 0x68, 0xf7, 0x7e, 0xff, 0xff, 0xd2,

    /* U+E0C9 "" */
    0x0, 0x0, 0x0, 0x0, 0x0, 0x0, 0x0, 0x0,
    0x0, 0x0, 0x9a, 0x0, 0x0, 0x0, 0x0, 0x40,
    0x0, 0xaa, 0x0, 0x4, 0x0, 0x0, 0xfa, 0x0,
    0x67, 0x0, 0xae, 0x0, 0x0, 0x3f, 0x40, 0x0,
    0x4, 0xf3, 0x0, 0x0, 0x0, 0x4, 0xbb, 0x40,
    0x0, 0x0, 0x0, 0x0, 0x3f, 0x99, 0xf3, 0x0,
    0x0, 0xce, 0xd0, 0x9c, 0x0, 0xb8, 0xd, 0xec,
    0x46, 0x50, 0x7e, 0x11, 0xe7, 0x5, 0x64, 0x0,
    0x0, 0x1c, 0xff, 0xc1, 0x0, 0x0, 0x0, 0x8,
    0x20, 0x33, 0x2, 0x70, 0x0, 0x0, 0xaf, 0x20,
    0x0, 0x2, 0xf9, 0x0, 0x0, 0xc3, 0x0, 0x9a,
    0x0, 0x3c, 0x0, 0x0, 0x0, 0x0, 0xaa, 0x0,
    0x0, 0x0, 0x0, 0x0, 0x0, 0x67, 0x0, 0x0,
    0x0,

    /* U+E5A2 "" */
    0x0, 0x0, 0x2, 0x34, 0x55, 0x43, 0x0, 0x0,
    0x0, 0x0, 0x5c, 0xff, 0xff, 0xff, 0xff, 0xfd,
    0x91, 0x0, 0x5, 0xfa, 0x63, 0x10, 0x0, 0x12,
    0x47, 0xec, 0x0, 0xc, 0x90, 0x2, 0x0, 0x0,
    0x0, 0x30, 0x2f, 0x40, 0x2f, 0x30, 0xf, 0x50,
    0x0, 0x1, 0xf7, 0xb, 0x90, 0x4f, 0x4, 0xcf,
    0xd8, 0x0, 0x0, 0x51, 0x8, 0xc0, 0x7d, 0x2,
    0x8f, 0xb5, 0x0, 0x65, 0x0, 0x5, 0xf0, 0xaa,
    0x0, 0xe, 0x40, 0x0, 0xca, 0x0, 0x3, 0xf2,
    0xd7, 0x0, 0x0, 0x11, 0x11, 0x10, 0x0, 0x0,
    0xf4, 0xf5, 0x0, 0x2e, 0xff, 0xff, 0xff, 0x80,
    0x0, 0xd7, 0xe8, 0x0, 0x9d, 0x44, 0x44, 0x47,
    0xf1, 0x1, 0xf5, 0x7f, 0x9a, 0xf6, 0x0, 0x0,
    0x0, 0xdd, 0x8d, 0xe1, 0x7, 0xcc, 0x60, 0x0,
    0x0, 0x0, 0x1a, 0xda, 0x20,

    /* U+F001 "" */
    0x0, 0x0, 0x0, 0x0, 0x0, 0x0, 0x0, 0x0,
    0x0, 0x0, 0x0, 0x0, 0x49, 0xed, 0x0, 0x0,
    0x0, 0x15, 0xaf, 0xfc, 0xaf, 0x0, 0x0, 0x5c,
    0xff, 0xa6, 0x10, 0x4f, 0x0, 0x0, 0xfa, 0x40,
    0x0, 0x3, 0xaf, 0x0, 0x0, 0xf3, 0x0, 0x5a,
    0xef, 0xef, 0x0, 0x0, 0xf9, 0xbf, 0xfc, 0x72,
    0x4f, 0x0, 0x0, 0xff, 0xa5, 0x10, 0x0, 0x4f,
    0x0, 0x0, 0xf4, 0x0, 0x0, 0x2, 0x5f, 0x0,
    0x0, 0xf3, 0x0, 0x7, 0xff, 0xff, 0x3, 0x64,
    0xf3, 0x0, 0x2f, 0x73, 0xaf, 0x7f, 0xff, 0xf3,
    0x0, 0x1f, 0x83, 0xbd, 0xe8, 0x4, 0xf3, 0x0,
    0x6, 0xff, 0xd3, 0xcd, 0x8c, 0xe0, 0x0, 0x0,
    0x1, 0x0, 0x19, 0xdb, 0x30, 0x0, 0x0, 0x0,
    0x0,

    /* U+F008 "" */
    0x4, 0x55, 0x55, 0x55, 0x55, 0x55, 0x40, 0xbf,
    0xff, 0xff, 0xff, 0xff, 0xff, 0xfa, 0xf6, 0xe,
    0x50, 0x0, 0x5, 0xe0, 0x6f, 0xf4, 0xe, 0x50,
    0x0, 0x5, 0xe0, 0x4f, 0xf9, 0x6f, 0x50, 0x0,
    0x5, 0xf6, 0x9f, 0xfe, 0xdf, 0x50, 0x0, 0x5,
    0xfd, 0xef, 0xf4, 0xe, 0xdb, 0xbb, 0xbd, 0xe0,
    0x4f, 0xf6, 0x2f, 0xa7, 0x77, 0x7a, 0xf2, 0x6f,
    0xff, 0xff, 0x50, 0x0, 0x5, 0xff, 0xff, 0xf6,
    0x2f, 0x50, 0x0, 0x5, 0xf2, 0x6f, 0xf4, 0xe,
    0x50, 0x0, 0x5, 0xe0, 0x4f, 0xea, 0x5f, 0x95,
    0x55, 0x59, 0xf5, 0xae, 0x5e, 0xff, 0xff, 0xff,
    0xff, 0xff, 0xe5,

    /* U+F00B "" */
    0x4, 0x55, 0x55, 0x55, 0x55, 0x55, 0x40, 0xbf,
    0xff, 0xff, 0xff, 0xff, 0xff, 0xfa, 0xf6, 0x1,
    0xf4, 0x0, 0x0, 0x0, 0x6f, 0xf5, 0x1, 0xf4,
    0x0, 0x0, 0x0, 0x5f, 0xf9, 0x77, 0xf9, 0x77,
    0x77, 0x77, 0x9f, 0xfe, 0xee, 0xfe, 0xee, 0xee,
    0xee, 0xef, 0xf5, 0x1, 0xf4, 0x0, 0x0, 0x0,
    0x5f, 0xf6, 0x23, 0xf5, 0x22, 0x22, 0x22, 0x6f,
    0xff, 0xff, 0xff, 0xff, 0xff, 0xff, 0xff, 0xf6,
    0x23, 0xf5, 0x22, 0x22, 0x22, 0x6f, 0xf5, 0x1,
    0xf4, 0x0, 0x0, 0x0, 0x5f, 0xea, 0x56, 0xf8,
    0x55, 0x55, 0x55, 0xae, 0x5e, 0xff, 0xff, 0xff,
    0xff, 0xff, 0xe5,

    /* U+F00C "" */
    0x0, 0x0, 0x0, 0x0, 0x0, 0x0, 0x71, 0x0,
    0x0, 0x0, 0x0, 0x0, 0xb, 0xe1, 0x0, 0x0,
    0x0, 0x0, 0x0, 0xbe, 0x20, 0x0, 0x0, 0x0,
    0x0, 0xb, 0xe2, 0x0, 0xe, 0x70, 0x0, 0x0,
    0xbe, 0x20, 0x0, 0x5, 0xf8, 0x0, 0xc, 0xe2,
    0x0, 0x0, 0x0, 0x5f, 0x80, 0xce, 0x20, 0x0,
    0x0, 0x0, 0x5, 0xfe, 0xe2, 0x0, 0x0, 0x0,
    0x0, 0x0, 0x5c, 0x20, 0x0, 0x0, 0x0,

    /* U+F00D "" */
    0x2, 0x0, 0x0, 0x0, 0x10, 0xf, 0x80, 0x0,
    0x1, 0xe8, 0x6, 0xf7, 0x0, 0x1d, 0xd1, 0x0,
    0x6f, 0x61, 0xdd, 0x10, 0x0, 0x7, 0xfd, 0xd1,
    0x0, 0x0, 0x0, 0xef, 0x60, 0x0, 0x0, 0xc,
    0xea, 0xf4, 0x0, 0x0, 0xbe, 0x20, 0x9f, 0x30,
    0xa, 0xe2, 0x0, 0xa, 0xf3, 0xc, 0x30, 0x0,
    0x0, 0xa6,

    /* U+F011 "" */
    0x0, 0x0, 0x0, 0x0, 0x0, 0x0, 0x0, 0x0,
    0x0, 0x0, 0xd6, 0x0, 0x0, 0x0, 0x0, 0x25,
    0x0, 0xd6, 0x1, 0x60, 0x0, 0x2, 0xeb, 0x0,
    0xd6, 0x3, 0xf9, 0x0, 0xc, 0xd1, 0x0, 0xd6,
    0x0, 0x6f, 0x50, 0x4f, 0x20, 0x0, 0xd6, 0x0,
    0x9, 0xd0, 0x9b, 0x0, 0x0, 0xd6, 0x0, 0x3,
    0xf2, 0xb9, 0x0, 0x0, 0xd6, 0x0, 0x0, 0xf4,
    0xba, 0x0, 0x0, 0x83, 0x0, 0x1, 0xf4, 0x8d,
    0x0, 0x0, 0x0, 0x0, 0x5, 0xf1, 0x3f, 0x50,
    0x0, 0x0, 0x0, 0xc, 0xb0, 0x8, 0xe2, 0x0,
    0x0, 0x0, 0x8f, 0x20, 0x0, 0xbf, 0x71, 0x0,
    0x3b, 0xf5, 0x0, 0x0, 0x7, 0xff, 0xef, 0xfc,
    0x20, 0x0, 0x0, 0x0, 0x4, 0x65, 0x20, 0x0,
    0x0,

    /* U+F013 "" */
    0x0, 0x0, 0x0, 0x33, 0x0, 0x0, 0x0, 0x0,
    0x0, 0x2f, 0xff, 0xf2, 0x0, 0x0, 0x0, 0x21,
    0x7e, 0x22, 0xe7, 0x12, 0x0, 0x7, 0xff, 0xf6,
    0x0, 0x6f, 0xff, 0x60, 0x1f, 0x64, 0x40, 0x0,
    0x4, 0x47, 0xf1, 0x9d, 0x0, 0x4, 0xbb, 0x40,
    0x0, 0xd8, 0x7f, 0x40, 0x3f, 0x99, 0xf3, 0x4,
    0xf7, 0xb, 0xb0, 0x9c, 0x0, 0xb8, 0xb, 0xa0,
    0x2d, 0x80, 0x7e, 0x11, 0xe7, 0x8, 0xd1, 0xad,
    0x0, 0x1c, 0xff, 0xc1, 0x0, 0xd9, 0x6f, 0x10,
    0x0, 0x33, 0x0, 0x2, 0xf6, 0xd, 0xcb, 0xb1,
    0x0, 0x1b, 0xbc, 0xc0, 0x3, 0xca, 0xda, 0x0,
    0xad, 0xac, 0x30, 0x0, 0x0, 0x5f, 0x88, 0xf6,
    0x0, 0x0, 0x0, 0x0, 0xa, 0xdd, 0xa0, 0x0,
    0x0,

    /* U+F015 "" */
    0x0, 0x0, 0x0, 0x0, 0x31, 0x0, 0x0, 0x0,
    0x0, 0x0, 0x0, 0x0, 0x6f, 0xe3, 0x0, 0x0,
    0x0, 0x0, 0x0, 0x0, 0x9f, 0x6c, 0xf5, 0x0,
    0x0, 0x0, 0x0, 0x0, 0xbe, 0x30, 0x9, 0xf8,
    0x0, 0x0, 0x0, 0x2, 0xdd, 0x20, 0x0, 0x6,
    0xfa, 0x0, 0x0, 0x3, 0xec, 0x10, 0x0, 0x0,
    0x4, 0xec, 0x10, 0x5, 0xff, 0x10, 0x0, 0x0,
    0x0, 0x5, 0xfd, 0x20, 0xeb, 0xf0, 0x0, 0x0,
    0x0, 0x0, 0x4f, 0xb9, 0x0, 0x3f, 0x0, 0x8f,
    0xff, 0xd1, 0x4, 0xf0, 0x0, 0x3, 0xf0, 0xe,
    0x95, 0x5f, 0x60, 0x4f, 0x0, 0x0, 0x3f, 0x0,
    0xe6, 0x0, 0xe6, 0x4, 0xf0, 0x0, 0x3, 0xf0,
    0xe, 0x60, 0xe, 0x60, 0x4f, 0x0, 0x0, 0x3f,
    0x10, 0xe6, 0x0, 0xe6, 0x5, 0xf0, 0x0, 0x1,
    0xf9, 0x5f, 0x95, 0x5f, 0x95, 0xcc, 0x0, 0x0,
    0x5, 0xdf, 0xff, 0xff, 0xff, 0xfc, 0x20, 0x0,

    /* U+F019 "" */
    0x0, 0x0, 0x0, 0x10, 0x0, 0x0, 0x0, 0x0,
    0x0, 0x0, 0xd6, 0x0, 0x0, 0x0, 0x0, 0x0,
    0x0, 0xd6, 0x0, 0x0, 0x0, 0x0, 0x0, 0x0,
    0xd6, 0x0, 0x0, 0x0, 0x0, 0x0, 0x0, 0xd6,
    0x0, 0x0, 0x0, 0x0, 0x0, 0x0, 0xd6, 0x0,
    0x0, 0x0, 0x0, 0x7b, 0x0, 0xd6, 0x4, 0xe0,
    0x0, 0x0, 0x1d, 0xc1, 0xd6, 0x5f, 0x80, 0x0,
    0x0, 0x1, 0xdc, 0xeb, 0xf8, 0x0, 0x0, 0x6f,
    0xfb, 0x2d, 0xff, 0x72, 0xef, 0xf6, 0xe9, 0x44,
    0x21, 0xc6, 0x3, 0x44, 0x9e, 0xf4, 0x0, 0x0,
    0x0, 0x0, 0x48, 0x4f, 0xf4, 0x0, 0x0, 0x0,
    0x0, 0x13, 0x4f, 0xea, 0x55, 0x55, 0x55, 0x55,
    0x55, 0xae, 0x5e, 0xff, 0xff, 0xff, 0xff, 0xff,
    0xe5,

    /* U+F01C "" */
    0x0, 0x15, 0x55, 0x55, 0x55, 0x51, 0x0, 0x1,
    0xff, 0xff, 0xff, 0xff, 0xff, 0x10, 0x8, 0xd0,
    0x0, 0x0, 0x0, 0xe, 0x70, 0xc, 0x90, 0x0,
    0x0, 0x0, 0x9, 0xb0, 0xf, 0x50, 0x0, 0x0,
    0x0, 0x5, 0xf0, 0x4f, 0x10, 0x0, 0x0, 0x0,
    0x1, 0xf3, 0x8d, 0x0, 0x0, 0x0, 0x0, 0x0,
    0xd7, 0xcc, 0x55, 0x10, 0x0, 0x1, 0x55, 0xcb,
    0xff, 0xff, 0xc0, 0x0, 0xb, 0xff, 0xff, 0xf4,
    0x3, 0xfa, 0x99, 0xaf, 0x30, 0x4f, 0xf4, 0x0,
    0x7b, 0xbb, 0xb7, 0x0, 0x4f, 0xea, 0x55, 0x55,
    0x55, 0x55, 0x55, 0xae, 0x5e, 0xff, 0xff, 0xff,
    0xff, 0xff, 0xe5,

    /* U+F021 "" */
    0x0, 0x0, 0x1, 0x35, 0x20, 0x0, 0x0, 0x0,
    0x1, 0x9f, 0xff, 0xfd, 0x30, 0x14, 0x0, 0x1d,
    0xd5, 0x10, 0x2a, 0xf6, 0x6e, 0x0, 0xcc, 0x10,
    0x0, 0x0, 0x7f, 0xce, 0x3, 0xf2, 0x0, 0x0,
    0x1, 0x5c, 0xfe, 0x0, 0x20, 0x0, 0x0, 0x4,
    0xff, 0xfc, 0x0, 0x0, 0x0, 0x0, 0x0, 0x0,
    0x0, 0x5, 0x55, 0x30, 0x0, 0x0, 0x0, 0x0,
    0x5f, 0xff, 0xc0, 0x0, 0x0, 0x4, 0x70, 0x6f,
    0xf6, 0x0, 0x0, 0x0, 0xe, 0x90, 0x6e, 0x7f,
    0x70, 0x0, 0x1, 0xce, 0x10, 0x4c, 0x6, 0xfd,
    0x87, 0xaf, 0xd1, 0x0, 0x0, 0x0, 0x28, 0xbd,
    0xa5, 0x0, 0x0,

    /* U+F023 "" */
    0x0, 0x0, 0x2, 0x20, 0x0, 0x0, 0x0, 0x0,
    0x2c, 0xff, 0xd2, 0x0, 0x0, 0x0, 0xd, 0xc2,
    0x2c, 0xd0, 0x0, 0x0, 0x3, 0xf1, 0x0, 0x1f,
    0x40, 0x0, 0x0, 0x5f, 0x0, 0x0, 0xe6, 0x0,
    0x0, 0x6, 0xf0, 0x0, 0xe, 0x60, 0x0, 0x6f,
    0xff, 0xff, 0xff, 0xff, 0xf8, 0xe, 0xa5, 0x55,
    0x55, 0x55, 0x57, 0xf2, 0xf5, 0x0, 0x0, 0x0,
    0x0, 0x1f, 0x4f, 0x50, 0x0, 0x0, 0x0, 0x1,
    0xf4, 0xf5, 0x0, 0x0, 0x0, 0x0, 0x1f, 0x4f,
    0x50, 0x0, 0x0, 0x0, 0x1, 0xf4, 0xf5, 0x0,
    0x0, 0x0, 0x0, 0x1f, 0x4e, 0xa5, 0x55, 0x55,
    0x55, 0x57, 0xf2, 0x5e, 0xff, 0xff, 0xff, 0xff,
    0xe8, 0x0,

    /* U+F026 "" */
    0x0, 0x0, 0x0, 0x1, 0x20, 0x0, 0x0, 0x4,
    0xfe, 0x0, 0x0, 0x6, 0xfe, 0xe0, 0x0, 0x8,
    0xf8, 0x6e, 0x4c, 0xdd, 0xf5, 0x6, 0xee, 0xa7,
    0x73, 0x0, 0x6e, 0xf5, 0x0, 0x0, 0x6, 0xef,
    0x50, 0x0, 0x0, 0x6e, 0xbf, 0xff, 0xa0, 0x6,
    0xe0, 0x56, 0x6e, 0xc1, 0x6e, 0x0, 0x0, 0x2d,
    0xe9, 0xe0, 0x0, 0x0, 0x1c, 0xfe, 0x0, 0x0,
    0x0, 0x9, 0xa0,

    /* U+F027 "" */
    0x0, 0x0, 0x0, 0x2, 0x20, 0x0, 0x0, 0x0,
    0x0, 0x4, 0xfe, 0x0, 0x0, 0x0, 0x0, 0x6,
    0xfe, 0xe0, 0x0, 0x0, 0x0, 0x8, 0xf8, 0x6e,
    0x0, 0x0, 0x5c, 0xde, 0xf5, 0x6, 0xe0, 0x31,
    0xe, 0xa6, 0x63, 0x0, 0x6e, 0xa, 0xd0, 0xf4,
    0x0, 0x0, 0x6, 0xe0, 0x3f, 0x2f, 0x50, 0x0,
    0x0, 0x6e, 0x6, 0xf1, 0xbf, 0xee, 0xa0, 0x6,
    0xe0, 0x97, 0x0, 0x45, 0x6e, 0xc1, 0x6e, 0x0,
    0x0, 0x0, 0x0, 0x2d, 0xe9, 0xe0, 0x0, 0x0,
    0x0, 0x0, 0x1c, 0xfe, 0x0, 0x0, 0x0, 0x0,
    0x0, 0x9, 0x90, 0x0, 0x0,

    /* U+F028 "" */
    0x0, 0x0, 0x0, 0x0, 0x13, 0x0, 0x0, 0x24,
    0x0, 0x0, 0x0, 0x0, 0x0, 0x4f, 0xe0, 0x0,
    0x4, 0xf6, 0x0, 0x0, 0x0, 0x0, 0x6f, 0xee,
    0x0, 0x5, 0x7, 0xf3, 0x0, 0x0, 0x0, 0x8f,
    0x86, 0xe0, 0x0, 0xe8, 0xb, 0xb0, 0x5, 0xdd,
    0xef, 0x50, 0x6e, 0x3, 0x14, 0xf4, 0x4f, 0x10,
    0xe9, 0x66, 0x30, 0x6, 0xe0, 0xad, 0xc, 0xa0,
    0xf5, 0xf, 0x40, 0x0, 0x0, 0x6e, 0x3, 0xf2,
    0x8c, 0xe, 0x60, 0xf4, 0x0, 0x0, 0x6, 0xe0,
    0x6f, 0x1a, 0xc0, 0xe6, 0xb, 0xfe, 0xea, 0x0,
    0x6e, 0x9, 0x70, 0xe8, 0x1f, 0x30, 0x5, 0x56,
    0xec, 0x16, 0xe0, 0x0, 0xae, 0x17, 0xe0, 0x0,
    0x0, 0x2, 0xde, 0x9e, 0x0, 0xe, 0x31, 0xf7,
    0x0, 0x0, 0x0, 0x1, 0xbf, 0xe0, 0x0, 0x1,
    0xdd, 0x0, 0x0, 0x0, 0x0, 0x0, 0x99, 0x0,
    0x0, 0x5d, 0x10, 0x0, 0x0, 0x0, 0x0, 0x0,
    0x0, 0x0, 0x0, 0x0, 0x0,

    /* U+F03E "" */
    0x4, 0x55, 0x55, 0x55, 0x55, 0x55, 0x40, 0xbf,
    0xff, 0xff, 0xff, 0xff, 0xff, 0xfa, 0xf6, 0x0,
    0x0, 0x0, 0x0, 0x0, 0x6f, 0xf4, 0x1a, 0x70,
    0x0, 0x0, 0x0, 0x4f, 0xf4, 0x6f, 0xf1, 0x0,
    0x0, 0x0, 0x4f, 0xf4, 0x1c, 0xa0, 0x0, 0x0,
    0x0, 0x4f, 0xf4, 0x0, 0x0, 0x7, 0xe1, 0x0,
    0x4f, 0xf4, 0x1, 0x20, 0x4f, 0xfc, 0x0, 0x4f,
    0xf4, 0xc, 0xe3, 0xef, 0xff, 0x90, 0x4f, 0xf4,
    0x8f, 0xff, 0xff, 0xff, 0xf5, 0x4f, 0xf8, 0xff,
    0xff, 0xff, 0xff, 0xff, 0x8f, 0xef, 0xff, 0xff,
    0xff, 0xff, 0xff, 0xfe, 0x5e, 0xff, 0xff, 0xff,
    0xff, 0xff, 0xe5,

    /* U+F043 "" */
    0x0, 0x0, 0x1, 0x0, 0x0, 0x0, 0x0, 0xc,
    0xf4, 0x0, 0x0, 0x0, 0x8, 0xfb, 0xe1, 0x0,
    0x0, 0x3, 0xf6, 0xd, 0xa0, 0x0, 0x0, 0xdb,
    0x0, 0x4f, 0x50, 0x0, 0x7f, 0x10, 0x0, 0x9e,
    0x0, 0xe, 0x80, 0x0, 0x1, 0xf7, 0x7, 0xe0,
    0x0, 0x0, 0x7, 0xe0, 0xd8, 0x2, 0x0, 0x0,
    0x1f, 0x4f, 0x55, 0xe0, 0x0, 0x0, 0xd7, 0xd7,
    0x2f, 0xa2, 0x0, 0xf, 0x49, 0xd0, 0x5e, 0xf0,
    0x6, 0xf1, 0x1e, 0xa0, 0x0, 0x4, 0xf8, 0x0,
    0x3e, 0xe9, 0x8b, 0xf9, 0x0, 0x0, 0x17, 0xbc,
    0x94, 0x0, 0x0,

    /* U+F048 "" */
    0x6, 0x0, 0x0, 0x16, 0x1, 0xf2, 0x0, 0x4e,
    0xf4, 0x1f, 0x20, 0x9f, 0xaf, 0x41, 0xf6, 0xde,
    0x50, 0xf4, 0x1f, 0xfb, 0x10, 0xf, 0x41, 0xf7,
    0x0, 0x0, 0xf4, 0x1f, 0xd3, 0x0, 0xf, 0x41,
    0xfc, 0xf7, 0x0, 0xf4, 0x1f, 0x36, 0xfc, 0x2f,
    0x41, 0xf2, 0x2, 0xcf, 0xf4, 0x1e, 0x10, 0x0,
    0x8e, 0x20, 0x0, 0x0, 0x0, 0x0,

    /* U+F04B "" */
    0x14, 0x0, 0x0, 0x0, 0x0, 0xd, 0xfd, 0x40,
    0x0, 0x0, 0x0, 0xf6, 0xaf, 0xa1, 0x0, 0x0,
    0xf, 0x50, 0x4d, 0xf6, 0x0, 0x0, 0xf5, 0x0,
    0x7, 0xfc, 0x30, 0xf, 0x50, 0x0, 0x2, 0xbf,
    0x90, 0xf5, 0x0, 0x0, 0x0, 0x5f, 0x6f, 0x50,
    0x0, 0x0, 0x3d, 0xf3, 0xf5, 0x0, 0x1, 0x9f,
    0xb2, 0xf, 0x50, 0x6, 0xee, 0x50, 0x0, 0xf5,
    0x2c, 0xf8, 0x0, 0x0, 0xf, 0xcf, 0xc2, 0x0,
    0x0, 0x0, 0x8c, 0x60, 0x0, 0x0, 0x0, 0x0,

    /* U+F04C "" */
    0x15, 0x50, 0x1, 0x55, 0xd, 0xff, 0xc0, 0xef,
    0xfb, 0xf5, 0x6f, 0x2f, 0x36, 0xef, 0x56, 0xf2,
    0xf3, 0x6e, 0xf5, 0x6f, 0x2f, 0x36, 0xef, 0x56,
    0xf2, 0xf3, 0x6e, 0xf5, 0x6f, 0x2f, 0x36, 0xef,
    0x56, 0xf2, 0xf3, 0x6e, 0xf5, 0x6f, 0x2f, 0x36,
    0xef, 0x89, 0xe1, 0xf7, 0x9e, 0x8f, 0xf7, 0xa,
    0xff, 0x70,

    /* U+F04D "" */
    0x4, 0x55, 0x55, 0x55, 0x51, 0xa, 0xff, 0xff,
    0xff, 0xff, 0xf2, 0xf6, 0x0, 0x0, 0x0, 0xf,
    0x6f, 0x40, 0x0, 0x0, 0x0, 0xe6, 0xf4, 0x0,
    0x0, 0x0, 0xe, 0x6f, 0x40, 0x0, 0x0, 0x0,
    0xe6, 0xf4, 0x0, 0x0, 0x0, 0xe, 0x6f, 0x40,
    0x0, 0x0, 0x0, 0xe6, 0xf4, 0x0, 0x0, 0x0,
    0xe, 0x6e, 0x94, 0x44, 0x44, 0x46, 0xf5, 0x5e,
    0xff, 0xff, 0xff, 0xfa, 0x0,

    /* U+F051 "" */
    0x6, 0x0, 0x0, 0x6, 0x5, 0xfe, 0x30, 0x3,
    0xf1, 0x5f, 0xaf, 0x80, 0x4f, 0x15, 0xe0, 0x6f,
    0xc6, 0xf1, 0x5e, 0x0, 0x2c, 0xff, 0x15, 0xe0,
    0x0, 0x8, 0xf1, 0x5e, 0x0, 0x4, 0xef, 0x15,
    0xe0, 0x8, 0xfc, 0xf1, 0x5e, 0x2d, 0xf5, 0x3f,
    0x15, 0xff, 0xb1, 0x3, 0xf1, 0x3e, 0x70, 0x0,
    0x2e, 0x0, 0x0, 0x0, 0x0, 0x0,

    /* U+F052 "" */
    0x0, 0x0, 0x0, 0x35, 0x0, 0x0, 0x0, 0x0,
    0x0, 0x6, 0xff, 0x90, 0x0, 0x0, 0x0, 0x0,
    0x5f, 0x74, 0xf8, 0x0, 0x0, 0x0, 0x4, 0xf9,
    0x0, 0x5f, 0x70, 0x0, 0x0, 0x3f, 0xa0, 0x0,
    0x6, 0xf5, 0x0, 0x2, 0xeb, 0x0, 0x0, 0x0,
    0x7f, 0x40, 0xd, 0xc0, 0x0, 0x0, 0x0, 0x9,
    0xf1, 0xd, 0xff, 0xff, 0xff, 0xff, 0xff, 0xf1,
    0x1, 0x55, 0x55, 0x55, 0x55, 0x55, 0x20, 0x3,
    0x55, 0x55, 0x55, 0x55, 0x55, 0x40, 0xd, 0xff,
    0xff, 0xff, 0xff, 0xff, 0xf2,

    /* U+F053 "" */
    0x0, 0x0, 0x0, 0x0, 0x0, 0x0, 0xaa, 0x0,
    0x0, 0xbe, 0x20, 0x0, 0xbe, 0x20, 0x0, 0xbe,
    0x20, 0x0, 0xbe, 0x20, 0x0, 0x9f, 0x20, 0x0,
    0x5, 0xf7, 0x0, 0x0, 0x6, 0xf7, 0x0, 0x0,
    0x6, 0xf6, 0x0, 0x0, 0x6, 0xf6, 0x0, 0x0,
    0x6, 0xf6, 0x0, 0x0, 0x5, 0x60,

    /* U+F054 "" */
    0x0, 0x0, 0x0, 0x0, 0xe, 0x60, 0x0, 0x0,
    0x6, 0xf7, 0x0, 0x0, 0x0, 0x6f, 0x70, 0x0,
    0x0, 0x6, 0xf7, 0x0, 0x0, 0x0, 0x6f, 0x70,
    0x0, 0x0, 0x6, 0xf5, 0x0, 0x0, 0xa, 0xe2,
    0x0, 0x0, 0xae, 0x30, 0x0, 0xa, 0xe3, 0x0,
    0x0, 0xae, 0x30, 0x0, 0xa, 0xe3, 0x0, 0x0,
    0x9, 0x30, 0x0, 0x0,

    /* U+F067 "" */
    0x0, 0x0, 0x5, 0x90, 0x0, 0x0, 0x0, 0x0,
    0x8, 0xc0, 0x0, 0x0, 0x0, 0x0, 0x8, 0xc0,
    0x0, 0x0, 0x0, 0x0, 0x8, 0xc0, 0x0, 0x0,
    0x1, 0x11, 0x19, 0xc1, 0x11, 0x10, 0x7f, 0xff,
    0xff, 0xff, 0xff, 0xfb, 0x14, 0x44, 0x4a, 0xd4,
    0x44, 0x42, 0x0, 0x0, 0x8, 0xc0, 0x0, 0x0,
    0x0, 0x0, 0x8, 0xc0, 0x0, 0x0, 0x0, 0x0,
    0x8, 0xc0, 0x0, 0x0, 0x0, 0x0, 0x8, 0xc0,
    0x0, 0x0, 0x0, 0x0, 0x6, 0xa0, 0x0, 0x0,

    /* U+F068 "" */
    0x1, 0x11, 0x11, 0x11, 0x11, 0x10, 0x7f, 0xff,
    0xff, 0xff, 0xff, 0xfb, 0x14, 0x44, 0x44, 0x44,
    0x44, 0x42,

    /* U+F06E "" */
    0x0, 0x0, 0x0, 0x3, 0x54, 0x20, 0x0, 0x0,
    0x0, 0x0, 0x0, 0x7e, 0xff, 0xff, 0xd4, 0x0,
    0x0, 0x0, 0x2, 0xcf, 0x72, 0x0, 0x39, 0xf9,
    0x0, 0x0, 0x1, 0xec, 0x20, 0x7b, 0xa5, 0x4,
    0xea, 0x0, 0x0, 0xcc, 0x0, 0xbf, 0xe9, 0xf7,
    0x2, 0xe8, 0x0, 0x7e, 0x10, 0x4f, 0xfb, 0x5,
    0xf0, 0x4, 0xf2, 0xe, 0x80, 0x8, 0xe8, 0x10,
    0xf, 0x40, 0xc, 0x90, 0xbd, 0x0, 0x6e, 0x0,
    0x2, 0xf2, 0x1, 0xf7, 0x3, 0xf7, 0x1, 0xe9,
    0x23, 0xcc, 0x0, 0xbd, 0x0, 0x6, 0xf5, 0x3,
    0xdf, 0xfb, 0x10, 0xaf, 0x30, 0x0, 0x8, 0xf9,
    0x0, 0x21, 0x2, 0xcf, 0x40, 0x0, 0x0, 0x4,
    0xee, 0xa7, 0x8b, 0xfc, 0x20, 0x0, 0x0, 0x0,
    0x1, 0x7b, 0xdd, 0xb5, 0x0, 0x0, 0x0,

    /* U+F070 "" */
    0x2, 0x0, 0x0, 0x0, 0x0, 0x0, 0x0, 0x0,
    0x0, 0x0, 0xeb, 0x10, 0x0, 0x2, 0x54, 0x10,
    0x0, 0x0, 0x0, 0x2, 0xde, 0x30, 0x8f, 0xff,
    0xff, 0xc3, 0x0, 0x0, 0x0, 0x0, 0xaf, 0xee,
    0x62, 0x0, 0x3b, 0xf8, 0x0, 0x0, 0x0, 0x0,
    0x6f, 0xa2, 0x9c, 0xb5, 0x5, 0xf9, 0x0, 0x0,
    0x1, 0xa0, 0x3e, 0xff, 0xda, 0xf6, 0x4, 0xf7,
    0x0, 0x0, 0xad, 0x0, 0x1c, 0xfa, 0x7, 0xf0,
    0x6, 0xf1, 0x0, 0xf, 0x60, 0x3, 0x8, 0xf9,
    0x2f, 0x30, 0xe, 0x80, 0x0, 0xcb, 0x0, 0x99,
    0x5, 0xfd, 0xf0, 0x3, 0xf4, 0x0, 0x4, 0xf6,
    0x2, 0xf9, 0x12, 0xdf, 0x31, 0xdb, 0x0, 0x0,
    0x7, 0xf4, 0x4, 0xde, 0x30, 0xaf, 0xdd, 0x10,
    0x0, 0x0, 0x9, 0xf8, 0x0, 0x10, 0x0, 0x7f,
    0xb0, 0x0, 0x0, 0x0, 0x5, 0xee, 0x97, 0x9c,
    0x80, 0x3e, 0xd2, 0x0, 0x0, 0x0, 0x1, 0x7b,
    0xdc, 0xa4, 0x0, 0x1c, 0xe3, 0x0, 0x0, 0x0,
    0x0, 0x0, 0x0, 0x0, 0x0, 0x7, 0x30,

    /* U+F071 "" */
    0x0, 0x0, 0x0, 0x33, 0x0, 0x0, 0x0, 0x0,
    0x0, 0x6, 0xff, 0x50, 0x0, 0x0, 0x0, 0x0,
    0x1e, 0x99, 0xe1, 0x0, 0x0, 0x0, 0x0, 0x9e,
    0x1, 0xe9, 0x0, 0x0, 0x0, 0x3, 0xf5, 0xa3,
    0x6f, 0x30, 0x0, 0x0, 0xc, 0xb0, 0xe6, 0xc,
    0xc0, 0x0, 0x0, 0x6f, 0x20, 0xe6, 0x2, 0xf6,
    0x0, 0x1, 0xf8, 0x0, 0xd5, 0x0, 0x8e, 0x10,
    0xa, 0xe0, 0x0, 0x0, 0x0, 0xe, 0x90, 0x3f,
    0x40, 0x0, 0xe6, 0x0, 0x5, 0xf3, 0xcb, 0x0,
    0x0, 0x94, 0x0, 0x0, 0xbc, 0xda, 0x55, 0x55,
    0x55, 0x55, 0x55, 0xae, 0x5d, 0xff, 0xff, 0xff,
    0xff, 0xff, 0xd5,

    /* U+F074 "" */
    0x0, 0x0, 0x0, 0x0, 0x0, 0x25, 0x0, 0x0,
    0x0, 0x0, 0x0, 0x0, 0x4, 0xf7, 0x0, 0x35,
    0x41, 0x0, 0x0, 0x14, 0x5b, 0xf7, 0xd, 0xff,
    0xf6, 0x0, 0x3e, 0xff, 0xff, 0xd0, 0x0, 0x8,
    0xf3, 0x1e, 0xb1, 0xb, 0xe2, 0x0, 0x0, 0xa,
    0xe2, 0xb0, 0x6, 0xe2, 0x0, 0x0, 0x0, 0x1d,
    0xb0, 0x0, 0x0, 0x0, 0x0, 0x0, 0x2, 0x3f,
    0x70, 0x2, 0x50, 0x0, 0x0, 0x1, 0xe6, 0x6f,
    0x30, 0x4f, 0x70, 0x4, 0x56, 0xdd, 0x0, 0xae,
    0x75, 0xbf, 0x70, 0xcf, 0xeb, 0x10, 0x0, 0x9e,
    0xff, 0xfd, 0x0, 0x0, 0x0, 0x0, 0x0, 0x0,
    0xbe, 0x20, 0x0, 0x0, 0x0, 0x0, 0x0, 0x6e,
    0x20, 0x0, 0x0, 0x0, 0x0, 0x0, 0x0, 0x0,
    0x0,

    /* U+F077 "" */
    0x0, 0x0, 0x2, 0x20, 0x0, 0x0, 0x0, 0x0,
    0x3f, 0xf3, 0x0, 0x0, 0x0, 0x3, 0xfa, 0xaf,
    0x30, 0x0, 0x0, 0x3f, 0xa0, 0xa, 0xf3, 0x0,
    0x3, 0xfa, 0x0, 0x0, 0xaf, 0x30, 0x3f, 0xa0,
    0x0, 0x0, 0xa, 0xf3, 0xca, 0x0, 0x0, 0x0,
    0x0, 0xac, 0x10, 0x0, 0x0, 0x0, 0x0, 0x0,

    /* U+F078 "" */
    0x73, 0x0, 0x0, 0x0, 0x0, 0x37, 0xaf, 0x30,
    0x0, 0x0, 0x3, 0xf9, 0xa, 0xf3, 0x0, 0x0,
    0x3f, 0xa0, 0x0, 0xaf, 0x30, 0x3, 0xfa, 0x0,
    0x0, 0xa, 0xf3, 0x3f, 0xa0, 0x0, 0x0, 0x0,
    0xaf, 0xfa, 0x0, 0x0, 0x0, 0x0, 0xa, 0x90,
    0x0, 0x0,

    /* U+F079 "" */
    0x0, 0x71, 0x0, 0x0, 0x0, 0x0, 0x0, 0x0,
    0xb, 0xfd, 0x10, 0x9, 0xbb, 0xba, 0x50, 0x0,
    0xae, 0x4c, 0xd0, 0x7, 0x99, 0x9a, 0xf6, 0x0,
    0xdf, 0xff, 0xf1, 0x0, 0x0, 0x0, 0x9b, 0x0,
    0x16, 0xf8, 0x30, 0x0, 0x0, 0x0, 0x8c, 0x0,
    0x0, 0xf4, 0x0, 0x0, 0x0, 0x0, 0x8c, 0x0,
    0x0, 0xf4, 0x0, 0x0, 0x0, 0x0, 0x8c, 0x0,
    0x0, 0xf4, 0x0, 0x0, 0x0, 0x2e, 0xff, 0xf6,
    0x0, 0xdb, 0x32, 0x22, 0x0, 0x5f, 0x97, 0xf9,
    0x0, 0x3e, 0xff, 0xff, 0xa0, 0xa, 0xfd, 0xd1,
    0x0, 0x0, 0x11, 0x11, 0x0, 0x0, 0x9d, 0x10,
    0x0, 0x0, 0x0, 0x0, 0x0, 0x0, 0x0, 0x0,

    /* U+F07B "" */
    0x0, 0x12, 0x22, 0x10, 0x0, 0x0, 0x0, 0x0,
    0x8f, 0xff, 0xff, 0xb0, 0x0, 0x0, 0x0, 0xf,
    0x72, 0x22, 0x3e, 0xc6, 0x66, 0x65, 0x0, 0xf4,
    0x0, 0x0, 0x2c, 0xee, 0xee, 0xfb, 0xf, 0x40,
    0x0, 0x0, 0x0, 0x0, 0x6, 0xf0, 0xf4, 0x0,
    0x0, 0x0, 0x0, 0x0, 0x5f, 0xf, 0x40, 0x0,
    0x0, 0x0, 0x0, 0x5, 0xf0, 0xf4, 0x0, 0x0,
    0x0, 0x0, 0x0, 0x5f, 0xf, 0x40, 0x0, 0x0,
    0x0, 0x0, 0x5, 0xf0, 0xf4, 0x0, 0x0, 0x0,
    0x0, 0x0, 0x5f, 0xf, 0x40, 0x0, 0x0, 0x0,
    0x0, 0x5, 0xf0, 0xfa, 0x55, 0x55, 0x55, 0x55,
    0x55, 0xae, 0x5, 0xdf, 0xff, 0xff, 0xff, 0xff,
    0xfd, 0x50,

    /* U+F093 "" */
    0x0, 0x0, 0x0, 0x30, 0x0, 0x0, 0x0, 0x0,
    0x0, 0x5, 0xfd, 0x10, 0x0, 0x0, 0x0, 0x0,
    0x5f, 0xff, 0xd1, 0x0, 0x0, 0x0, 0x5, 0xf8,
    0xe8, 0xdd, 0x10, 0x0, 0x0, 0x4f, 0x80, 0xe7,
    0x1d, 0xd0, 0x0, 0x0, 0x46, 0x0, 0xe7, 0x1,
    0x90, 0x0, 0x0, 0x0, 0x0, 0xe7, 0x0, 0x0,
    0x0, 0x0, 0x0, 0x0, 0xe7, 0x0, 0x0, 0x0,
    0x0, 0x0, 0x0, 0xe7, 0x0, 0x0, 0x0, 0x6f,
    0xff, 0xf7, 0xe7, 0x7f, 0xff, 0xf6, 0xf9, 0x44,
    0x41, 0xd6, 0x14, 0x44, 0x9e, 0xf5, 0x0, 0x0,
    0x0, 0x0, 0x48, 0x5f, 0xf5, 0x0, 0x0, 0x0,
    0x0, 0x13, 0x5f, 0xea, 0x55, 0x55, 0x55, 0x55,
    0x55, 0xae, 0x5e, 0xff, 0xff, 0xff, 0xff, 0xff,
    0xe5,

    /* U+F095 "" */
    0x0, 0x0, 0x0, 0x0, 0x0, 0x0, 0x0, 0x0,
    0x3, 0x9c, 0xfe, 0x10, 0x0, 0x0, 0x0, 0x0,
    0xf, 0xd8, 0x5d, 0x80, 0x0, 0x0, 0x0, 0x0,
    0xf, 0x60, 0x6, 0xe0, 0x0, 0x0, 0x0, 0x0,
    0xd, 0x80, 0x0, 0xf6, 0x0, 0x0, 0x0, 0x0,
    0xa, 0xb0, 0x7, 0xf5, 0x0, 0x0, 0x0, 0x0,
    0x5, 0xf1, 0x2f, 0x60, 0x0, 0x0, 0x0, 0x0,
    0x0, 0xe7, 0x1e, 0x90, 0x0, 0x0, 0x0, 0x0,
    0x0, 0x7f, 0x14, 0xf6, 0x0, 0x87, 0x10, 0x0,
    0x0, 0xd, 0xc0, 0x6f, 0x9a, 0xee, 0xfa, 0x20,
    0x0, 0x2, 0xfa, 0x4, 0xee, 0x30, 0x5d, 0xe0,
    0x0, 0x0, 0x3e, 0xc2, 0x0, 0x0, 0x8, 0xd0,
    0x0, 0x0, 0x2, 0xcf, 0x82, 0x0, 0xb, 0xa0,
    0x0, 0x0, 0x0, 0x6, 0xdf, 0xd9, 0x8e, 0x60,
    0x0, 0x0, 0x0, 0x0, 0x4, 0x8b, 0xdc, 0x10,

    /* U+F0C4 "" */
    0x0, 0x2, 0x20, 0x0, 0x0, 0x0, 0x0, 0x0,
    0x1, 0xbf, 0xfc, 0x20, 0x0, 0x0, 0x0, 0x0,
    0xa, 0xd3, 0x3d, 0xc0, 0x0, 0x0, 0x1, 0x50,
    0xf, 0x60, 0x5, 0xf0, 0x0, 0x0, 0x3e, 0xc0,
    0xe, 0x80, 0x7, 0xf0, 0x0, 0x5, 0xfb, 0x0,
    0x7, 0xf9, 0x9f, 0xf4, 0x0, 0x7f, 0x80, 0x0,
    0x0, 0x6c, 0xd7, 0xaf, 0x6a, 0xf6, 0x0, 0x0,
    0x0, 0x0, 0x0, 0x8, 0xfe, 0x40, 0x0, 0x0,
    0x0, 0x3, 0x40, 0x2d, 0xd2, 0x70, 0x0, 0x0,
    0x2, 0xdf, 0xfe, 0xfb, 0x12, 0xed, 0x10, 0x0,
    0xb, 0xc1, 0x1c, 0xe0, 0x0, 0x1d, 0xe3, 0x0,
    0xf, 0x50, 0x4, 0xf0, 0x0, 0x0, 0xbf, 0x50,
    0xe, 0x80, 0x7, 0xe0, 0x0, 0x0, 0x9, 0xd0,
    0x6, 0xfa, 0x9f, 0x70, 0x0, 0x0, 0x0, 0x0,
    0x0, 0x5c, 0xc6, 0x0, 0x0, 0x0, 0x0, 0x0,

    /* U+F0C5 "" */
    0x0, 0x0, 0x3, 0x33, 0x31, 0x0, 0x0, 0x0,
    0xe, 0xff, 0xff, 0xf6, 0x0, 0x0, 0x5, 0xf1,
    0x0, 0x7, 0xf5, 0x0, 0x0, 0x6e, 0x0, 0x0,
    0x6, 0xf1, 0x4c, 0x86, 0xe0, 0x0, 0x0, 0xf,
    0x3e, 0xb4, 0x6e, 0x0, 0x0, 0x0, 0xf3, 0xf4,
    0x6, 0xe0, 0x0, 0x0, 0xf, 0x3f, 0x40, 0x6e,
    0x0, 0x0, 0x0, 0xf3, 0xf4, 0x6, 0xe0, 0x0,
    0x0, 0xf, 0x3f, 0x40, 0x5f, 0x20, 0x0, 0x3,
    0xf3, 0xf4, 0x0, 0xef, 0xff, 0xff, 0xfd, 0xf,
    0x40, 0x1, 0x33, 0x33, 0x33, 0x0, 0xf4, 0x0,
    0x0, 0x5, 0x80, 0x0, 0xe, 0xa5, 0x55, 0x55,
    0xcb, 0x0, 0x0, 0x5e, 0xff, 0xff, 0xfd, 0x30,
    0x0, 0x0,

    /* U+F0C7 "" */
    0x4, 0x55, 0x55, 0x55, 0x40, 0x0, 0xb, 0xff,
    0xff, 0xff, 0xff, 0xe2, 0x0, 0xf6, 0xd8, 0x0,
    0x9, 0xcc, 0xe2, 0xf, 0x5d, 0x80, 0x0, 0x9c,
    0xb, 0xd0, 0xf5, 0xcf, 0xff, 0xff, 0xb0, 0x1f,
    0x2f, 0x53, 0x55, 0x55, 0x52, 0x1, 0xf3, 0xf5,
    0x0, 0x0, 0x0, 0x0, 0x1f, 0x3f, 0x50, 0x2,
    0xdf, 0x50, 0x1, 0xf3, 0xf5, 0x0, 0x8f, 0xfc,
    0x0, 0x1f, 0x3f, 0x50, 0x5, 0xff, 0x90, 0x1,
    0xf3, 0xf5, 0x0, 0x3, 0x50, 0x0, 0x1f, 0x3e,
    0xa5, 0x55, 0x55, 0x55, 0x57, 0xf2, 0x5e, 0xff,
    0xff, 0xff, 0xff, 0xe8, 0x0,

    /* U+F0C9 "" */
    0x45, 0x55, 0x55, 0x55, 0x55, 0x55, 0xd, 0xff,
    0xff, 0xff, 0xff, 0xff, 0xe2, 0x0, 0x0, 0x0,
    0x0, 0x0, 0x0, 0x0, 0x0, 0x0, 0x0, 0x0,
    0x0, 0x0, 0x2, 0x22, 0x22, 0x22, 0x22, 0x21,
    0xe, 0xff, 0xff, 0xff, 0xff, 0xff, 0xf2, 0x13,
    0x33, 0x33, 0x33, 0x33, 0x32, 0x0, 0x0, 0x0,
    0x0, 0x0, 0x0, 0x0, 0x0, 0x0, 0x0, 0x0,
    0x0, 0x0, 0xc, 0xff, 0xff, 0xff, 0xff, 0xff,
    0xe2, 0x45, 0x55, 0x55, 0x55, 0x55, 0x55, 0x0,

    /* U+F0E0 "" */
    0x4, 0x55, 0x55, 0x55, 0x55, 0x55, 0x40, 0xbf,
    0xff, 0xff, 0xff, 0xff, 0xff, 0xfb, 0xf6, 0x0,
    0x0, 0x0, 0x0, 0x0, 0x6f, 0xfd, 0x20, 0x0,
    0x0, 0x0, 0x2, 0xdf, 0xfe, 0xe4, 0x0, 0x0,
    0x0, 0x4f, 0xef, 0xf5, 0x8f, 0x80, 0x0, 0x8,
    0xf8, 0x5f, 0xf5, 0x5, 0xfb, 0x22, 0xbf, 0x50,
    0x5f, 0xf5, 0x0, 0x2d, 0xff, 0xd3, 0x0, 0x5f,
    0xf5, 0x0, 0x0, 0x44, 0x0, 0x0, 0x5f, 0xf9,
    0x55, 0x55, 0x55, 0x55, 0x55, 0x9f, 0x6e, 0xff,
    0xff, 0xff, 0xff, 0xff, 0xe6,

    /* U+F0E7 "" */
    0x0, 0x0, 0x0, 0x0, 0x10, 0x0, 0x0, 0x0,
    0x0, 0x6, 0xf7, 0x0, 0x0, 0x0, 0x0, 0x9f,
    0xf5, 0x0, 0x0, 0x0, 0x1b, 0xe8, 0xf0, 0x0,
    0x0, 0x2, 0xdc, 0x1a, 0xb0, 0x0, 0x0, 0x4e,
    0xa0, 0xf, 0x60, 0x0, 0x6, 0xf8, 0x0, 0x4f,
    0x65, 0x40, 0xf, 0xfe, 0xe7, 0x4f, 0xff, 0xf3,
    0x4, 0x66, 0xf7, 0x0, 0x4e, 0xc0, 0x0, 0x2,
    0xf3, 0x6, 0xfa, 0x0, 0x0, 0x7, 0xe0, 0x8f,
    0x80, 0x0, 0x0, 0xb, 0xaa, 0xf5, 0x0, 0x0,
    0x0, 0xf, 0xfe, 0x30, 0x0, 0x0, 0x0, 0x4f,
    0xd2, 0x0, 0x0, 0x0, 0x0, 0x6, 0x0, 0x0,
    0x0, 0x0,

    /* U+F0EA "" */
    0x0, 0x0, 0x10, 0x0, 0x0, 0x0, 0x0, 0x0,
    0xd, 0xf6, 0x0, 0x0, 0x0, 0x0, 0x5e, 0xff,
    0xbf, 0xeb, 0x10, 0x0, 0x0, 0xe9, 0xbf, 0xfa,
    0x53, 0x10, 0x0, 0x0, 0xf4, 0x0, 0x4, 0xdf,
    0xff, 0xf9, 0x0, 0xf4, 0x0, 0xd, 0xb5, 0x55,
    0x6e, 0xb0, 0xf4, 0x0, 0xe, 0x60, 0x0, 0x2,
    0xe9, 0xf4, 0x0, 0xe, 0x60, 0x0, 0x0, 0x5f,
    0xf4, 0x0, 0xe, 0x60, 0x0, 0x0, 0x4f, 0xf4,
    0x0, 0xe, 0x60, 0x0, 0x0, 0x4f, 0xf4, 0x0,
    0xe, 0x60, 0x0, 0x0, 0x4f, 0xf8, 0x33, 0x1e,
    0x60, 0x0, 0x0, 0x4f, 0x9f, 0xff, 0x5e, 0x60,
    0x0, 0x0, 0x4f, 0x2, 0x22, 0x1d, 0xb5, 0x55,
    0x55, 0xae, 0x0, 0x0, 0x4, 0xef, 0xff, 0xff,
    0xe5,

    /* U+F0F3 "" */
    0x0, 0x0, 0x0, 0x0, 0x0, 0x0, 0x0, 0x0,
    0x0, 0x0, 0x9d, 0x0, 0x0, 0x0, 0x0, 0x0,
    0x6, 0xef, 0x81, 0x0, 0x0, 0x0, 0x1, 0xde,
    0xa9, 0xde, 0x30, 0x0, 0x0, 0xa, 0xd1, 0x0,
    0xa, 0xe0, 0x0, 0x0, 0x1f, 0x40, 0x0, 0x1,
    0xf5, 0x0, 0x0, 0x3f, 0x10, 0x0, 0x0, 0xd7,
    0x0, 0x0, 0x4f, 0x0, 0x0, 0x0, 0xc8, 0x0,
    0x0, 0x7d, 0x0, 0x0, 0x0, 0xab, 0x0, 0x0,
    0xd9, 0x0, 0x0, 0x0, 0x6f, 0x10, 0x6, 0xf4,
    0x11, 0x11, 0x11, 0x2e, 0xa0, 0xd, 0xff, 0xff,
    0xff, 0xff, 0xff, 0xf1, 0x1, 0x22, 0x22, 0x22,
    0x22, 0x22, 0x10, 0x0, 0x0, 0x6, 0xff, 0xb0,
    0x0, 0x0, 0x0, 0x0, 0x0, 0x9b, 0x20, 0x0,
    0x0,

    /* U+F11C "" */
    0x4, 0x55, 0x55, 0x55, 0x55, 0x55, 0x55, 0x40,
    0xbf, 0xff, 0xff, 0xff, 0xff, 0xff, 0xff, 0xf9,
    0xf6, 0x0, 0x0, 0x0, 0x0, 0x0, 0x0, 0x7e,
    0xf5, 0x1e, 0x1d, 0x3a, 0x67, 0x94, 0xc0, 0x6e,
    0xf5, 0x2, 0x2, 0x1, 0x1, 0x10, 0x20, 0x6e,
    0xf5, 0x1d, 0x1c, 0x39, 0x67, 0x84, 0xb0, 0x6e,
    0xf5, 0x5, 0x4, 0x3, 0x12, 0x31, 0x40, 0x6e,
    0xf5, 0x0, 0x38, 0x88, 0x88, 0x71, 0x0, 0x6e,
    0xf5, 0x0, 0x6d, 0xdd, 0xdd, 0xc3, 0x0, 0x6e,
    0xf9, 0x55, 0x55, 0x55, 0x55, 0x55, 0x55, 0xad,
    0x6e, 0xff, 0xff, 0xff, 0xff, 0xff, 0xff, 0xd5,

    /* U+F124 "" */
    0x0, 0x0, 0x0, 0x0, 0x3, 0x95, 0x0, 0x0,
    0x0, 0x6, 0xdf, 0xfa, 0x0, 0x0, 0x39, 0xff,
    0x95, 0xf4, 0x0, 0x5c, 0xfd, 0x60, 0x8, 0xd0,
    0x4e, 0xff, 0x95, 0x20, 0xe, 0x70, 0x6f, 0xff,
    0xff, 0xf3, 0x5f, 0x10, 0x0, 0x0, 0x0, 0xe6,
    0xca, 0x0, 0x0, 0x0, 0x0, 0xe9, 0xf3, 0x0,
    0x0, 0x0, 0x0, 0xef, 0xd0, 0x0, 0x0, 0x0,
    0x0, 0xef, 0x60, 0x0, 0x0, 0x0, 0x0, 0xef,
    0x0, 0x0, 0x0, 0x0, 0x0, 0x65, 0x0, 0x0,

    /* U+F15B "" */
    0x3, 0x44, 0x44, 0x20, 0x0, 0x8, 0xff, 0xff,
    0xff, 0x90, 0x0, 0xf7, 0x11, 0x11, 0xff, 0x90,
    0xf, 0x50, 0x0, 0xf, 0xff, 0x90, 0xf5, 0x0,
    0x0, 0xdf, 0xff, 0x3f, 0x50, 0x0, 0x0, 0x22,
    0xe6, 0xf5, 0x0, 0x0, 0x0, 0xe, 0x6f, 0x50,
    0x0, 0x0, 0x0, 0xe6, 0xf5, 0x0, 0x0, 0x0,
    0xe, 0x6f, 0x50, 0x0, 0x0, 0x0, 0xe6, 0xf5,
    0x0, 0x0, 0x0, 0xe, 0x6f, 0x50, 0x0, 0x0,
    0x0, 0xe6, 0xf5, 0x0, 0x0, 0x0, 0xe, 0x6d,
    0xa5, 0x55, 0x55, 0x56, 0xf5, 0x5e, 0xff, 0xff,
    0xff, 0xfa, 0x0,

    /* U+F1EB "" */
    0x0, 0x0, 0x0, 0x2, 0x45, 0x43, 0x0, 0x0,
    0x0, 0x0, 0x0, 0x3, 0x9e, 0xff, 0xff, 0xff,
    0xb6, 0x0, 0x0, 0x0, 0x1a, 0xfc, 0x73, 0x0,
    0x1, 0x59, 0xfe, 0x50, 0x0, 0x4e, 0xd4, 0x0,
    0x0, 0x0, 0x0, 0x1, 0x8f, 0xa0, 0xe, 0x90,
    0x0, 0x0, 0x0, 0x0, 0x0, 0x0, 0x4e, 0x60,
    0x0, 0x0, 0x0, 0x14, 0x65, 0x30, 0x0, 0x0,
    0x0, 0x0, 0x0, 0x2, 0xbf, 0xfe, 0xff, 0xe6,
    0x0, 0x0, 0x0, 0x0, 0x7, 0xfc, 0x41, 0x0,
    0x27, 0xfc, 0x20, 0x0, 0x0, 0x0, 0x86, 0x0,
    0x0, 0x0, 0x2, 0x93, 0x0, 0x0, 0x0, 0x0,
    0x0, 0x0, 0x10, 0x0, 0x0, 0x0, 0x0, 0x0,
    0x0, 0x0, 0x0, 0x6f, 0xd0, 0x0, 0x0, 0x0,
    0x0, 0x0, 0x0, 0x0, 0xb, 0xff, 0x30, 0x0,
    0x0, 0x0, 0x0, 0x0, 0x0, 0x0, 0x3c, 0x90,
    0x0, 0x0, 0x0, 0x0,

    /* U+F240 "" */
    0x3, 0x66, 0x66, 0x66, 0x66, 0x66, 0x63, 0x0,
    0x8f, 0xee, 0xee, 0xee, 0xee, 0xee, 0xef, 0x70,
    0xf7, 0x0, 0x0, 0x0, 0x0, 0x0, 0x8, 0xe0,
    0xf4, 0x8f, 0xff, 0xff, 0xff, 0xff, 0x16, 0xf9,
    0xf4, 0x8f, 0xff, 0xff, 0xff, 0xff, 0x16, 0xfc,
    0xf4, 0x8f, 0xff, 0xff, 0xff, 0xff, 0x16, 0xfc,
    0xf5, 0x47, 0x77, 0x77, 0x77, 0x77, 0x6, 0xf3,
    0xea, 0x32, 0x22, 0x22, 0x22, 0x22, 0x3b, 0xc0,
    0x5f, 0xff, 0xff, 0xff, 0xff, 0xff, 0xfe, 0x30,
    0x0, 0x11, 0x11, 0x11, 0x11, 0x11, 0x10, 0x0,

    /* U+F241 "" */
    0x3, 0x66, 0x66, 0x66, 0x66, 0x66, 0x63, 0x0,
    0x8f, 0xee, 0xee, 0xee, 0xee, 0xee, 0xef, 0x70,
    0xf7, 0x0, 0x0, 0x0, 0x0, 0x0, 0x8, 0xe0,
    0xf4, 0x2f, 0xff, 0xff, 0xfd, 0x0, 0x6, 0xf9,
    0xf4, 0x2f, 0xff, 0xff, 0xfd, 0x0, 0x6, 0xfc,
    0xf4, 0x2f, 0xff, 0xff, 0xfd, 0x0, 0x6, 0xfc,
    0xf5, 0x17, 0x77, 0x77, 0x76, 0x0, 0x6, 0xf3,
    0xea, 0x32, 0x22, 0x22, 0x22, 0x22, 0x3b, 0xc0,
    0x5f, 0xff, 0xff, 0xff, 0xff, 0xff, 0xfe, 0x30,
    0x0, 0x11, 0x11, 0x11, 0x11, 0x11, 0x10, 0x0,

    /* U+F242 "" */
    0x3, 0x66, 0x66, 0x66, 0x66, 0x66, 0x63, 0x0,
    0x8f, 0xee, 0xee, 0xee, 0xee, 0xee, 0xef, 0x70,
    0xf7, 0x0, 0x0, 0x0, 0x0, 0x0, 0x8, 0xe0,
    0xf4, 0x5f, 0xff, 0xfe, 0x0, 0x0, 0x6, 0xf9,
    0xf4, 0x5f, 0xff, 0xfe, 0x0, 0x0, 0x6, 0xfc,
    0xf4, 0x5f, 0xff, 0xfe, 0x0, 0x0, 0x6, 0xfc,
    0xf5, 0x27, 0x77, 0x77, 0x0, 0x0, 0x6, 0xf3,
    0xea, 0x32, 0x22, 0x22, 0x22, 0x22, 0x3b, 0xc0,
    0x5f, 0xff, 0xff, 0xff, 0xff, 0xff, 0xfe, 0x30,
    0x0, 0x11, 0x11, 0x11, 0x11, 0x11, 0x10, 0x0,

    /* U+F243 "" */
    0x3, 0x66, 0x66, 0x66, 0x66, 0x66, 0x63, 0x0,
    0x8f, 0xee, 0xee, 0xee, 0xee, 0xee, 0xef, 0x70,
    0xf7, 0x0, 0x0, 0x0, 0x0, 0x0, 0x8, 0xe0,
    0xf4, 0x8f, 0xf1, 0x0, 0x0, 0x0, 0x6, 0xf9,
    0xf4, 0x8f, 0xf1, 0x0, 0x0, 0x0, 0x6, 0xfc,
    0xf4, 0x8f, 0xf1, 0x0, 0x0, 0x0, 0x6, 0xfc,
    0xf5, 0x47, 0x70, 0x0, 0x0, 0x0, 0x6, 0xf3,
    0xea, 0x32, 0x22, 0x22, 0x22, 0x22, 0x3b, 0xc0,
    0x5f, 0xff, 0xff, 0xff, 0xff, 0xff, 0xfe, 0x30,
    0x0, 0x11, 0x11, 0x11, 0x11, 0x11, 0x10, 0x0,

    /* U+F244 "" */
    0x3, 0x66, 0x66, 0x66, 0x66, 0x66, 0x63, 0x0,
    0x8f, 0xee, 0xee, 0xee, 0xee, 0xee, 0xef, 0x70,
    0xf7, 0x0, 0x0, 0x0, 0x0, 0x0, 0x8, 0xe0,
    0xf5, 0x0, 0x0, 0x0, 0x0, 0x0, 0x6, 0xf9,
    0xf5, 0x0, 0x0, 0x0, 0x0, 0x0, 0x6, 0xfc,
    0xf5, 0x0, 0x0, 0x0, 0x0, 0x0, 0x6, 0xfc,
    0xf5, 0x0, 0x0, 0x0, 0x0, 0x0, 0x6, 0xf3,
    0xea, 0x33, 0x33, 0x33, 0x33, 0x33, 0x3b, 0xc0,
    0x5f, 0xff, 0xff, 0xff, 0xff, 0xff, 0xfe, 0x30,
    0x0, 0x12, 0x22, 0x22, 0x22, 0x22, 0x10, 0x0,

    /* U+F293 "" */
    0x0, 0x0, 0x1, 0x0, 0x0, 0x0, 0x0, 0x5f,
    0x60, 0x0, 0x0, 0x0, 0x6f, 0xf8, 0x0, 0x0,
    0x0, 0x6e, 0x6f, 0x90, 0xd, 0x60, 0x6e, 0x5,
    0xf8, 0x7, 0xf8, 0x6e, 0x2d, 0xe2, 0x0, 0x5f,
    0xef, 0xfc, 0x10, 0x0, 0x2, 0xff, 0xa0, 0x0,
    0x0, 0x9, 0xff, 0xf4, 0x0, 0x1, 0xce, 0x9e,
    0x9f, 0x70, 0xe, 0xd2, 0x5e, 0x7, 0xf7, 0x5,
    0x0, 0x5e, 0xb, 0xf3, 0x0, 0x0, 0x5f, 0xde,
    0x20, 0x0, 0x0, 0x5f, 0xd1, 0x0, 0x0, 0x0,
    0x29, 0x0, 0x0,

    /* U+F2ED "" */
    0x0, 0x0, 0x2, 0x44, 0x30, 0x0, 0x0, 0x0,
    0x0, 0x7f, 0xff, 0xfa, 0x0, 0x0, 0x0, 0x13,
    0xf8, 0x22, 0x5f, 0x61, 0x0, 0xe, 0xff, 0xff,
    0xff, 0xff, 0xff, 0xf1, 0x4, 0xf6, 0x44, 0x44,
    0x44, 0x4f, 0x70, 0x2, 0xf3, 0x11, 0x2, 0x2,
    0xf, 0x50, 0x2, 0xf3, 0x86, 0x59, 0x2c, 0xf,
    0x50, 0x2, 0xf3, 0x86, 0x59, 0x2c, 0xf, 0x50,
    0x2, 0xf3, 0x86, 0x59, 0x2c, 0xf, 0x50, 0x2,
    0xf3, 0x86, 0x59, 0x2c, 0xf, 0x50, 0x2, 0xf3,
    0x86, 0x59, 0x2c, 0xf, 0x50, 0x2, 0xf3, 0x75,
    0x48, 0x1a, 0xf, 0x50, 0x2, 0xf3, 0x0, 0x0,
    0x0, 0xf, 0x50, 0x0, 0xfb, 0x55, 0x55, 0x55,
    0x8f, 0x20, 0x0, 0x4d, 0xff, 0xff, 0xff, 0xe6,
    0x0,

    /* U+F304 "" */
    0x0, 0x0, 0x0, 0x0, 0x0, 0x1, 0x20, 0x0,
    0x0, 0x0, 0x0, 0x0, 0x0, 0x5f, 0xf9, 0x0,
    0x0, 0x0, 0x0, 0x0, 0x5, 0xff, 0xff, 0x80,
    0x0, 0x0, 0x0, 0x0, 0x5f, 0xff, 0xff, 0xd0,
    0x0, 0x0, 0x0, 0x5, 0xf9, 0xef, 0xff, 0x90,
    0x0, 0x0, 0x0, 0x5f, 0x90, 0x2e, 0xfc, 0x0,
    0x0, 0x0, 0x5, 0xf9, 0x0, 0x2e, 0xc0, 0x0,
    0x0, 0x0, 0x5f, 0x80, 0x2, 0xec, 0x0, 0x0,
    0x0, 0x5, 0xf8, 0x0, 0x2e, 0xc0, 0x0, 0x0,
    0x0, 0x4f, 0x80, 0x2, 0xec, 0x0, 0x0, 0x0,
    0x0, 0xe9, 0x0, 0x2e, 0xc0, 0x0, 0x0, 0x0,
    0x4, 0xf1, 0x2, 0xec, 0x0, 0x0, 0x0, 0x0,
    0x9, 0xc1, 0x6e, 0xc0, 0x0, 0x0, 0x0, 0x0,
    0xd, 0xff, 0xe9, 0x0, 0x0, 0x0, 0x0, 0x0,
    0x9, 0x83, 0x0, 0x0, 0x0, 0x0, 0x0, 0x0,

    /* U+F55A "" */
    0x0, 0x0, 0x4, 0x55, 0x55, 0x55, 0x55, 0x40,
    0x0, 0x0, 0xbf, 0xff, 0xff, 0xff, 0xff, 0xf9,
    0x0, 0xc, 0xd1, 0x0, 0x0, 0x0, 0x0, 0x7e,
    0x0, 0xcd, 0x10, 0x7, 0x50, 0x39, 0x0, 0x6e,
    0xc, 0xc1, 0x0, 0x6, 0xf8, 0xfa, 0x0, 0x6e,
    0xad, 0x0, 0x0, 0x0, 0x9f, 0xc0, 0x0, 0x6e,
    0x7f, 0x60, 0x0, 0x3, 0xfd, 0xf6, 0x0, 0x6e,
    0x7, 0xf5, 0x0, 0xa, 0xa0, 0x7e, 0x0, 0x6e,
    0x0, 0x7f, 0x50, 0x0, 0x0, 0x0, 0x0, 0x6e,
    0x0, 0x7, 0xf6, 0x44, 0x44, 0x44, 0x44, 0xad,
    0x0, 0x0, 0x6e, 0xff, 0xff, 0xff, 0xff, 0xd5,

    /* U+F6AA "" */
    0x1, 0x0, 0x6f, 0xd0, 0xbf, 0xf2, 0x3c, 0x90,

    /* U+F6AB "" */
    0x0, 0x0, 0x14, 0x65, 0x30, 0x0, 0x0, 0x2,
    0xbf, 0xfe, 0xff, 0xe6, 0x0, 0x7, 0xfc, 0x41,
    0x0, 0x38, 0xfc, 0x10, 0x96, 0x0, 0x0, 0x0,
    0x2, 0xa3, 0x0, 0x0, 0x0, 0x10, 0x0, 0x0,
    0x0, 0x0, 0x0, 0x6f, 0xd0, 0x0, 0x0, 0x0,
    0x0, 0xb, 0xff, 0x30, 0x0, 0x0, 0x0, 0x0,
    0x3c, 0x90, 0x0, 0x0,

    /* U+F7C2 "" */
    0x0, 0x1, 0x33, 0x33, 0x30, 0x0, 0x4, 0xff,
    0xff, 0xff, 0xe1, 0x4, 0xf9, 0x11, 0x11, 0x2f,
    0x53, 0xf9, 0xb, 0x45, 0xa1, 0xe6, 0xca, 0x0,
    0xd5, 0x6c, 0x1e, 0x6f, 0x40, 0x4, 0x12, 0x40,
    0xe6, 0xf4, 0x0, 0x0, 0x0, 0xe, 0x6f, 0x40,
    0x0, 0x0, 0x0, 0xe6, 0xf4, 0x0, 0x0, 0x0,
    0xe, 0x6f, 0x40, 0x0, 0x0, 0x0, 0xe6, 0xf4,
    0x0, 0x0, 0x0, 0xe, 0x6f, 0x40, 0x0, 0x0,
    0x0, 0xe6, 0xf4, 0x0, 0x0, 0x0, 0xe, 0x6d,
    0xa5, 0x55, 0x55, 0x56, 0xf5, 0x5e, 0xff, 0xff,
    0xff, 0xfa, 0x0,

    /* U+F8A2 "" */
    0x0, 0x0, 0x0, 0x1, 0x0, 0x0, 0x0, 0x0,
    0x0, 0x0, 0xdf, 0x10, 0x0, 0x0, 0x0, 0x0,
    0x0, 0xef, 0x10, 0x0, 0x0, 0x0, 0x0, 0x5,
    0xfe, 0x90, 0x0, 0x10, 0xd, 0xe9, 0xae, 0x95,
    0xfa, 0xad, 0xf1, 0xb, 0xfd, 0xa9, 0x0, 0x7a,
    0xcf, 0xd0, 0x0, 0x9e, 0x0, 0x46, 0x0, 0xbc,
    0x0, 0x0, 0x1f, 0x61, 0xff, 0x53, 0xf3, 0x0,
    0x0, 0x2f, 0x40, 0xef, 0x31, 0xf6, 0x0, 0x1,
    0xcc, 0x0, 0x1, 0x0, 0x8e, 0x30, 0xd, 0xff,
    0xfe, 0x20, 0xdf, 0xff, 0xf1, 0x8, 0xa5, 0x4c,
    0xc8, 0xe5, 0x49, 0xb0, 0x0, 0x0, 0x2, 0xff,
    0x50, 0x0, 0x0, 0x0, 0x0, 0x0, 0xdf, 0x10,
    0x0, 0x0, 0x0, 0x0, 0x0, 0x69, 0x0, 0x0,
    0x0
};


/*---------------------
 *  GLYPH DESCRIPTION
 *--------------------*/

static const lv_font_fmt_txt_glyph_dsc_t glyph_dsc[] = {
    {.bitmap_index = 0, .adv_w = 0, .box_w = 0, .box_h = 0, .ofs_x = 0, .ofs_y = 0} /* id = 0 reserved */,
    {.bitmap_index = 0, .adv_w = 69, .box_w = 0, .box_h = 0, .ofs_x = 0, .ofs_y = 0},
    {.bitmap_index = 0, .adv_w = 82, .box_w = 3, .box_h = 10, .ofs_x = 1, .ofs_y = 0},
    {.bitmap_index = 15, .adv_w = 121, .box_w = 6, .box_h = 5, .ofs_x = 1, .ofs_y = 5},
    {.bitmap_index = 30, .adv_w = 127, .box_w = 8, .box_h = 10, .ofs_x = 0, .ofs_y = 0},
    {.bitmap_index = 70, .adv_w = 178, .box_w = 11, .box_h = 12, .ofs_x = 0, .ofs_y = -1},
    {.bitmap_index = 136, .adv_w = 275, .box_w = 16, .box_h = 10, .ofs_x = 1, .ofs_y = 0},
    {.bitmap_index = 216, .adv_w = 185, .box_w = 12, .box_h = 10, .ofs_x = 0, .ofs_y = 0},
    {.bitmap_index = 276, .adv_w = 71, .box_w = 3, .box_h = 5, .ofs_x = 1, .ofs_y = 5},
    {.bitmap_index = 284, .adv_w = 71, .box_w = 5, .box_h = 12, .ofs_x = 0, .ofs_y = -2},
    {.bitmap_index = 314, .adv_w = 71, .box_w = 4, .box_h = 12, .ofs_x = 0, .ofs_y = -2},
    {.bitmap_index = 338, .adv_w = 114, .box_w = 5, .box_h = 5, .ofs_x = 1, .ofs_y = 5},
    {.bitmap_index = 351, .adv_w = 161, .box_w = 10, .box_h = 9, .ofs_x = 0, .ofs_y = 0},
    {.bitmap_index = 396, .adv_w = 76, .box_w = 3, .box_h = 6, .ofs_x = 1, .ofs_y = -3},
    {.bitmap_index = 405, .adv_w = 115, .box_w = 7, .box_h = 2, .ofs_x = 0, .ofs_y = 3},
    {.bitmap_index = 412, .adv_w = 76, .box_w = 3, .box_h = 3, .ofs_x = 1, .ofs_y = 0},
    {.bitmap_index = 417, .adv_w = 108, .box_w = 7, .box_h = 11, .ofs_x = 0, .ofs_y = -1},
    {.bitmap_index = 456, .adv_w = 196, .box_w = 10, .box_h = 10, .ofs_x = 1, .ofs_y = 0},
    {.bitmap_index = 506, .adv_w = 96, .box_w = 5, .box_h = 10, .ofs_x = 0, .ofs_y = 0},
    {.bitmap_index = 531, .adv_w = 185, .box_w = 10, .box_h = 10, .ofs_x = 1, .ofs_y = 0},
    {.bitmap_index = 581, .adv_w = 188, .box_w = 10, .box_h = 10, .ofs_x = 1, .ofs_y = 0},
    {.bitmap_index = 631, .adv_w = 183, .box_w = 11, .box_h = 10, .ofs_x = 0, .ofs_y = 0},
    {.bitmap_index = 686, .adv_w = 172, .box_w = 10, .box_h = 10, .ofs_x = 0, .ofs_y = 0},
    {.bitmap_index = 736, .adv_w = 180, .box_w = 10, .box_h = 10, .ofs_x = 1, .ofs_y = 0},
    {.bitmap_index = 786, .adv_w = 154, .box_w = 10, .box_h = 10, .ofs_x = 0, .ofs_y = 0},
    {.bitmap_index = 836, .adv_w = 196, .box_w = 10, .box_h = 10, .ofs_x = 1, .ofs_y = 0},
    {.bitmap_index = 886, .adv_w = 185, .box_w = 10, .box_h = 10, .ofs_x = 1, .ofs_y = 0},
    {.bitmap_index = 936, .adv_w = 76, .box_w = 3, .box_h = 7, .ofs_x = 1, .ofs_y = 0},
    {.bitmap_index = 947, .adv_w = 76, .box_w = 3, .box_h = 10, .ofs_x = 1, .ofs_y = -3},
    {.bitmap_index = 962, .adv_w = 161, .box_w = 10, .box_h = 9, .ofs_x = 0, .ofs_y = 0},
    {.bitmap_index = 1007, .adv_w = 161, .box_w = 10, .box_h = 6, .ofs_x = 0, .ofs_y = 1},
    {.bitmap_index = 1037, .adv_w = 161, .box_w = 10, .box_h = 9, .ofs_x = 0, .ofs_y = 0},
    {.bitmap_index = 1082, .adv_w = 142, .box_w = 8, .box_h = 10, .ofs_x = 0, .ofs_y = 0},
    {.bitmap_index = 1122, .adv_w = 212, .box_w = 12, .box_h = 11, .ofs_x = 1, .ofs_y = -2},
    {.bitmap_index = 1188, .adv_w = 185, .box_w = 12, .box_h = 10, .ofs_x = 0, .ofs_y = 0},
    {.bitmap_index = 1248, .adv_w = 180, .box_w = 10, .box_h = 10, .ofs_x = 1, .ofs_y = 0},
    {.bitmap_index = 1298, .adv_w = 180, .box_w = 10, .box_h = 10, .ofs_x = 1, .ofs_y = 0},
    {.bitmap_index = 1348, .adv_w = 198, .box_w = 11, .box_h = 10, .ofs_x = 1, .ofs_y = 0},
    {.bitmap_index = 1403, .adv_w = 176, .box_w = 10, .box_h = 10, .ofs_x = 1, .ofs_y = 0},
    {.bitmap_index = 1453, .adv_w = 164, .box_w = 9, .box_h = 10, .ofs_x = 1, .ofs_y = 0},
    {.bitmap_index = 1498, .adv_w = 194, .box_w = 10, .box_h = 10, .ofs_x = 1, .ofs_y = 0},
    {.bitmap_index = 1548, .adv_w = 204, .box_w = 11, .box_h = 10, .ofs_x = 1, .ofs_y = 0},
    {.bitmap_index = 1603, .adv_w = 74, .box_w = 3, .box_h = 10, .ofs_x = 1, .ofs_y = 0},
    {.bitmap_index = 1618, .adv_w = 168, .box_w = 10, .box_h = 10, .ofs_x = 0, .ofs_y = 0},
    {.bitmap_index = 1668, .adv_w = 186, .box_w = 11, .box_h = 10, .ofs_x = 1, .ofs_y = 0},
    {.bitmap_index = 1723, .adv_w = 156, .box_w = 9, .box_h = 10, .ofs_x = 1, .ofs_y = 0},
    {.bitmap_index = 1768, .adv_w = 222, .box_w = 12, .box_h = 10, .ofs_x = 1, .ofs_y = 0},
    {.bitmap_index = 1828, .adv_w = 205, .box_w = 11, .box_h = 10, .ofs_x = 1, .ofs_y = 0},
    {.bitmap_index = 1883, .adv_w = 201, .box_w = 11, .box_h = 10, .ofs_x = 1, .ofs_y = 0},
    {.bitmap_index = 1938, .adv_w = 175, .box_w = 10, .box_h = 10, .ofs_x = 1, .ofs_y = 0},
    {.bitmap_index = 1988, .adv_w = 201, .box_w = 11, .box_h = 12, .ofs_x = 1, .ofs_y = -2},
    {.bitmap_index = 2054, .adv_w = 186, .box_w = 11, .box_h = 10, .ofs_x = 1, .ofs_y = 0},
    {.bitmap_index = 2109, .adv_w = 178, .box_w = 11, .box_h = 10, .ofs_x = 0, .ofs_y = 0},
    {.bitmap_index = 2164, .adv_w = 159, .box_w = 10, .box_h = 10, .ofs_x = 0, .ofs_y = 0},
    {.bitmap_index = 2214, .adv_w = 190, .box_w = 10, .box_h = 10, .ofs_x = 1, .ofs_y = 0},
    {.bitmap_index = 2264, .adv_w = 177, .box_w = 12, .box_h = 10, .ofs_x = 0, .ofs_y = 0},
    {.bitmap_index = 2324, .adv_w = 221, .box_w = 14, .box_h = 10, .ofs_x = 0, .ofs_y = 0},
    {.bitmap_index = 2394, .adv_w = 168, .box_w = 11, .box_h = 10, .ofs_x = 0, .ofs_y = 0},
    {.bitmap_index = 2449, .adv_w = 175, .box_w = 11, .box_h = 10, .ofs_x = 0, .ofs_y = 0},
    {.bitmap_index = 2504, .adv_w = 160, .box_w = 10, .box_h = 10, .ofs_x = 0, .ofs_y = 0},
    {.bitmap_index = 2554, .adv_w = 89, .box_w = 5, .box_h = 12, .ofs_x = 1, .ofs_y = -2},
    {.bitmap_index = 2584, .adv_w = 108, .box_w = 7, .box_h = 11, .ofs_x = 0, .ofs_y = -1},
    {.bitmap_index = 2623, .adv_w = 89, .box_w = 5, .box_h = 12, .ofs_x = 0, .ofs_y = -2},
    {.bitmap_index = 2653, .adv_w = 109, .box_w = 7, .box_h = 4, .ofs_x = 0, .ofs_y = 6},
    {.bitmap_index = 2667, .adv_w = 75, .box_w = 5, .box_h = 2, .ofs_x = 0, .ofs_y = -3},
    {.bitmap_index = 2672, .adv_w = 75, .box_w = 5, .box_h = 3, .ofs_x = 0, .ofs_y = 8},
    {.bitmap_index = 2680, .adv_w = 151, .box_w = 8, .box_h = 7, .ofs_x = 1, .ofs_y = 0},
    {.bitmap_index = 2708, .adv_w = 157, .box_w = 8, .box_h = 10, .ofs_x = 1, .ofs_y = 0},
    {.bitmap_index = 2748, .adv_w = 150, .box_w = 8, .box_h = 7, .ofs_x = 1, .ofs_y = 0},
    {.bitmap_index = 2776, .adv_w = 158, .box_w = 8, .box_h = 10, .ofs_x = 1, .ofs_y = 0},
    {.bitmap_index = 2816, .adv_w = 154, .box_w = 8, .box_h = 7, .ofs_x = 1, .ofs_y = 0},
    {.bitmap_index = 2844, .adv_w = 92, .box_w = 6, .box_h = 10, .ofs_x = 0, .ofs_y = 0},
    {.bitmap_index = 2874, .adv_w = 157, .box_w = 8, .box_h = 10, .ofs_x = 1, .ofs_y = -3},
    {.bitmap_index = 2914, .adv_w = 154, .box_w = 8, .box_h = 10, .ofs_x = 1, .ofs_y = 0},
    {.bitmap_index = 2954, .adv_w = 70, .box_w = 3, .box_h = 10, .ofs_x = 1, .ofs_y = 0},
    {.bitmap_index = 2969, .adv_w = 68, .box_w = 6, .box_h = 13, .ofs_x = -2, .ofs_y = -3},
    {.bitmap_index = 3008, .adv_w = 154, .box_w = 9, .box_h = 10, .ofs_x = 1, .ofs_y = 0},
    {.bitmap_index = 3053, .adv_w = 68, .box_w = 2, .box_h = 10, .ofs_x = 1, .ofs_y = 0},
    {.bitmap_index = 3063, .adv_w = 222, .box_w = 12, .box_h = 7, .ofs_x = 1, .ofs_y = 0},
    {.bitmap_index = 3105, .adv_w = 154, .box_w = 8, .box_h = 7, .ofs_x = 1, .ofs_y = 0},
    {.bitmap_index = 3133, .adv_w = 156, .box_w = 8, .box_h = 7, .ofs_x = 1, .ofs_y = 0},
    {.bitmap_index = 3161, .adv_w = 158, .box_w = 8, .box_h = 10, .ofs_x = 1, .ofs_y = -3},
    {.bitmap_index = 3201, .adv_w = 158, .box_w = 8, .box_h = 10, .ofs_x = 1, .ofs_y = -3},
    {.bitmap_index = 3241, .adv_w = 128, .box_w = 7, .box_h = 7, .ofs_x = 1, .ofs_y = 0},
    {.bitmap_index = 3266, .adv_w = 143, .box_w = 7, .box_h = 7, .ofs_x = 1, .ofs_y = 0},
    {.bitmap_index = 3291, .adv_w = 97, .box_w = 6, .box_h = 9, .ofs_x = 0, .ofs_y = 0},
    {.bitmap_index = 3318, .adv_w = 153, .box_w = 8, .box_h = 7, .ofs_x = 1, .ofs_y = 0},
    {.bitmap_index = 3346, .adv_w = 131, .box_w = 9, .box_h = 7, .ofs_x = 0, .ofs_y = 0},
    {.bitmap_index = 3378, .adv_w = 181, .box_w = 12, .box_h = 7, .ofs_x = 0, .ofs_y = 0},
    {.bitmap_index = 3420, .adv_w = 131, .box_w = 9, .box_h = 7, .ofs_x = 0, .ofs_y = 0},
    {.bitmap_index = 3452, .adv_w = 132, .box_w = 9, .box_h = 10, .ofs_x = 0, .ofs_y = -3},
    {.bitmap_index = 3497, .adv_w = 127, .box_w = 8, .box_h = 7, .ofs_x = 0, .ofs_y = 0},
    {.bitmap_index = 3525, .adv_w = 93, .box_w = 6, .box_h = 12, .ofs_x = 0, .ofs_y = -2},
    {.bitmap_index = 3561, .adv_w = 71, .box_w = 3, .box_h = 14, .ofs_x = 1, .ofs_y = -3},
    {.bitmap_index = 3582, .adv_w = 93, .box_w = 6, .box_h = 12, .ofs_x = 0, .ofs_y = -2},
    {.bitmap_index = 3618, .adv_w = 161, .box_w = 10, .box_h = 4, .ofs_x = 0, .ofs_y = 2},
    {.bitmap_index = 3638, .adv_w = 72, .box_w = 4, .box_h = 3, .ofs_x = 0, .ofs_y = 8},
    {.bitmap_index = 3644, .adv_w = 176, .box_w = 10, .box_h = 12, .ofs_x = 1, .ofs_y = 0},
    {.bitmap_index = 3704, .adv_w = 185, .box_w = 12, .box_h = 10, .ofs_x = 0, .ofs_y = 0},
    {.bitmap_index = 3764, .adv_w = 179, .box_w = 10, .box_h = 10, .ofs_x = 1, .ofs_y = 0},
    {.bitmap_index = 3814, .adv_w = 180, .box_w = 10, .box_h = 10, .ofs_x = 1, .ofs_y = 0},
    {.bitmap_index = 3864, .adv_w = 152, .box_w = 9, .box_h = 10, .ofs_x = 1, .ofs_y = 0},
    {.bitmap_index = 3909, .adv_w = 200, .box_w = 13, .box_h = 12, .ofs_x = 0, .ofs_y = -2},
    {.bitmap_index = 3987, .adv_w = 176, .box_w = 10, .box_h = 10, .ofs_x = 1, .ofs_y = 0},
    {.bitmap_index = 4037, .adv_w = 250, .box_w = 16, .box_h = 10, .ofs_x = 0, .ofs_y = 0},
    {.bitmap_index = 4117, .adv_w = 167, .box_w = 10, .box_h = 10, .ofs_x = 0, .ofs_y = 0},
    {.bitmap_index = 4167, .adv_w = 200, .box_w = 11, .box_h = 10, .ofs_x = 1, .ofs_y = 0},
    {.bitmap_index = 4222, .adv_w = 200, .box_w = 11, .box_h = 13, .ofs_x = 1, .ofs_y = 0},
    {.bitmap_index = 4294, .adv_w = 186, .box_w = 11, .box_h = 10, .ofs_x = 1, .ofs_y = 0},
    {.bitmap_index = 4349, .adv_w = 185, .box_w = 12, .box_h = 10, .ofs_x = 0, .ofs_y = 0},
    {.bitmap_index = 4409, .adv_w = 222, .box_w = 12, .box_h = 10, .ofs_x = 1, .ofs_y = 0},
    {.bitmap_index = 4469, .adv_w = 204, .box_w = 11, .box_h = 10, .ofs_x = 1, .ofs_y = 0},
    {.bitmap_index = 4524, .adv_w = 201, .box_w = 11, .box_h = 10, .ofs_x = 1, .ofs_y = 0},
    {.bitmap_index = 4579, .adv_w = 201, .box_w = 11, .box_h = 10, .ofs_x = 1, .ofs_y = 0},
    {.bitmap_index = 4634, .adv_w = 175, .box_w = 10, .box_h = 10, .ofs_x = 1, .ofs_y = 0},
    {.bitmap_index = 4684, .adv_w = 180, .box_w = 10, .box_h = 10, .ofs_x = 1, .ofs_y = 0},
    {.bitmap_index = 4734, .adv_w = 159, .box_w = 10, .box_h = 10, .ofs_x = 0, .ofs_y = 0},
    {.bitmap_index = 4784, .adv_w = 172, .box_w = 11, .box_h = 10, .ofs_x = 0, .ofs_y = 0},
    {.bitmap_index = 4839, .adv_w = 260, .box_w = 15, .box_h = 11, .ofs_x = 1, .ofs_y = 0},
    {.bitmap_index = 4922, .adv_w = 168, .box_w = 11, .box_h = 10, .ofs_x = 0, .ofs_y = 0},
    {.bitmap_index = 4977, .adv_w = 198, .box_w = 12, .box_h = 12, .ofs_x = 1, .ofs_y = -2},
    {.bitmap_index = 5049, .adv_w = 194, .box_w = 10, .box_h = 10, .ofs_x = 1, .ofs_y = 0},
    {.bitmap_index = 5099, .adv_w = 267, .box_w = 15, .box_h = 10, .ofs_x = 1, .ofs_y = 0},
    {.bitmap_index = 5174, .adv_w = 269, .box_w = 16, .box_h = 12, .ofs_x = 1, .ofs_y = -2},
    {.bitmap_index = 5270, .adv_w = 203, .box_w = 12, .box_h = 10, .ofs_x = 0, .ofs_y = 0},
    {.bitmap_index = 5330, .adv_w = 247, .box_w = 14, .box_h = 10, .ofs_x = 1, .ofs_y = 0},
    {.bitmap_index = 5400, .adv_w = 175, .box_w = 10, .box_h = 10, .ofs_x = 1, .ofs_y = 0},
    {.bitmap_index = 5450, .adv_w = 180, .box_w = 11, .box_h = 10, .ofs_x = 0, .ofs_y = 0},
    {.bitmap_index = 5505, .adv_w = 274, .box_w = 15, .box_h = 10, .ofs_x = 1, .ofs_y = 0},
    {.bitmap_index = 5580, .adv_w = 193, .box_w = 10, .box_h = 10, .ofs_x = 1, .ofs_y = 0},
    {.bitmap_index = 5630, .adv_w = 151, .box_w = 8, .box_h = 7, .ofs_x = 1, .ofs_y = 0},
    {.bitmap_index = 5658, .adv_w = 155, .box_w = 8, .box_h = 10, .ofs_x = 1, .ofs_y = 0},
    {.bitmap_index = 5698, .adv_w = 158, .box_w = 8, .box_h = 7, .ofs_x = 1, .ofs_y = 0},
    {.bitmap_index = 5726, .adv_w = 123, .box_w = 7, .box_h = 7, .ofs_x = 1, .ofs_y = 0},
    {.bitmap_index = 5751, .adv_w = 152, .box_w = 10, .box_h = 9, .ofs_x = 0, .ofs_y = -2},
    {.bitmap_index = 5796, .adv_w = 154, .box_w = 8, .box_h = 7, .ofs_x = 1, .ofs_y = 0},
    {.bitmap_index = 5824, .adv_w = 199, .box_w = 13, .box_h = 7, .ofs_x = 0, .ofs_y = 0},
    {.bitmap_index = 5870, .adv_w = 151, .box_w = 9, .box_h = 7, .ofs_x = 0, .ofs_y = 0},
    {.bitmap_index = 5902, .adv_w = 157, .box_w = 8, .box_h = 7, .ofs_x = 1, .ofs_y = 0},
    {.bitmap_index = 5930, .adv_w = 157, .box_w = 8, .box_h = 10, .ofs_x = 1, .ofs_y = 0},
    {.bitmap_index = 5970, .adv_w = 154, .box_w = 9, .box_h = 7, .ofs_x = 1, .ofs_y = 0},
    {.bitmap_index = 6002, .adv_w = 134, .box_w = 9, .box_h = 7, .ofs_x = 0, .ofs_y = 0},
    {.bitmap_index = 6034, .adv_w = 173, .box_w = 9, .box_h = 7, .ofs_x = 1, .ofs_y = 0},
    {.bitmap_index = 6066, .adv_w = 153, .box_w = 8, .box_h = 7, .ofs_x = 1, .ofs_y = 0},
    {.bitmap_index = 6094, .adv_w = 156, .box_w = 8, .box_h = 7, .ofs_x = 1, .ofs_y = 0},
    {.bitmap_index = 6122, .adv_w = 150, .box_w = 8, .box_h = 7, .ofs_x = 1, .ofs_y = 0},
    {.bitmap_index = 6150, .adv_w = 158, .box_w = 8, .box_h = 10, .ofs_x = 1, .ofs_y = -3},
    {.bitmap_index = 6190, .adv_w = 150, .box_w = 8, .box_h = 7, .ofs_x = 1, .ofs_y = 0},
    {.bitmap_index = 6218, .adv_w = 127, .box_w = 8, .box_h = 7, .ofs_x = 0, .ofs_y = 0},
    {.bitmap_index = 6246, .adv_w = 132, .box_w = 9, .box_h = 10, .ofs_x = 0, .ofs_y = -3},
    {.bitmap_index = 6291, .adv_w = 222, .box_w = 12, .box_h = 13, .ofs_x = 1, .ofs_y = -3},
    {.bitmap_index = 6369, .adv_w = 131, .box_w = 9, .box_h = 7, .ofs_x = 0, .ofs_y = 0},
    {.bitmap_index = 6401, .adv_w = 155, .box_w = 9, .box_h = 9, .ofs_x = 1, .ofs_y = -2},
    {.bitmap_index = 6442, .adv_w = 151, .box_w = 8, .box_h = 7, .ofs_x = 1, .ofs_y = 0},
    {.bitmap_index = 6470, .adv_w = 225, .box_w = 12, .box_h = 7, .ofs_x = 1, .ofs_y = 0},
    {.bitmap_index = 6512, .adv_w = 229, .box_w = 14, .box_h = 9, .ofs_x = 1, .ofs_y = -2},
    {.bitmap_index = 6575, .adv_w = 172, .box_w = 10, .box_h = 7, .ofs_x = 0, .ofs_y = 0},
    {.bitmap_index = 6610, .adv_w = 225, .box_w = 12, .box_h = 7, .ofs_x = 1, .ofs_y = 0},
    {.bitmap_index = 6652, .adv_w = 158, .box_w = 8, .box_h = 7, .ofs_x = 1, .ofs_y = 0},
    {.bitmap_index = 6680, .adv_w = 154, .box_w = 8, .box_h = 7, .ofs_x = 1, .ofs_y = 0},
    {.bitmap_index = 6708, .adv_w = 218, .box_w = 12, .box_h = 7, .ofs_x = 1, .ofs_y = 0},
    {.bitmap_index = 6750, .adv_w = 155, .box_w = 9, .box_h = 7, .ofs_x = 0, .ofs_y = 0},
    {.bitmap_index = 6782, .adv_w = 154, .box_w = 8, .box_h = 10, .ofs_x = 1, .ofs_y = 0},
    {.bitmap_index = 6822, .adv_w = 224, .box_w = 14, .box_h = 15, .ofs_x = 0, .ofs_y = -2},
    {.bitmap_index = 6927, .adv_w = 280, .box_w = 18, .box_h = 13, .ofs_x = 0, .ofs_y = -1},
    {.bitmap_index = 7044, .adv_w = 224, .box_w = 14, .box_h = 15, .ofs_x = 0, .ofs_y = -2},
    {.bitmap_index = 7149, .adv_w = 224, .box_w = 14, .box_h = 13, .ofs_x = 0, .ofs_y = -1},
    {.bitmap_index = 7240, .adv_w = 224, .box_w = 14, .box_h = 13, .ofs_x = 0, .ofs_y = -1},
    {.bitmap_index = 7331, .adv_w = 196, .box_w = 14, .box_h = 9, .ofs_x = -1, .ofs_y = 1},
    {.bitmap_index = 7394, .adv_w = 168, .box_w = 10, .box_h = 10, .ofs_x = 0, .ofs_y = 1},
    {.bitmap_index = 7444, .adv_w = 224, .box_w = 14, .box_h = 15, .ofs_x = 0, .ofs_y = -2},
    {.bitmap_index = 7549, .adv_w = 224, .box_w = 14, .box_h = 15, .ofs_x = 0, .ofs_y = -2},
    {.bitmap_index = 7654, .adv_w = 252, .box_w = 17, .box_h = 15, .ofs_x = -1, .ofs_y = -2},
    {.bitmap_index = 7782, .adv_w = 224, .box_w = 14, .box_h = 15, .ofs_x = 0, .ofs_y = -2},
    {.bitmap_index = 7887, .adv_w = 224, .box_w = 14, .box_h = 13, .ofs_x = 0, .ofs_y = -1},
    {.bitmap_index = 7978, .adv_w = 224, .box_w = 14, .box_h = 13, .ofs_x = 0, .ofs_y = -1},
    {.bitmap_index = 8069, .adv_w = 196, .box_w = 13, .box_h = 15, .ofs_x = 0, .ofs_y = -2},
    {.bitmap_index = 8167, .adv_w = 140, .box_w = 9, .box_h = 13, .ofs_x = 0, .ofs_y = -1},
    {.bitmap_index = 8226, .adv_w = 196, .box_w = 13, .box_h = 13, .ofs_x = 0, .ofs_y = -1},
    {.bitmap_index = 8311, .adv_w = 280, .box_w = 19, .box_h = 14, .ofs_x = -1, .ofs_y = -2},
    {.bitmap_index = 8444, .adv_w = 224, .box_w = 14, .box_h = 13, .ofs_x = 0, .ofs_y = -1},
    {.bitmap_index = 8535, .adv_w = 168, .box_w = 11, .box_h = 15, .ofs_x = 0, .ofs_y = -2},
    {.bitmap_index = 8618, .adv_w = 140, .box_w = 9, .box_h = 12, .ofs_x = 0, .ofs_y = -1},
    {.bitmap_index = 8672, .adv_w = 168, .box_w = 11, .box_h = 13, .ofs_x = 0, .ofs_y = -1},
    {.bitmap_index = 8744, .adv_w = 140, .box_w = 9, .box_h = 11, .ofs_x = 0, .ofs_y = 0},
    {.bitmap_index = 8794, .adv_w = 168, .box_w = 11, .box_h = 11, .ofs_x = 0, .ofs_y = 0},
    {.bitmap_index = 8855, .adv_w = 140, .box_w = 9, .box_h = 12, .ofs_x = 0, .ofs_y = -1},
    {.bitmap_index = 8909, .adv_w = 196, .box_w = 14, .box_h = 11, .ofs_x = -1, .ofs_y = 0},
    {.bitmap_index = 8986, .adv_w = 140, .box_w = 7, .box_h = 13, .ofs_x = 0, .ofs_y = -1},
    {.bitmap_index = 9032, .adv_w = 140, .box_w = 8, .box_h = 13, .ofs_x = 1, .ofs_y = -1},
    {.bitmap_index = 9084, .adv_w = 196, .box_w = 12, .box_h = 12, .ofs_x = 0, .ofs_y = 0},
    {.bitmap_index = 9156, .adv_w = 196, .box_w = 12, .box_h = 3, .ofs_x = 0, .ofs_y = 4},
    {.bitmap_index = 9174, .adv_w = 252, .box_w = 17, .box_h = 13, .ofs_x = -1, .ofs_y = -1},
    {.bitmap_index = 9285, .adv_w = 280, .box_w = 19, .box_h = 15, .ofs_x = -1, .ofs_y = -2},
    {.bitmap_index = 9428, .adv_w = 224, .box_w = 14, .box_h = 13, .ofs_x = 0, .ofs_y = -1},
    {.bitmap_index = 9519, .adv_w = 224, .box_w = 15, .box_h = 14, .ofs_x = 0, .ofs_y = -2},
    {.bitmap_index = 9624, .adv_w = 224, .box_w = 12, .box_h = 8, .ofs_x = 1, .ofs_y = 2},
    {.bitmap_index = 9672, .adv_w = 224, .box_w = 12, .box_h = 7, .ofs_x = 1, .ofs_y = 1},
    {.bitmap_index = 9714, .adv_w = 252, .box_w = 16, .box_h = 12, .ofs_x = 0, .ofs_y = -1},
    {.bitmap_index = 9810, .adv_w = 224, .box_w = 15, .box_h = 13, .ofs_x = -1, .ofs_y = -1},
    {.bitmap_index = 9908, .adv_w = 224, .box_w = 14, .box_h = 15, .ofs_x = 0, .ofs_y = -2},
    {.bitmap_index = 10013, .adv_w = 224, .box_w = 16, .box_h = 15, .ofs_x = -1, .ofs_y = -2},
    {.bitmap_index = 10133, .adv_w = 224, .box_w = 16, .box_h = 15, .ofs_x = -1, .ofs_y = -2},
    {.bitmap_index = 10253, .adv_w = 196, .box_w = 13, .box_h = 15, .ofs_x = 0, .ofs_y = -2},
    {.bitmap_index = 10351, .adv_w = 196, .box_w = 13, .box_h = 13, .ofs_x = 0, .ofs_y = -1},
    {.bitmap_index = 10436, .adv_w = 196, .box_w = 13, .box_h = 11, .ofs_x = 0, .ofs_y = 0},
    {.bitmap_index = 10508, .adv_w = 224, .box_w = 14, .box_h = 11, .ofs_x = 0, .ofs_y = 0},
    {.bitmap_index = 10585, .adv_w = 196, .box_w = 12, .box_h = 15, .ofs_x = 0, .ofs_y = -2},
    {.bitmap_index = 10675, .adv_w = 224, .box_w = 14, .box_h = 15, .ofs_x = 0, .ofs_y = -2},
    {.bitmap_index = 10780, .adv_w = 196, .box_w = 14, .box_h = 15, .ofs_x = -1, .ofs_y = -2},
    {.bitmap_index = 10885, .adv_w = 252, .box_w = 16, .box_h = 11, .ofs_x = 0, .ofs_y = 0},
    {.bitmap_index = 10973, .adv_w = 196, .box_w = 12, .box_h = 12, .ofs_x = 0, .ofs_y = -1},
    {.bitmap_index = 11045, .adv_w = 168, .box_w = 11, .box_h = 15, .ofs_x = 0, .ofs_y = -2},
    {.bitmap_index = 11128, .adv_w = 280, .box_w = 19, .box_h = 13, .ofs_x = -1, .ofs_y = -1},
    {.bitmap_index = 11252, .adv_w = 252, .box_w = 16, .box_h = 10, .ofs_x = 0, .ofs_y = 0},
    {.bitmap_index = 11332, .adv_w = 252, .box_w = 16, .box_h = 10, .ofs_x = 0, .ofs_y = 0},
    {.bitmap_index = 11412, .adv_w = 252, .box_w = 16, .box_h = 10, .ofs_x = 0, .ofs_y = 0},
    {.bitmap_index = 11492, .adv_w = 252, .box_w = 16, .box_h = 10, .ofs_x = 0, .ofs_y = 0},
    {.bitmap_index = 11572, .adv_w = 252, .box_w = 16, .box_h = 10, .ofs_x = 0, .ofs_y = 0},
    {.bitmap_index = 11652, .adv_w = 168, .box_w = 10, .box_h = 15, .ofs_x = 0, .ofs_y = -2},
    {.bitmap_index = 11727, .adv_w = 196, .box_w = 14, .box_h = 15, .ofs_x = -1, .ofs_y = -2},
    {.bitmap_index = 11832, .adv_w = 224, .box_w = 16, .box_h = 15, .ofs_x = -1, .ofs_y = -2},
    {.bitmap_index = 11952, .adv_w = 252, .box_w = 16, .box_h = 11, .ofs_x = 0, .ofs_y = 0},
    {.bitmap_index = 12040, .adv_w = 280, .box_w = 4, .box_h = 4, .ofs_x = 7, .ofs_y = -1},
    {.bitmap_index = 12048, .adv_w = 280, .box_w = 13, .box_h = 8, .ofs_x = 2, .ofs_y = -1},
    {.bitmap_index = 12100, .adv_w = 168, .box_w = 11, .box_h = 15, .ofs_x = 0, .ofs_y = -2},
    {.bitmap_index = 12183, .adv_w = 196, .box_w = 14, .box_h = 15, .ofs_x = -1, .ofs_y = -2}
};

/*---------------------
 *  CHARACTER MAPPING
 *--------------------*/

static const uint16_t unicode_list_1[] = {
    0x0, 0x351
};

static const uint16_t unicode_list_3[] = {
    0x0, 0xdc78, 0xe151, 0xebb0, 0xebb7, 0xebba, 0xebbb, 0xebbc,
    0xebc0, 0xebc2, 0xebc4, 0xebc8, 0xebcb, 0xebd0, 0xebd2, 0xebd5,
    0xebd6, 0xebd7, 0xebed, 0xebf2, 0xebf7, 0xebfa, 0xebfb, 0xebfc,
    0xec00, 0xec01, 0xec02, 0xec03, 0xec16, 0xec17, 0xec1d, 0xec1f,
    0xec20, 0xec23, 0xec26, 0xec27, 0xec28, 0xec2a, 0xec42, 0xec44,
    0xec73, 0xec74, 0xec76, 0xec78, 0xec8f, 0xec96, 0xec99, 0xeca2,
    0xeccb, 0xecd3, 0xed0a, 0xed9a, 0xedef, 0xedf0, 0xedf1, 0xedf2,
    0xedf3, 0xee42, 0xee9c, 0xeeb3, 0xf109, 0xf259, 0xf25a, 0xf371,
    0xf451
};

/*Collect the unicode lists and glyph_id offsets*/
static const lv_font_fmt_txt_cmap_t cmaps[] =
{
    {
        .range_start = 32, .range_length = 95, .glyph_id_start = 1,
        .unicode_list = NULL, .glyph_id_ofs_list = NULL, .list_length = 0, .type = LV_FONT_FMT_TXT_CMAP_FORMAT0_TINY
    },
    {
        .range_start = 176, .range_length = 850, .glyph_id_start = 96,
        .unicode_list = unicode_list_1, .glyph_id_ofs_list = NULL, .list_length = 2, .type = LV_FONT_FMT_TXT_CMAP_SPARSE_TINY
    },
    {
        .range_start = 1040, .range_length = 64, .glyph_id_start = 98,
        .unicode_list = NULL, .glyph_id_ofs_list = NULL, .list_length = 0, .type = LV_FONT_FMT_TXT_CMAP_FORMAT0_TINY
    },
    {
        .range_start = 1105, .range_length = 62546, .glyph_id_start = 162,
        .unicode_list = unicode_list_3, .glyph_id_ofs_list = NULL, .list_length = 65, .type = LV_FONT_FMT_TXT_CMAP_SPARSE_TINY
    }
};

/*-----------------
 *    KERNING
 *----------------*/


/*Map glyph_ids to kern left classes*/
static const uint8_t kern_left_class_mapping[] =
{
    0, 0, 0, 1, 0, 0, 0, 0,
    1, 2, 0, 1, 3, 4, 3, 4,
    5, 6, 7, 8, 9, 10, 11, 12,
    13, 14, 15, 16, 16, 0, 0, 0,
    0, 17, 0, 0, 0, 0, 0, 0,
    0, 0, 0, 0, 0, 0, 0, 0,
    0, 0, 0, 0, 0, 0, 0, 0,
    0, 0, 0, 0, 18, 19, 0, 0,
    4, 1, 0, 0, 0, 0, 0, 0,
    0, 0, 0, 0, 0, 0, 0, 0,
    0, 0, 0, 0, 0, 0, 0, 0,
    0, 0, 0, 0, 18, 0, 0, 0,
    0, 0, 0, 0, 0, 0, 0, 0,
    0, 0, 0, 0, 0, 0, 0, 0,
    0, 0, 0, 0, 0, 0, 0, 0,
    0, 0, 0, 0, 0, 0, 0, 0,
    0, 0, 0, 0, 0, 0, 0, 0,
    0, 0, 0, 0, 0, 0, 0, 0,
    0, 0, 0, 0, 0, 0, 0, 0,
    0, 0, 0, 0, 0, 0, 0, 0,
    0, 0, 0, 0, 0, 0, 0, 0,
    0, 0, 0, 0, 0, 0, 0, 0,
    0, 0, 0, 0, 0, 0, 0, 0,
    0, 0, 0, 0, 0, 0, 0, 0,
    0, 0, 0, 0, 0, 0, 0, 0,
    0, 0, 0, 0, 0, 0, 0, 0,
    0, 0, 0, 0, 0, 0, 0, 0,
    0, 0, 0, 0, 0, 0, 0, 0,
    0, 0, 0
};

/*Map glyph_ids to kern right classes*/
static const uint8_t kern_right_class_mapping[] =
{
    0, 0, 0, 1, 0, 0, 2, 0,
    1, 0, 3, 1, 4, 5, 4, 5,
    6, 7, 8, 9, 10, 11, 12, 13,
    14, 15, 16, 17, 17, 0, 0, 0,
    0, 18, 0, 0, 0, 0, 0, 0,
    0, 0, 0, 0, 0, 0, 0, 0,
    0, 0, 0, 0, 0, 0, 0, 0,
    0, 0, 0, 0, 0, 19, 20, 0,
    5, 1, 0, 0, 0, 0, 0, 0,
    0, 0, 0, 0, 0, 0, 0, 0,
    0, 0, 0, 0, 0, 0, 0, 0,
    0, 0, 0, 0, 0, 0, 20, 0,
    19, 0, 0, 0, 0, 0, 0, 0,
    0, 0, 0, 0, 0, 0, 0, 0,
    0, 0, 0, 0, 0, 0, 0, 0,
    0, 0, 0, 0, 0, 0, 0, 0,
    0, 0, 0, 0, 0, 0, 0, 0,
    0, 0, 0, 0, 0, 0, 0, 0,
    0, 0, 0, 0, 0, 0, 0, 0,
    0, 0, 0, 0, 0, 0, 0, 0,
    0, 0, 0, 0, 0, 0, 0, 0,
    0, 0, 0, 0, 0, 0, 0, 0,
    0, 0, 0, 0, 0, 0, 0, 0,
    0, 0, 0, 0, 0, 0, 0, 0,
    0, 0, 0, 0, 0, 0, 0, 0,
    0, 0, 0, 0, 0, 0, 0, 0,
    0, 0, 0, 0, 0, 0, 0, 0,
    0, 0, 0, 0, 0, 0, 0, 0,
    0, 0, 0
};

/*Kern values between classes*/
static const int8_t kern_class_values[] =
{
    0, 0, 0, 0, 0, 0, 0, 0,
    0, 0, 0, 0, 0, 0, 0, 0,
    0, -1, 0, 0, 0, 0, 0, 0,
    0, 0, 2, 2, 1, 1, 1, 3,
    2, 3, 2, 1, 0, 2, 0, 0,
    0, 0, 0, 0, 0, 0, 1, -9,
    -2, -2, 3, 1, 1, -6, 1, -3,
    0, 0, 0, 0, 0, 0, 0, 0,
    0, 0, -3, -11, -2, -2, 2, 1,
    -1, -18, -1, -12, 0, -1, 0, 0,
    0, 0, 0, 0, 0, 0, 0, 0,
    0, 0, 0, 0, 0, 0, 0, 0,
    0, 1, 0, 0, 0, 1, 2, 1,
    -3, 0, 0, 1, -4, -4, 2, 1,
    -1, 1, -2, -1, 0, 0, 0, 1,
    0, -1, 2, -2, -5, 0, -6, 1,
    -6, -6, 1, -2, -3, 1, -5, -4,
    0, 0, 0, 1, 0, 1, 2, 1,
    1, 0, -1, 1, -1, -1, 2, 1,
    1, 1, 0, -2, 0, 0, 0, 1,
    0, -1, 2, 0, -3, 0, -4, 1,
    -4, -4, 2, -1, -1, 1, -2, -3,
    0, 0, 0, 1, 0, -1, 1, 1,
    1, 0, 1, -8, 1, 1, 3, 1,
    1, -8, 1, -7, 0, 0, 0, -3,
    0, 1, 1, 1, -1, 0, 1, -3,
    0, 1, 3, 1, 1, -2, 1, -5,
    0, 0, 0, -2, 0, 1, 1, 1,
    1, 0, -1, -6, -1, -1, 3, 1,
    1, -4, 1, -4, 0, 0, 0, -2,
    0, 3, 4, -5, -18, 0, 2, 4,
    2, 2, -1, 2, -1, 4, 2, 2,
    0, 0, 0, 4, 0, 0, 2, 1,
    -1, 0, -2, 1, -2, -2, 2, 1,
    1, 1, -1, -2, 0, 0, 0, 1,
    0, 1, 1, 1, -8, 0, -2, 1,
    -3, -3, 2, 1, -1, 2, -3, 0,
    0, 0, 0, 1, 0, 0, 0, 0,
    0, 0, 0, 0, 0, 0, 0, 0,
    0, 0, 0, 0, 0, 2, 0, 0,
    -1, 0, 2, 0, -1, 1, 0, 0,
    0, 0, 0, 0, 0, 0, 0, 0,
    2, 0, 1, 2, 0, 0, 0, 0,
    0, 0, 1, 3, 1, 1, -1, 2,
    1, 3, 1, 2, 0, 2, 0, 0,
    0, 0, 0, 0, 0, 0, 0, 0,
    0, 0, 0, 0, 0, 0, 0, 0,
    0, 1, 0, 0
};


/*Collect the kern class' data in one place*/
static const lv_font_fmt_txt_kern_classes_t kern_classes =
{
    .class_pair_values   = kern_class_values,
    .left_class_mapping  = kern_left_class_mapping,
    .right_class_mapping = kern_right_class_mapping,
    .left_class_cnt      = 19,
    .right_class_cnt     = 20,
};

/*--------------------
 *  ALL CUSTOM DATA
 *--------------------*/

#if LVGL_VERSION_MAJOR == 8
/*Store all the custom data of the font*/
static  lv_font_fmt_txt_glyph_cache_t cache;
#endif

#if LVGL_VERSION_MAJOR >= 8
static const lv_font_fmt_txt_dsc_t font_dsc = {
#else
static lv_font_fmt_txt_dsc_t font_dsc = {
#endif
    .glyph_bitmap = glyph_bitmap,
    .glyph_dsc = glyph_dsc,
    .cmaps = cmaps,
    .kern_dsc = &kern_classes,
    .kern_scale = 16,
    .cmap_num = 4,
    .bpp = 4,
    .kern_classes = 1,
    .bitmap_format = 0,
#if LVGL_VERSION_MAJOR == 8
    .cache = &cache
#endif

};



/*-----------------
 *  PUBLIC FONT
 *----------------*/

/*Initialize a public general font descriptor*/
#if LVGL_VERSION_MAJOR >= 8
const lv_font_t science_gothic_14 = {
#else
lv_font_t science_gothic_14 = {
#endif
    .get_glyph_dsc = lv_font_get_glyph_dsc_fmt_txt,    /*Function pointer to get glyph's data*/
    .get_glyph_bitmap = lv_font_get_bitmap_fmt_txt,    /*Function pointer to get glyph's bitmap*/
    .line_height = 16,          /*The maximum line height required by the font*/
    .base_line = 3,             /*Baseline measured from the bottom of the line*/
#if !(LVGL_VERSION_MAJOR == 6 && LVGL_VERSION_MINOR == 0)
    .subpx = LV_FONT_SUBPX_NONE,
#endif
#if LV_VERSION_CHECK(7, 4, 0) || LVGL_VERSION_MAJOR >= 8
    .underline_position = -1,
    .underline_thickness = 1,
#endif
    .static_bitmap = 0,
    .dsc = &font_dsc,          /*The custom font data. Will be accessed by `get_glyph_bitmap/dsc` */
#if LV_VERSION_CHECK(8, 2, 0) || LVGL_VERSION_MAJOR >= 9
    .fallback = NULL,
#endif
    .user_data = NULL,
};



#endif /*#if SCIENCE_GOTHIC_14*/
