/*******************************************************************************
 * Size: 22 px
 * Bpp: 4
 * Opts: --bpp 4 --size 22 --no-compress --stride 1 --align 1 --font ScienceGothic-Regular.ttf --range 32-126,176,1025,1040-1103,1105 --font Font-Awesome-6-Pro-Regular-400.woff --range 61441,61448,61451,61452,61452,61453,61457,61459,61461,61465,61468,61473,61478,61479,61480,61502,61507,61512,61515,61516,61517,61521,61522,61523,61524,61543,61544,61550,61552,61553,61556,61559,61560,61561,61563,61587,61589,61636,61637,61639,61641,61664,61671,61674,61683,61724,61732,61787,61931,62016,62017,62018,62019,62020,62099,62212,62189,62810,63426,63650,58786,63146,63147,57545,61475 --format lvgl -o science_gothic_22.c
 ******************************************************************************/

#ifdef __has_include
    #if __has_include("lvgl.h")
        #ifndef LV_LVGL_H_INCLUDE_SIMPLE
            #define LV_LVGL_H_INCLUDE_SIMPLE
        #endif
    #endif
#endif

#ifdef LV_LVGL_H_INCLUDE_SIMPLE
    #include "lvgl.h"
#else
    #include "lvgl/lvgl.h"
#endif



#ifndef SCIENCE_GOTHIC_22
#define SCIENCE_GOTHIC_22 1
#endif

#if SCIENCE_GOTHIC_22

/*-----------------
 *    BITMAPS
 *----------------*/

/*Store the image of the glyphs*/
static LV_ATTRIBUTE_LARGE_CONST const uint8_t glyph_bitmap[] = {
    /* U+0020 " " */

    /* U+0021 "!" */
    0xf, 0xff, 0xf0, 0xd, 0xff, 0xe0, 0xc, 0xff,
    0xd0, 0xa, 0xff, 0xb0, 0x8, 0xff, 0x90, 0x7,
    0xff, 0x80, 0x5, 0xff, 0x60, 0x3, 0xff, 0x40,
    0x2, 0xff, 0x30, 0x0, 0xff, 0x10, 0x0, 0x33,
    0x0, 0x3, 0x66, 0x30, 0xb, 0xff, 0xc0, 0xb,
    0xff, 0xc0, 0x9, 0xff, 0xa0,

    /* U+0022 "\"" */
    0xa, 0xb9, 0x0, 0xab, 0x90, 0xff, 0xf0, 0xf,
    0xfe, 0xf, 0xff, 0x0, 0xff, 0xe0, 0xdf, 0xc0,
    0xe, 0xfc, 0xa, 0xf9, 0x0, 0xaf, 0x90, 0x7f,
    0x60, 0x7, 0xf5, 0x3, 0xf3, 0x0, 0x4f, 0x20,

    /* U+0023 "#" */
    0x0, 0x0, 0xef, 0x40, 0xef, 0x40, 0x0, 0x1,
    0xff, 0x21, 0xff, 0x20, 0x0, 0x3, 0xff, 0x3,
    0xff, 0x0, 0x3, 0xff, 0xff, 0xff, 0xff, 0xf9,
    0x5, 0xff, 0xff, 0xff, 0xff, 0xf7, 0x3, 0x7d,
    0xfb, 0x7d, 0xfb, 0x72, 0x0, 0xc, 0xf6, 0xc,
    0xf6, 0x0, 0x0, 0xf, 0xf4, 0xf, 0xf4, 0x0,
    0x0, 0x1f, 0xf1, 0x1f, 0xf1, 0x0, 0xf, 0xff,
    0xff, 0xff, 0xff, 0xc0, 0x3f, 0xff, 0xff, 0xff,
    0xff, 0x90, 0x27, 0xcf, 0xc7, 0xcf, 0xc7, 0x30,
    0x0, 0xaf, 0x80, 0xaf, 0x80, 0x0, 0x0, 0xdf,
    0x60, 0xdf, 0x60, 0x0, 0x0, 0xff, 0x30, 0xff,
    0x30, 0x0,

    /* U+0024 "$" */
    0x0, 0x0, 0x0, 0x2d, 0xd2, 0x0, 0x0, 0x0,
    0x0, 0x0, 0x0, 0x3f, 0xf2, 0x0, 0x0, 0x0,
    0x4, 0xcf, 0xff, 0xff, 0xff, 0xff, 0xe9, 0x0,
    0x1f, 0xff, 0xff, 0xff, 0xff, 0xff, 0xff, 0x90,
    0x5f, 0xfc, 0xaa, 0xbf, 0xfb, 0xaa, 0xff, 0xd0,
    0x5f, 0xf6, 0x0, 0x3f, 0xf2, 0x0, 0xef, 0xb0,
    0x5f, 0xf6, 0x0, 0x3f, 0xf2, 0x0, 0x20, 0x0,
    0x5f, 0xf6, 0x0, 0x3f, 0xf2, 0x0, 0x0, 0x0,
    0x4f, 0xff, 0xff, 0xff, 0xff, 0xff, 0xea, 0x10,
    0xd, 0xff, 0xff, 0xff, 0xff, 0xff, 0xff, 0xc0,
    0x0, 0x69, 0xaa, 0xbf, 0xfb, 0xaa, 0xef, 0xf0,
    0x0, 0x0, 0x0, 0x3f, 0xf2, 0x0, 0xbf, 0xf1,
    0x1, 0x40, 0x0, 0x3f, 0xf2, 0x0, 0xbf, 0xf1,
    0x9f, 0xf1, 0x0, 0x3f, 0xf2, 0x0, 0xbf, 0xf1,
    0xaf, 0xfb, 0xaa, 0xbf, 0xfb, 0xaa, 0xef, 0xf0,
    0x6f, 0xff, 0xff, 0xff, 0xff, 0xff, 0xff, 0xc0,
    0x7, 0xdf, 0xff, 0xff, 0xff, 0xff, 0xea, 0x10,
    0x0, 0x0, 0x0, 0x3f, 0xf2, 0x0, 0x0, 0x0,
    0x0, 0x0, 0x0, 0x3f, 0xf2, 0x0, 0x0, 0x0,

    /* U+0025 "%" */
    0xb, 0xff, 0xff, 0xff, 0xe6, 0x0, 0x0, 0x0,
    0xef, 0x80, 0x0, 0x0, 0x3, 0xff, 0xff, 0xff,
    0xff, 0xd0, 0x0, 0x0, 0x9f, 0xd0, 0x0, 0x0,
    0x0, 0x3f, 0xf0, 0x0, 0x5, 0xfe, 0x0, 0x0,
    0x3f, 0xf4, 0x0, 0x0, 0x0, 0x3, 0xff, 0x0,
    0x0, 0x5f, 0xe0, 0x0, 0xd, 0xf9, 0x0, 0x0,
    0x0, 0x0, 0x3f, 0xf0, 0x0, 0x5, 0xfe, 0x0,
    0x7, 0xfe, 0x10, 0x0, 0x0, 0x0, 0x3, 0xff,
    0x0, 0x0, 0x5f, 0xe0, 0x2, 0xff, 0x50, 0x0,
    0x0, 0x0, 0x0, 0x3f, 0xf0, 0x0, 0x5, 0xfe,
    0x0, 0xcf, 0xb0, 0x0, 0x0, 0x0, 0x0, 0x3,
    0xff, 0xff, 0xff, 0xff, 0xd0, 0x6f, 0xf1, 0x5d,
    0xef, 0xff, 0xfe, 0xa0, 0xb, 0xff, 0xff, 0xff,
    0xe6, 0x1f, 0xf6, 0xd, 0xff, 0xff, 0xff, 0xff,
    0x30, 0x0, 0x0, 0x0, 0x0, 0xa, 0xfc, 0x0,
    0xdf, 0x50, 0x0, 0xf, 0xf4, 0x0, 0x0, 0x0,
    0x0, 0x4, 0xff, 0x20, 0xd, 0xf5, 0x0, 0x0,
    0xff, 0x40, 0x0, 0x0, 0x0, 0x0, 0xef, 0x80,
    0x0, 0xdf, 0x50, 0x0, 0xf, 0xf4, 0x0, 0x0,
    0x0, 0x0, 0x9f, 0xd0, 0x0, 0xd, 0xf5, 0x0,
    0x0, 0xff, 0x40, 0x0, 0x0, 0x0, 0x3f, 0xf3,
    0x0, 0x0, 0xdf, 0x50, 0x0, 0xf, 0xf4, 0x0,
    0x0, 0x0, 0xd, 0xf9, 0x0, 0x0, 0xd, 0xfe,
    0xdd, 0xdd, 0xff, 0x30, 0x0, 0x0, 0x7, 0xfe,
    0x10, 0x0, 0x0, 0x6e, 0xff, 0xff, 0xff, 0xb0,

    /* U+0026 "&" */
    0x0, 0x0, 0x5d, 0xff, 0xff, 0xe9, 0x0, 0x0,
    0x0, 0x0, 0x0, 0x2f, 0xff, 0xff, 0xff, 0xf8,
    0x0, 0x0, 0x0, 0x0, 0x5, 0xff, 0xc9, 0x99,
    0xdf, 0xc0, 0x0, 0x0, 0x0, 0x0, 0x5f, 0xf7,
    0x0, 0xa, 0xfc, 0x0, 0x0, 0x0, 0x0, 0x2,
    0xff, 0xf5, 0x0, 0x78, 0x40, 0x0, 0x0, 0x0,
    0x0, 0x7, 0xff, 0xf6, 0x0, 0x0, 0x0, 0x0,
    0x0, 0x0, 0x1, 0xaf, 0xff, 0xf7, 0x0, 0x0,
    0x1, 0x0, 0x0, 0x6, 0xff, 0xfe, 0xff, 0xf7,
    0x0, 0x8, 0xf3, 0x0, 0xb, 0xff, 0xf9, 0x6,
    0xff, 0xf8, 0xa, 0xff, 0xc0, 0x5, 0xff, 0xd3,
    0x0, 0x5, 0xff, 0xfe, 0xff, 0xc1, 0x0, 0x7f,
    0xf6, 0x0, 0x0, 0x4, 0xff, 0xff, 0xa0, 0x0,
    0x7, 0xff, 0x60, 0x0, 0x0, 0x3e, 0xff, 0xfa,
    0x0, 0x0, 0x7f, 0xfb, 0x88, 0x88, 0x8f, 0xff,
    0xff, 0xfa, 0x0, 0x5, 0xff, 0xff, 0xff, 0xff,
    0xff, 0x53, 0xff, 0xfa, 0x0, 0x8, 0xef, 0xff,
    0xff, 0xfc, 0x40, 0x4, 0xff, 0xfa, 0x0,

    /* U+0027 "'" */
    0xe, 0xfe, 0xf, 0xff, 0xf, 0xfe, 0xc, 0xfb,
    0x9, 0xf8, 0x6, 0xf5, 0x2, 0xb1,

    /* U+0028 "(" */
    0x0, 0xa, 0xf7, 0x0, 0x6f, 0xd0, 0x1, 0xef,
    0x50, 0x7, 0xfe, 0x0, 0xd, 0xfa, 0x0, 0x2f,
    0xf6, 0x0, 0x5f, 0xf3, 0x0, 0x8f, 0xf1, 0x0,
    0x9f, 0xf0, 0x0, 0x9f, 0xf0, 0x0, 0x8f, 0xf0,
    0x0, 0x7f, 0xf2, 0x0, 0x4f, 0xf4, 0x0, 0x1f,
    0xf7, 0x0, 0xb, 0xfc, 0x0, 0x4, 0xff, 0x10,
    0x0, 0xcf, 0x80, 0x0, 0x2f, 0xf2, 0x0, 0x4,
    0x85,

    /* U+0029 ")" */
    0x8f, 0xa0, 0x0, 0xd, 0xf6, 0x0, 0x5, 0xfe,
    0x10, 0x0, 0xff, 0x70, 0x0, 0xaf, 0xd0, 0x0,
    0x6f, 0xf2, 0x0, 0x4f, 0xf5, 0x0, 0x2f, 0xf7,
    0x0, 0x1f, 0xf8, 0x0, 0xf, 0xf9, 0x0, 0x1f,
    0xf8, 0x0, 0x2f, 0xf6, 0x0, 0x5f, 0xf3, 0x0,
    0x8f, 0xf0, 0x0, 0xcf, 0xa0, 0x2, 0xff, 0x40,
    0x9, 0xfb, 0x0, 0x2f, 0xe1, 0x0, 0x68, 0x30,
    0x0,

    /* U+002A "*" */
    0x0, 0x2, 0xf5, 0x0, 0x0, 0x78, 0x2f, 0x45,
    0x80, 0x9, 0xfe, 0xfd, 0xfa, 0x0, 0x3, 0xef,
    0xf5, 0x0, 0x3, 0xcf, 0xff, 0xe6, 0x0, 0xac,
    0x5f, 0x6b, 0xc0, 0x0, 0x2, 0xf5, 0x0, 0x0,
    0x0, 0x4, 0x10, 0x0,

    /* U+002B "+" */
    0x0, 0x0, 0x3, 0xbb, 0x10, 0x0, 0x0, 0x0,
    0x0, 0x5, 0xff, 0x20, 0x0, 0x0, 0x0, 0x0,
    0x5, 0xff, 0x20, 0x0, 0x0, 0x0, 0x0, 0x5,
    0xff, 0x20, 0x0, 0x0, 0x0, 0x0, 0x5, 0xff,
    0x20, 0x0, 0x0, 0x24, 0x44, 0x48, 0xff, 0x54,
    0x44, 0x41, 0x9f, 0xff, 0xff, 0xff, 0xff, 0xff,
    0xf6, 0x9f, 0xff, 0xff, 0xff, 0xff, 0xff, 0xf6,
    0x0, 0x0, 0x5, 0xff, 0x20, 0x0, 0x0, 0x0,
    0x0, 0x5, 0xff, 0x20, 0x0, 0x0, 0x0, 0x0,
    0x5, 0xff, 0x20, 0x0, 0x0, 0x0, 0x0, 0x5,
    0xff, 0x20, 0x0, 0x0, 0x0, 0x0, 0x5, 0xff,
    0x20, 0x0, 0x0,

    /* U+002C "," */
    0x4, 0x55, 0x10, 0xff, 0xf6, 0xf, 0xff, 0x70,
    0xef, 0xf5, 0x0, 0xad, 0x0, 0x2f, 0x40, 0x9,
    0xa0, 0x0, 0x11, 0x0,

    /* U+002D "-" */
    0x37, 0x77, 0x77, 0x77, 0x57, 0xff, 0xff, 0xff,
    0xfc, 0x7f, 0xff, 0xff, 0xff, 0xc0,

    /* U+002E "." */
    0x5, 0x76, 0x10, 0xff, 0xf6, 0xf, 0xff, 0x70,
    0xef, 0xf5,

    /* U+002F "/" */
    0x0, 0x0, 0x0, 0x1f, 0xf7, 0x0, 0x0, 0x0,
    0x7f, 0xf1, 0x0, 0x0, 0x0, 0xdf, 0xb0, 0x0,
    0x0, 0x3, 0xff, 0x50, 0x0, 0x0, 0x9, 0xff,
    0x0, 0x0, 0x0, 0xe, 0xf9, 0x0, 0x0, 0x0,
    0x4f, 0xf3, 0x0, 0x0, 0x0, 0xaf, 0xd0, 0x0,
    0x0, 0x1, 0xff, 0x70, 0x0, 0x0, 0x6, 0xff,
    0x10, 0x0, 0x0, 0xc, 0xfb, 0x0, 0x0, 0x0,
    0x2f, 0xf6, 0x0, 0x0, 0x0, 0x8f, 0xf0, 0x0,
    0x0, 0x0, 0xef, 0xa0, 0x0, 0x0, 0x4, 0xff,
    0x40, 0x0, 0x0, 0xa, 0xfe, 0x0, 0x0, 0x0,
    0x7, 0x84, 0x0, 0x0, 0x0,

    /* U+0030 "0" */
    0x8, 0xdf, 0xff, 0xff, 0xff, 0xff, 0xea, 0x20,
    0x8f, 0xff, 0xff, 0xff, 0xff, 0xff, 0xff, 0xd0,
    0xcf, 0xfb, 0xaa, 0xaa, 0xaa, 0xaa, 0xff, 0xf0,
    0xcf, 0xf1, 0x0, 0x0, 0x0, 0x0, 0xdf, 0xf1,
    0xcf, 0xf1, 0x0, 0x0, 0x0, 0x0, 0xdf, 0xf1,
    0xcf, 0xf1, 0x0, 0x0, 0x0, 0x0, 0xdf, 0xf1,
    0xcf, 0xf1, 0x0, 0x0, 0x0, 0x0, 0xdf, 0xf1,
    0xcf, 0xf1, 0x0, 0x0, 0x0, 0x0, 0xdf, 0xf1,
    0xcf, 0xf1, 0x0, 0x0, 0x0, 0x0, 0xdf, 0xf1,
    0xcf, 0xf1, 0x0, 0x0, 0x0, 0x0, 0xdf, 0xf1,
    0xcf, 0xf1, 0x0, 0x0, 0x0, 0x0, 0xdf, 0xf1,
    0xcf, 0xf1, 0x0, 0x0, 0x0, 0x0, 0xdf, 0xf1,
    0xcf, 0xfb, 0xaa, 0xaa, 0xaa, 0xaa, 0xff, 0xf0,
    0x8f, 0xff, 0xff, 0xff, 0xff, 0xff, 0xff, 0xd0,
    0x8, 0xdf, 0xff, 0xff, 0xff, 0xff, 0xea, 0x20,

    /* U+0031 "1" */
    0x0, 0x0, 0x4, 0x50, 0x69, 0xdf, 0xfc, 0x2f,
    0xff, 0xff, 0xc1, 0x88, 0x9f, 0xfc, 0x0, 0x2,
    0xff, 0xc0, 0x0, 0x2f, 0xfc, 0x0, 0x2, 0xff,
    0xc0, 0x0, 0x2f, 0xfc, 0x0, 0x2, 0xff, 0xc0,
    0x0, 0x2f, 0xfc, 0x0, 0x2, 0xff, 0xc0, 0x0,
    0x2f, 0xfc, 0x0, 0x2, 0xff, 0xc0, 0x0, 0x2f,
    0xfc, 0x0, 0x2, 0xff, 0xc0, 0x0, 0x2f, 0xfc,

    /* U+0032 "2" */
    0x6, 0xdf, 0xff, 0xff, 0xff, 0xfe, 0x91, 0x5,
    0xff, 0xff, 0xff, 0xff, 0xff, 0xff, 0xa0, 0x9f,
    0xfc, 0xaa, 0xaa, 0xaa, 0xaf, 0xfe, 0xa, 0xff,
    0x40, 0x0, 0x0, 0x0, 0xff, 0xe0, 0xaf, 0xf4,
    0x0, 0x0, 0x0, 0xf, 0xfe, 0x1, 0x58, 0x20,
    0x0, 0x0, 0x19, 0xff, 0xc0, 0x0, 0x0, 0x0,
    0x5, 0xbf, 0xff, 0xf4, 0x0, 0x0, 0x2, 0x8e,
    0xff, 0xff, 0xa3, 0x0, 0x0, 0x5b, 0xff, 0xff,
    0xd7, 0x10, 0x0, 0x1, 0xcf, 0xff, 0xfa, 0x40,
    0x0, 0x0, 0x0, 0x8f, 0xfe, 0x71, 0x0, 0x0,
    0x4, 0x63, 0xc, 0xff, 0x30, 0x0, 0x0, 0x0,
    0x8f, 0xf6, 0xcf, 0xfb, 0xaa, 0xaa, 0xaa, 0xad,
    0xff, 0x6c, 0xff, 0xff, 0xff, 0xff, 0xff, 0xff,
    0xf2, 0xcf, 0xff, 0xff, 0xff, 0xff, 0xff, 0xc6,
    0x0,

    /* U+0033 "3" */
    0x7, 0xdf, 0xff, 0xff, 0xff, 0xfe, 0x80, 0x7,
    0xff, 0xff, 0xff, 0xff, 0xff, 0xff, 0x90, 0xaf,
    0xfb, 0xaa, 0xaa, 0xaa, 0xdf, 0xfe, 0xa, 0xff,
    0x30, 0x0, 0x0, 0x0, 0xff, 0xf0, 0x37, 0x92,
    0x0, 0x0, 0x0, 0xe, 0xff, 0x0, 0x0, 0x0,
    0x0, 0x0, 0x2, 0xff, 0xc0, 0x0, 0x0, 0x5,
    0xff, 0xff, 0xff, 0xd2, 0x0, 0x0, 0x0, 0x5f,
    0xff, 0xff, 0xfa, 0x20, 0x0, 0x0, 0x2, 0x77,
    0x77, 0x7f, 0xfe, 0x0, 0x0, 0x0, 0x0, 0x0,
    0x0, 0xaf, 0xf3, 0x47, 0xa1, 0x0, 0x0, 0x0,
    0x9, 0xff, 0x4c, 0xff, 0x10, 0x0, 0x0, 0x0,
    0xbf, 0xf4, 0xcf, 0xfb, 0xaa, 0xaa, 0xaa, 0xbf,
    0xff, 0x39, 0xff, 0xff, 0xff, 0xff, 0xff, 0xff,
    0xd0, 0x19, 0xef, 0xff, 0xff, 0xff, 0xfe, 0xa1,
    0x0,

    /* U+0034 "4" */
    0x0, 0x0, 0x0, 0x0, 0x0, 0xbf, 0xf8, 0x0,
    0x0, 0x0, 0x0, 0x0, 0x1, 0xcf, 0xff, 0x80,
    0x0, 0x0, 0x0, 0x0, 0x3, 0xef, 0xff, 0xf8,
    0x0, 0x0, 0x0, 0x0, 0x4, 0xff, 0xfb, 0xff,
    0x80, 0x0, 0x0, 0x0, 0x6, 0xff, 0xf4, 0x5f,
    0xf8, 0x0, 0x0, 0x0, 0x8, 0xff, 0xe3, 0x5,
    0xff, 0x80, 0x0, 0x0, 0xb, 0xff, 0xc1, 0x0,
    0x5f, 0xf8, 0x0, 0x0, 0x1c, 0xff, 0xb0, 0x0,
    0x5, 0xff, 0x80, 0x0, 0x2e, 0xff, 0x90, 0x0,
    0x0, 0x5f, 0xf8, 0x0, 0xc, 0xff, 0xff, 0xff,
    0xff, 0xff, 0xff, 0xff, 0xf8, 0xcf, 0xff, 0xff,
    0xff, 0xff, 0xff, 0xff, 0xff, 0x88, 0xaa, 0xaa,
    0xaa, 0xaa, 0xac, 0xff, 0xda, 0xa5, 0x0, 0x0,
    0x0, 0x0, 0x0, 0x5f, 0xf8, 0x0, 0x0, 0x0,
    0x0, 0x0, 0x0, 0x5, 0xff, 0x80, 0x0, 0x0,
    0x0, 0x0, 0x0, 0x0, 0x5f, 0xf8, 0x0, 0x0,

    /* U+0035 "5" */
    0xe, 0xff, 0xff, 0xff, 0xff, 0xff, 0x70, 0x0,
    0xff, 0xff, 0xff, 0xff, 0xff, 0xf4, 0x0, 0x1f,
    0xfb, 0xaa, 0xaa, 0xaa, 0xaa, 0x0, 0x2, 0xff,
    0x20, 0x0, 0x0, 0x0, 0x0, 0x0, 0x4f, 0xf1,
    0x0, 0x0, 0x0, 0x0, 0x0, 0x5, 0xff, 0x47,
    0x89, 0x99, 0x75, 0x10, 0x0, 0x7f, 0xff, 0xff,
    0xff, 0xff, 0xff, 0xa1, 0x8, 0xff, 0xff, 0xff,
    0xff, 0xff, 0xff, 0xc0, 0x56, 0x42, 0x0, 0x0,
    0x1, 0x6f, 0xff, 0x40, 0x0, 0x0, 0x0, 0x0,
    0x0, 0x7f, 0xf7, 0x0, 0x0, 0x0, 0x0, 0x0,
    0x6, 0xff, 0x81, 0x0, 0x0, 0x0, 0x0, 0x0,
    0xbf, 0xf6, 0x5f, 0xdb, 0x99, 0x99, 0x9a, 0xef,
    0xff, 0x12, 0xff, 0xff, 0xff, 0xff, 0xff, 0xff,
    0x40, 0x8, 0xbd, 0xff, 0xff, 0xfe, 0xc8, 0x10,
    0x0,

    /* U+0036 "6" */
    0x0, 0x0, 0x2, 0x8c, 0xef, 0xf9, 0x0, 0x0,
    0x0, 0x1, 0xaf, 0xff, 0xff, 0xff, 0x50, 0x0,
    0x0, 0x1d, 0xff, 0xfd, 0x97, 0x77, 0x60, 0x0,
    0x0, 0xbf, 0xfc, 0x20, 0x0, 0x0, 0x0, 0x0,
    0x4, 0xff, 0xc0, 0x0, 0x0, 0x0, 0x0, 0x0,
    0xb, 0xff, 0x65, 0x78, 0x88, 0x76, 0x20, 0x0,
    0xf, 0xff, 0xff, 0xff, 0xff, 0xff, 0xfc, 0x10,
    0x2f, 0xff, 0xff, 0xff, 0xff, 0xff, 0xff, 0x90,
    0x4f, 0xfc, 0x42, 0x10, 0x0, 0x28, 0xff, 0xe0,
    0x5f, 0xf8, 0x0, 0x0, 0x0, 0x0, 0xef, 0xf0,
    0x5f, 0xf9, 0x0, 0x0, 0x0, 0x0, 0xdf, 0xf0,
    0x4f, 0xfd, 0x10, 0x0, 0x0, 0x3, 0xff, 0xf0,
    0x1f, 0xff, 0xfc, 0xbb, 0xbc, 0xdf, 0xff, 0xd0,
    0xa, 0xff, 0xff, 0xff, 0xff, 0xff, 0xff, 0x60,
    0x0, 0x7c, 0xef, 0xff, 0xff, 0xfd, 0xb5, 0x0,

    /* U+0037 "7" */
    0x5f, 0xff, 0xff, 0xff, 0xff, 0xff, 0xff, 0xe5,
    0xff, 0xff, 0xff, 0xff, 0xff, 0xff, 0xfe, 0x5f,
    0xfd, 0xaa, 0xaa, 0xaa, 0xad, 0xff, 0xd5, 0xff,
    0x80, 0x0, 0x0, 0x0, 0xdf, 0xf5, 0x5f, 0xf8,
    0x0, 0x0, 0x0, 0x6f, 0xfc, 0x1, 0x58, 0x50,
    0x0, 0x0, 0xe, 0xff, 0x40, 0x0, 0x0, 0x0,
    0x0, 0x7, 0xff, 0xc0, 0x0, 0x0, 0x0, 0x0,
    0x1, 0xef, 0xf4, 0x0, 0x0, 0x0, 0x0, 0x0,
    0x8f, 0xfb, 0x0, 0x0, 0x0, 0x0, 0x0, 0x1f,
    0xff, 0x30, 0x0, 0x0, 0x0, 0x0, 0x9, 0xff,
    0xb0, 0x0, 0x0, 0x0, 0x0, 0x2, 0xff, 0xf2,
    0x0, 0x0, 0x0, 0x0, 0x0, 0xaf, 0xfa, 0x0,
    0x0, 0x0, 0x0, 0x0, 0x3f, 0xff, 0x20, 0x0,
    0x0, 0x0, 0x0, 0xc, 0xff, 0x90, 0x0, 0x0,
    0x0,

    /* U+0038 "8" */
    0x0, 0x7d, 0xff, 0xff, 0xff, 0xff, 0xfe, 0x90,
    0x0, 0x6f, 0xff, 0xff, 0xff, 0xff, 0xff, 0xff,
    0xa0, 0xa, 0xff, 0xea, 0xaa, 0xaa, 0xaa, 0xdf,
    0xff, 0x0, 0xbf, 0xf4, 0x0, 0x0, 0x0, 0x0,
    0xff, 0xf0, 0xa, 0xff, 0x30, 0x0, 0x0, 0x0,
    0xf, 0xff, 0x0, 0x8f, 0xf6, 0x0, 0x0, 0x0,
    0x2, 0xff, 0xd0, 0x1, 0xcf, 0xff, 0xff, 0xff,
    0xff, 0xff, 0xe4, 0x0, 0x7, 0xef, 0xff, 0xff,
    0xff, 0xff, 0xf9, 0x20, 0xb, 0xff, 0xca, 0xaa,
    0xaa, 0xaa, 0xbf, 0xfe, 0x0, 0xff, 0xf0, 0x0,
    0x0, 0x0, 0x0, 0xaf, 0xf4, 0xf, 0xfe, 0x0,
    0x0, 0x0, 0x0, 0x9, 0xff, 0x40, 0xff, 0xf0,
    0x0, 0x0, 0x0, 0x0, 0xbf, 0xf4, 0xf, 0xff,
    0xda, 0xaa, 0xaa, 0xaa, 0xbf, 0xff, 0x40, 0xaf,
    0xff, 0xff, 0xff, 0xff, 0xff, 0xff, 0xe0, 0x0,
    0x9e, 0xff, 0xff, 0xff, 0xff, 0xfe, 0xb2, 0x0,

    /* U+0039 "9" */
    0x0, 0x5a, 0xde, 0xff, 0xff, 0xeb, 0x71, 0x0,
    0x8, 0xff, 0xff, 0xff, 0xff, 0xff, 0xfe, 0x20,
    0xf, 0xff, 0xda, 0x98, 0x99, 0xcf, 0xff, 0xb0,
    0x2f, 0xfd, 0x0, 0x0, 0x0, 0x4, 0xff, 0xf0,
    0x3f, 0xfa, 0x0, 0x0, 0x0, 0x0, 0xdf, 0xf1,
    0x3f, 0xfe, 0x10, 0x0, 0x0, 0x0, 0xcf, 0xf2,
    0xf, 0xff, 0xfc, 0xbb, 0xbc, 0xdf, 0xff, 0xf2,
    0x8, 0xff, 0xff, 0xff, 0xff, 0xff, 0xff, 0xf1,
    0x0, 0x5a, 0xde, 0xff, 0xfe, 0xc9, 0xff, 0xf0,
    0x0, 0x0, 0x0, 0x0, 0x0, 0x3, 0xff, 0xc0,
    0x0, 0x0, 0x0, 0x0, 0x0, 0xb, 0xff, 0x70,
    0x0, 0x0, 0x0, 0x0, 0x1, 0xaf, 0xfe, 0x0,
    0x0, 0x6, 0x66, 0x78, 0xbf, 0xff, 0xf4, 0x0,
    0x0, 0x8, 0xff, 0xff, 0xff, 0xfd, 0x30, 0x0,
    0x0, 0x0, 0xcf, 0xfe, 0xc9, 0x40, 0x0, 0x0,

    /* U+003A ":" */
    0xe, 0xff, 0x50, 0xff, 0xf7, 0xf, 0xff, 0x60,
    0x57, 0x61, 0x0, 0x0, 0x0, 0x0, 0x0, 0x0,
    0x0, 0x0, 0x57, 0x61, 0xf, 0xff, 0x60, 0xff,
    0xf7, 0xe, 0xff, 0x50,

    /* U+003B ";" */
    0xe, 0xff, 0x50, 0xff, 0xf7, 0xf, 0xff, 0x60,
    0x57, 0x61, 0x0, 0x0, 0x0, 0x0, 0x0, 0x0,
    0x0, 0x0, 0x35, 0x51, 0xf, 0xff, 0x60, 0xff,
    0xf7, 0xe, 0xff, 0x50, 0xa, 0xd0, 0x2, 0xf4,
    0x0, 0x9a, 0x0, 0x1, 0x10, 0x0,

    /* U+003C "<" */
    0x0, 0x0, 0x0, 0x0, 0x0, 0x0, 0x54, 0x0,
    0x0, 0x0, 0x0, 0x2, 0x8e, 0xf6, 0x0, 0x0,
    0x0, 0x5, 0xbf, 0xff, 0xf4, 0x0, 0x0, 0x18,
    0xef, 0xff, 0xd6, 0x10, 0x0, 0x4b, 0xff, 0xff,
    0xa4, 0x0, 0x0, 0x4d, 0xff, 0xfd, 0x71, 0x0,
    0x0, 0x0, 0x9f, 0xff, 0x60, 0x0, 0x0, 0x0,
    0x0, 0x7f, 0xff, 0xfa, 0x30, 0x0, 0x0, 0x0,
    0x2, 0x8e, 0xff, 0xfd, 0x60, 0x0, 0x0, 0x0,
    0x0, 0x6c, 0xff, 0xff, 0x93, 0x0, 0x0, 0x0,
    0x0, 0x39, 0xff, 0xff, 0xc3, 0x0, 0x0, 0x0,
    0x0, 0x6, 0xdf, 0xf6, 0x0, 0x0, 0x0, 0x0,
    0x0, 0x3, 0xa5,

    /* U+003D "=" */
    0x9f, 0xff, 0xff, 0xff, 0xff, 0xff, 0xf6, 0x9f,
    0xff, 0xff, 0xff, 0xff, 0xff, 0xf6, 0x24, 0x44,
    0x44, 0x44, 0x44, 0x44, 0x41, 0x0, 0x0, 0x0,
    0x0, 0x0, 0x0, 0x0, 0x24, 0x44, 0x44, 0x44,
    0x44, 0x44, 0x41, 0x9f, 0xff, 0xff, 0xff, 0xff,
    0xff, 0xf6, 0x9f, 0xff, 0xff, 0xff, 0xff, 0xff,
    0xf6,

    /* U+003E ">" */
    0x54, 0x0, 0x0, 0x0, 0x0, 0x0, 0x0, 0x9f,
    0xd7, 0x10, 0x0, 0x0, 0x0, 0x0, 0x7f, 0xff,
    0xfa, 0x40, 0x0, 0x0, 0x0, 0x2, 0x8e, 0xff,
    0xfd, 0x61, 0x0, 0x0, 0x0, 0x0, 0x5c, 0xff,
    0xff, 0x93, 0x0, 0x0, 0x0, 0x0, 0x29, 0xff,
    0xff, 0xc3, 0x0, 0x0, 0x0, 0x0, 0x8, 0xff,
    0xf6, 0x0, 0x0, 0x0, 0x4, 0xaf, 0xff, 0xf5,
    0x0, 0x0, 0x17, 0xdf, 0xff, 0xe7, 0x10, 0x0,
    0x3a, 0xff, 0xff, 0xb4, 0x0, 0x0, 0x4d, 0xff,
    0xfe, 0x82, 0x0, 0x0, 0x0, 0x9f, 0xfc, 0x50,
    0x0, 0x0, 0x0, 0x0, 0x89, 0x20, 0x0, 0x0,
    0x0, 0x0, 0x0,

    /* U+003F "?" */
    0x1a, 0xef, 0xff, 0xff, 0xfc, 0x40, 0xbf, 0xff,
    0xff, 0xff, 0xff, 0xf0, 0xef, 0xc7, 0x77, 0x77,
    0x9f, 0xf3, 0xef, 0x90, 0x0, 0x0, 0x4f, 0xf3,
    0x25, 0x40, 0x0, 0x0, 0x4f, 0xf3, 0x0, 0x0,
    0x0, 0x1, 0xaf, 0xf3, 0x0, 0x0, 0x19, 0xdf,
    0xff, 0xe0, 0x0, 0x0, 0xbf, 0xff, 0xd8, 0x10,
    0x0, 0x0, 0xdf, 0xb0, 0x0, 0x0, 0x0, 0x0,
    0xdf, 0x90, 0x0, 0x0, 0x0, 0x0, 0x0, 0x0,
    0x0, 0x0, 0x0, 0x1, 0x67, 0x50, 0x0, 0x0,
    0x0, 0x5, 0xff, 0xf1, 0x0, 0x0, 0x0, 0x6,
    0xff, 0xf1, 0x0, 0x0, 0x0, 0x4, 0xff, 0xe0,
    0x0, 0x0,

    /* U+0040 "@" */
    0x1, 0x8c, 0xdd, 0xdd, 0xdd, 0xdd, 0xdd, 0xdb,
    0x70, 0xc, 0xff, 0xff, 0xff, 0xff, 0xff, 0xff,
    0xff, 0xf8, 0x1f, 0xf4, 0x0, 0x0, 0x0, 0x0,
    0x0, 0x7, 0xfe, 0x2f, 0xf0, 0x0, 0x0, 0x0,
    0x0, 0x0, 0x3, 0xff, 0x2f, 0xf0, 0x9, 0xff,
    0xff, 0xbb, 0xfc, 0x3, 0xff, 0x2f, 0xf0, 0x1f,
    0xff, 0xff, 0xff, 0xfc, 0x3, 0xff, 0x2f, 0xf0,
    0x1f, 0xf6, 0x0, 0xa, 0xfc, 0x3, 0xff, 0x2f,
    0xf0, 0x1f, 0xf6, 0x0, 0xa, 0xfc, 0x3, 0xff,
    0x2f, 0xf0, 0x1f, 0xf6, 0x0, 0xa, 0xfc, 0x3,
    0xff, 0x2f, 0xf0, 0x1f, 0xf6, 0x0, 0xa, 0xfc,
    0x3, 0xff, 0x2f, 0xf0, 0x1f, 0xff, 0xff, 0xff,
    0xfe, 0x4, 0xfe, 0x2f, 0xf0, 0xa, 0xff, 0xff,
    0xda, 0xff, 0xff, 0xf9, 0x2f, 0xf0, 0x0, 0x0,
    0x0, 0x0, 0x6b, 0xcc, 0x80, 0x1f, 0xf2, 0x0,
    0x0, 0x0, 0x0, 0x0, 0x0, 0x0, 0xd, 0xff,
    0xdd, 0xdd, 0xdd, 0xdd, 0xdd, 0xdc, 0x0, 0x2,
    0xae, 0xff, 0xff, 0xff, 0xff, 0xff, 0xfe, 0x0,

    /* U+0041 "A" */
    0x0, 0x0, 0x0, 0x6, 0xff, 0x70, 0x0, 0x0,
    0x0, 0x0, 0x0, 0x0, 0x0, 0xef, 0xfe, 0x0,
    0x0, 0x0, 0x0, 0x0, 0x0, 0x0, 0x6f, 0xff,
    0xf8, 0x0, 0x0, 0x0, 0x0, 0x0, 0x0, 0xe,
    0xff, 0xff, 0xf1, 0x0, 0x0, 0x0, 0x0, 0x0,
    0x7, 0xff, 0xbc, 0xff, 0x90, 0x0, 0x0, 0x0,
    0x0, 0x1, 0xff, 0xf3, 0x4f, 0xff, 0x20, 0x0,
    0x0, 0x0, 0x0, 0x8f, 0xfb, 0x0, 0xbf, 0xfa,
    0x0, 0x0, 0x0, 0x0, 0x1f, 0xff, 0x20, 0x3,
    0xff, 0xf3, 0x0, 0x0, 0x0, 0x9, 0xff, 0xa0,
    0x0, 0xb, 0xff, 0xb0, 0x0, 0x0, 0x2, 0xff,
    0xff, 0xff, 0xff, 0xff, 0xff, 0x40, 0x0, 0x0,
    0xaf, 0xff, 0xff, 0xff, 0xff, 0xff, 0xfc, 0x0,
    0x0, 0x2f, 0xff, 0xaa, 0xaa, 0xaa, 0xaa, 0xff,
    0xf5, 0x0, 0xb, 0xff, 0x80, 0x0, 0x0, 0x0,
    0x9, 0xff, 0xd0, 0x3, 0xff, 0xe1, 0x0, 0x0,
    0x0, 0x0, 0x1f, 0xff, 0x60, 0xbf, 0xf7, 0x0,
    0x0, 0x0, 0x0, 0x0, 0x8f, 0xfe, 0x0,

    /* U+0042 "B" */
    0xcf, 0xff, 0xff, 0xff, 0xff, 0xfe, 0xa2, 0xc,
    0xff, 0xff, 0xff, 0xff, 0xff, 0xff, 0xd0, 0xcf,
    0xfb, 0xaa, 0xaa, 0xaa, 0xbf, 0xff, 0x1c, 0xff,
    0x10, 0x0, 0x0, 0x0, 0xcf, 0xf2, 0xcf, 0xf1,
    0x0, 0x0, 0x0, 0xb, 0xff, 0x2c, 0xff, 0x10,
    0x0, 0x0, 0x0, 0xdf, 0xf0, 0xcf, 0xff, 0xff,
    0xff, 0xff, 0xff, 0xf5, 0xc, 0xff, 0xff, 0xff,
    0xff, 0xff, 0xfb, 0x20, 0xcf, 0xfa, 0x99, 0x99,
    0x99, 0x9f, 0xfd, 0xc, 0xff, 0x10, 0x0, 0x0,
    0x0, 0x9f, 0xf3, 0xcf, 0xf1, 0x0, 0x0, 0x0,
    0x9, 0xff, 0x5c, 0xff, 0x10, 0x0, 0x0, 0x0,
    0x9f, 0xf5, 0xcf, 0xfb, 0xaa, 0xaa, 0xaa, 0xbf,
    0xff, 0x4c, 0xff, 0xff, 0xff, 0xff, 0xff, 0xff,
    0xe0, 0xcf, 0xff, 0xff, 0xff, 0xff, 0xff, 0xb3,
    0x0,

    /* U+0043 "C" */
    0x2, 0xbe, 0xff, 0xff, 0xff, 0xff, 0xeb, 0x30,
    0xd, 0xff, 0xff, 0xff, 0xff, 0xff, 0xff, 0xe0,
    0x1f, 0xfe, 0xaa, 0xaa, 0xaa, 0xaa, 0xef, 0xf2,
    0x2f, 0xfc, 0x0, 0x0, 0x0, 0x0, 0xbf, 0xf3,
    0x2f, 0xfc, 0x0, 0x0, 0x0, 0x0, 0xbf, 0xf3,
    0x2f, 0xfc, 0x0, 0x0, 0x0, 0x0, 0x44, 0x10,
    0x2f, 0xfc, 0x0, 0x0, 0x0, 0x0, 0x0, 0x0,
    0x2f, 0xfc, 0x0, 0x0, 0x0, 0x0, 0x0, 0x0,
    0x2f, 0xfc, 0x0, 0x0, 0x0, 0x0, 0x0, 0x0,
    0x2f, 0xfc, 0x0, 0x0, 0x0, 0x0, 0x68, 0x51,
    0x2f, 0xfc, 0x0, 0x0, 0x0, 0x0, 0x9f, 0xf4,
    0x2f, 0xfc, 0x0, 0x0, 0x0, 0x0, 0x9f, 0xf4,
    0x1f, 0xfe, 0xaa, 0xaa, 0xaa, 0xaa, 0xdf, 0xf4,
    0xd, 0xff, 0xff, 0xff, 0xff, 0xff, 0xff, 0xf0,
    0x2, 0xbe, 0xff, 0xff, 0xff, 0xff, 0xfc, 0x30,

    /* U+0044 "D" */
    0xcf, 0xff, 0xff, 0xff, 0xff, 0xea, 0x40, 0x0,
    0xc, 0xff, 0xff, 0xff, 0xff, 0xff, 0xff, 0xb1,
    0x0, 0xcf, 0xfb, 0xaa, 0xaa, 0xab, 0xdf, 0xff,
    0xc0, 0xc, 0xff, 0x10, 0x0, 0x0, 0x0, 0x3e,
    0xff, 0x70, 0xcf, 0xf1, 0x0, 0x0, 0x0, 0x0,
    0x4f, 0xfe, 0xc, 0xff, 0x10, 0x0, 0x0, 0x0,
    0x0, 0xef, 0xf2, 0xcf, 0xf1, 0x0, 0x0, 0x0,
    0x0, 0xb, 0xff, 0x5c, 0xff, 0x10, 0x0, 0x0,
    0x0, 0x0, 0xbf, 0xf5, 0xcf, 0xf1, 0x0, 0x0,
    0x0, 0x0, 0xc, 0xff, 0x5c, 0xff, 0x10, 0x0,
    0x0, 0x0, 0x0, 0xef, 0xf3, 0xcf, 0xf1, 0x0,
    0x0, 0x0, 0x0, 0x5f, 0xfe, 0xc, 0xff, 0x10,
    0x0, 0x0, 0x0, 0x4e, 0xff, 0x80, 0xcf, 0xfb,
    0xaa, 0xaa, 0xaa, 0xdf, 0xff, 0xd0, 0xc, 0xff,
    0xff, 0xff, 0xff, 0xff, 0xff, 0xc1, 0x0, 0xcf,
    0xff, 0xff, 0xff, 0xff, 0xeb, 0x50, 0x0, 0x0,

    /* U+0045 "E" */
    0xcf, 0xff, 0xff, 0xff, 0xff, 0xff, 0xfd, 0xc,
    0xff, 0xff, 0xff, 0xff, 0xff, 0xff, 0xd0, 0xcf,
    0xfb, 0xaa, 0xaa, 0xaa, 0xaa, 0xa8, 0xc, 0xff,
    0x10, 0x0, 0x0, 0x0, 0x0, 0x0, 0xcf, 0xf1,
    0x0, 0x0, 0x0, 0x0, 0x0, 0xc, 0xff, 0x10,
    0x0, 0x0, 0x0, 0x0, 0x0, 0xcf, 0xff, 0xff,
    0xff, 0xf9, 0x0, 0x0, 0xc, 0xff, 0xff, 0xff,
    0xff, 0x90, 0x0, 0x0, 0xcf, 0xfb, 0xaa, 0xaa,
    0xa6, 0x0, 0x0, 0xc, 0xff, 0x10, 0x0, 0x0,
    0x0, 0x0, 0x0, 0xcf, 0xf1, 0x0, 0x0, 0x0,
    0x0, 0x0, 0xc, 0xff, 0x10, 0x0, 0x0, 0x0,
    0x0, 0x0, 0xcf, 0xfb, 0xaa, 0xaa, 0xaa, 0xaa,
    0xaa, 0xc, 0xff, 0xff, 0xff, 0xff, 0xff, 0xff,
    0xf0, 0xcf, 0xff, 0xff, 0xff, 0xff, 0xff, 0xff,
    0x0,

    /* U+0046 "F" */
    0xcf, 0xff, 0xff, 0xff, 0xff, 0xff, 0xf6, 0xcf,
    0xff, 0xff, 0xff, 0xff, 0xff, 0xf6, 0xcf, 0xfb,
    0xaa, 0xaa, 0xaa, 0xaa, 0xa4, 0xcf, 0xf1, 0x0,
    0x0, 0x0, 0x0, 0x0, 0xcf, 0xf1, 0x0, 0x0,
    0x0, 0x0, 0x0, 0xcf, 0xf1, 0x0, 0x0, 0x0,
    0x0, 0x0, 0xcf, 0xff, 0xff, 0xff, 0xd0, 0x0,
    0x0, 0xcf, 0xff, 0xff, 0xff, 0xd0, 0x0, 0x0,
    0xcf, 0xfb, 0xaa, 0xaa, 0x80, 0x0, 0x0, 0xcf,
    0xf1, 0x0, 0x0, 0x0, 0x0, 0x0, 0xcf, 0xf1,
    0x0, 0x0, 0x0, 0x0, 0x0, 0xcf, 0xf1, 0x0,
    0x0, 0x0, 0x0, 0x0, 0xcf, 0xf1, 0x0, 0x0,
    0x0, 0x0, 0x0, 0xcf, 0xf1, 0x0, 0x0, 0x0,
    0x0, 0x0, 0xcf, 0xf1, 0x0, 0x0, 0x0, 0x0,
    0x0,

    /* U+0047 "G" */
    0x2, 0xbe, 0xff, 0xff, 0xff, 0xff, 0xfe, 0xb3,
    0x0, 0xdf, 0xff, 0xff, 0xff, 0xff, 0xff, 0xff,
    0xe0, 0x1f, 0xfe, 0xaa, 0xaa, 0xaa, 0xaa, 0xae,
    0xff, 0x22, 0xff, 0xc0, 0x0, 0x0, 0x0, 0x0,
    0xbf, 0xf2, 0x2f, 0xfc, 0x0, 0x0, 0x0, 0x0,
    0x3, 0x30, 0x2, 0xff, 0xc0, 0x0, 0x0, 0x0,
    0x0, 0x0, 0x0, 0x2f, 0xfc, 0x0, 0x0, 0x8f,
    0xff, 0xff, 0xff, 0x42, 0xff, 0xc0, 0x0, 0x8,
    0xff, 0xff, 0xff, 0xf4, 0x2f, 0xfc, 0x0, 0x0,
    0x5a, 0xaa, 0xae, 0xff, 0x42, 0xff, 0xc0, 0x0,
    0x0, 0x0, 0x0, 0xaf, 0xf4, 0x2f, 0xfc, 0x0,
    0x0, 0x0, 0x0, 0xa, 0xff, 0x42, 0xff, 0xc0,
    0x0, 0x0, 0x0, 0x0, 0xaf, 0xf4, 0x1f, 0xfe,
    0xaa, 0xaa, 0xaa, 0xaa, 0xae, 0xff, 0x30, 0xdf,
    0xff, 0xff, 0xff, 0xff, 0xff, 0xff, 0xe0, 0x2,
    0xbe, 0xff, 0xff, 0xff, 0xff, 0xff, 0xb3, 0x0,

    /* U+0048 "H" */
    0xcf, 0xf1, 0x0, 0x0, 0x0, 0x0, 0x1f, 0xfc,
    0xcf, 0xf1, 0x0, 0x0, 0x0, 0x0, 0x1f, 0xfc,
    0xcf, 0xf1, 0x0, 0x0, 0x0, 0x0, 0x1f, 0xfc,
    0xcf, 0xf1, 0x0, 0x0, 0x0, 0x0, 0x1f, 0xfc,
    0xcf, 0xf1, 0x0, 0x0, 0x0, 0x0, 0x1f, 0xfc,
    0xcf, 0xf1, 0x0, 0x0, 0x0, 0x0, 0x1f, 0xfc,
    0xcf, 0xff, 0xff, 0xff, 0xff, 0xff, 0xff, 0xfc,
    0xcf, 0xff, 0xff, 0xff, 0xff, 0xff, 0xff, 0xfc,
    0xcf, 0xfb, 0xaa, 0xaa, 0xaa, 0xaa, 0xbf, 0xfc,
    0xcf, 0xf1, 0x0, 0x0, 0x0, 0x0, 0x1f, 0xfc,
    0xcf, 0xf1, 0x0, 0x0, 0x0, 0x0, 0x1f, 0xfc,
    0xcf, 0xf1, 0x0, 0x0, 0x0, 0x0, 0x1f, 0xfc,
    0xcf, 0xf1, 0x0, 0x0, 0x0, 0x0, 0x1f, 0xfc,
    0xcf, 0xf1, 0x0, 0x0, 0x0, 0x0, 0x1f, 0xfc,
    0xcf, 0xf1, 0x0, 0x0, 0x0, 0x0, 0x1f, 0xfc,

    /* U+0049 "I" */
    0xcf, 0xf1, 0xcf, 0xf1, 0xcf, 0xf1, 0xcf, 0xf1,
    0xcf, 0xf1, 0xcf, 0xf1, 0xcf, 0xf1, 0xcf, 0xf1,
    0xcf, 0xf1, 0xcf, 0xf1, 0xcf, 0xf1, 0xcf, 0xf1,
    0xcf, 0xf1, 0xcf, 0xf1, 0xcf, 0xf1,

    /* U+004A "J" */
    0x0, 0x0, 0x0, 0x0, 0x0, 0x6f, 0xf7, 0x0,
    0x0, 0x0, 0x0, 0x0, 0x6f, 0xf7, 0x0, 0x0,
    0x0, 0x0, 0x0, 0x6f, 0xf7, 0x0, 0x0, 0x0,
    0x0, 0x0, 0x6f, 0xf7, 0x0, 0x0, 0x0, 0x0,
    0x0, 0x6f, 0xf7, 0x0, 0x0, 0x0, 0x0, 0x0,
    0x6f, 0xf7, 0x0, 0x0, 0x0, 0x0, 0x0, 0x6f,
    0xf7, 0x0, 0x0, 0x0, 0x0, 0x0, 0x6f, 0xf7,
    0x7b, 0xe0, 0x0, 0x0, 0x0, 0x6f, 0xf7, 0xef,
    0xf0, 0x0, 0x0, 0x0, 0x6f, 0xf7, 0xef, 0xf0,
    0x0, 0x0, 0x0, 0x6f, 0xf7, 0xef, 0xf0, 0x0,
    0x0, 0x0, 0x6f, 0xf7, 0xdf, 0xfa, 0xaa, 0xaa,
    0xaa, 0xcf, 0xf6, 0x9f, 0xff, 0xff, 0xff, 0xff,
    0xff, 0xf3, 0x9, 0xef, 0xff, 0xff, 0xff, 0xfc,
    0x50,

    /* U+004B "K" */
    0xcf, 0xf1, 0x0, 0x0, 0x1, 0xcf, 0xfe, 0x30,
    0xc, 0xff, 0x10, 0x0, 0x2, 0xdf, 0xfd, 0x10,
    0x0, 0xcf, 0xf1, 0x0, 0x3, 0xef, 0xfb, 0x0,
    0x0, 0xc, 0xff, 0x10, 0x4, 0xff, 0xf9, 0x0,
    0x0, 0x0, 0xcf, 0xf1, 0x6, 0xff, 0xf7, 0x0,
    0x0, 0x0, 0xc, 0xff, 0x18, 0xff, 0xf4, 0x0,
    0x0, 0x0, 0x0, 0xcf, 0xfc, 0xff, 0xe3, 0x0,
    0x0, 0x0, 0x0, 0xc, 0xff, 0xff, 0xfb, 0x10,
    0x0, 0x0, 0x0, 0x0, 0xcf, 0xf6, 0xef, 0xfd,
    0x20, 0x0, 0x0, 0x0, 0xc, 0xff, 0x12, 0xdf,
    0xff, 0x50, 0x0, 0x0, 0x0, 0xcf, 0xf1, 0x1,
    0xbf, 0xff, 0x90, 0x0, 0x0, 0xc, 0xff, 0x10,
    0x0, 0x8f, 0xff, 0xc1, 0x0, 0x0, 0xcf, 0xf1,
    0x0, 0x0, 0x5f, 0xff, 0xe3, 0x0, 0xc, 0xff,
    0x10, 0x0, 0x0, 0x3e, 0xff, 0xf6, 0x0, 0xcf,
    0xf1, 0x0, 0x0, 0x0, 0x1c, 0xff, 0xfa, 0x0,

    /* U+004C "L" */
    0xcf, 0xf1, 0x0, 0x0, 0x0, 0x0, 0x0, 0xcf,
    0xf1, 0x0, 0x0, 0x0, 0x0, 0x0, 0xcf, 0xf1,
    0x0, 0x0, 0x0, 0x0, 0x0, 0xcf, 0xf1, 0x0,
    0x0, 0x0, 0x0, 0x0, 0xcf, 0xf1, 0x0, 0x0,
    0x0, 0x0, 0x0, 0xcf, 0xf1, 0x0, 0x0, 0x0,
    0x0, 0x0, 0xcf, 0xf1, 0x0, 0x0, 0x0, 0x0,
    0x0, 0xcf, 0xf1, 0x0, 0x0, 0x0, 0x0, 0x0,
    0xcf, 0xf1, 0x0, 0x0, 0x0, 0x0, 0x0, 0xcf,
    0xf1, 0x0, 0x0, 0x0, 0x0, 0x0, 0xcf, 0xf1,
    0x0, 0x0, 0x0, 0x0, 0x0, 0xcf, 0xf1, 0x0,
    0x0, 0x0, 0x0, 0x0, 0xcf, 0xfb, 0xaa, 0xaa,
    0xaa, 0xaa, 0xa1, 0xcf, 0xff, 0xff, 0xff, 0xff,
    0xff, 0xf1, 0xcf, 0xff, 0xff, 0xff, 0xff, 0xff,
    0xf1,

    /* U+004D "M" */
    0xcf, 0xf2, 0x0, 0x0, 0x0, 0x0, 0x0, 0x5f,
    0xfa, 0xcf, 0xfd, 0x0, 0x0, 0x0, 0x0, 0x1,
    0xef, 0xfa, 0xcf, 0xff, 0x90, 0x0, 0x0, 0x0,
    0xb, 0xff, 0xfa, 0xcf, 0xff, 0xf4, 0x0, 0x0,
    0x0, 0x6f, 0xff, 0xfa, 0xcf, 0xff, 0xfe, 0x10,
    0x0, 0x2, 0xff, 0xff, 0xfa, 0xcf, 0xdc, 0xff,
    0xa0, 0x0, 0xc, 0xff, 0x7f, 0xfa, 0xcf, 0xc2,
    0xff, 0xf6, 0x0, 0x7f, 0xf8, 0x4f, 0xfa, 0xcf,
    0xc0, 0x6f, 0xff, 0x22, 0xff, 0xc0, 0x4f, 0xfa,
    0xcf, 0xc0, 0xa, 0xff, 0xcc, 0xff, 0x20, 0x4f,
    0xfa, 0xcf, 0xc0, 0x1, 0xef, 0xff, 0xf7, 0x0,
    0x4f, 0xfa, 0xcf, 0xc0, 0x0, 0x4f, 0xff, 0xc0,
    0x0, 0x4f, 0xfa, 0xcf, 0xc0, 0x0, 0x9, 0xff,
    0x20, 0x0, 0x4f, 0xfa, 0xcf, 0xc0, 0x0, 0x0,
    0xd6, 0x0, 0x0, 0x4f, 0xfa, 0xcf, 0xc0, 0x0,
    0x0, 0x10, 0x0, 0x0, 0x4f, 0xfa, 0xcf, 0xc0,
    0x0, 0x0, 0x0, 0x0, 0x0, 0x4f, 0xfa,

    /* U+004E "N" */
    0xcf, 0xd1, 0x0, 0x0, 0x0, 0x0, 0xc, 0xff,
    0xcf, 0xfd, 0x10, 0x0, 0x0, 0x0, 0xc, 0xff,
    0xcf, 0xff, 0xd2, 0x0, 0x0, 0x0, 0xc, 0xff,
    0xcf, 0xff, 0xfe, 0x20, 0x0, 0x0, 0xc, 0xff,
    0xcf, 0xfe, 0xff, 0xe2, 0x0, 0x0, 0xc, 0xff,
    0xcf, 0xe2, 0xef, 0xfe, 0x20, 0x0, 0xc, 0xff,
    0xcf, 0xe0, 0x2e, 0xff, 0xe2, 0x0, 0xc, 0xff,
    0xcf, 0xe0, 0x2, 0xef, 0xfe, 0x30, 0xc, 0xff,
    0xcf, 0xe0, 0x0, 0x2e, 0xff, 0xf3, 0xc, 0xff,
    0xcf, 0xe0, 0x0, 0x1, 0xdf, 0xff, 0x3c, 0xff,
    0xcf, 0xe0, 0x0, 0x0, 0x1d, 0xff, 0xfe, 0xff,
    0xcf, 0xe0, 0x0, 0x0, 0x1, 0xdf, 0xff, 0xff,
    0xcf, 0xe0, 0x0, 0x0, 0x0, 0x1c, 0xff, 0xff,
    0xcf, 0xe0, 0x0, 0x0, 0x0, 0x1, 0xcf, 0xff,
    0xcf, 0xe0, 0x0, 0x0, 0x0, 0x0, 0xc, 0xff,

    /* U+004F "O" */
    0x2, 0xae, 0xff, 0xff, 0xff, 0xff, 0xff, 0xd9,
    0x0, 0xef, 0xff, 0xff, 0xff, 0xff, 0xff, 0xff,
    0xf9, 0x1f, 0xfe, 0xaa, 0xaa, 0xaa, 0xaa, 0xaa,
    0xff, 0xd2, 0xff, 0xc0, 0x0, 0x0, 0x0, 0x0,
    0x1f, 0xfd, 0x2f, 0xfc, 0x0, 0x0, 0x0, 0x0,
    0x1, 0xff, 0xd2, 0xff, 0xc0, 0x0, 0x0, 0x0,
    0x0, 0x1f, 0xfd, 0x2f, 0xfc, 0x0, 0x0, 0x0,
    0x0, 0x1, 0xff, 0xd2, 0xff, 0xc0, 0x0, 0x0,
    0x0, 0x0, 0x1f, 0xfd, 0x2f, 0xfc, 0x0, 0x0,
    0x0, 0x0, 0x1, 0xff, 0xd2, 0xff, 0xc0, 0x0,
    0x0, 0x0, 0x0, 0x1f, 0xfd, 0x2f, 0xfc, 0x0,
    0x0, 0x0, 0x0, 0x1, 0xff, 0xd2, 0xff, 0xc0,
    0x0, 0x0, 0x0, 0x0, 0x1f, 0xfd, 0x1f, 0xfe,
    0xaa, 0xaa, 0xaa, 0xaa, 0xaa, 0xff, 0xd0, 0xdf,
    0xff, 0xff, 0xff, 0xff, 0xff, 0xff, 0xf9, 0x2,
    0xbe, 0xff, 0xff, 0xff, 0xff, 0xff, 0xd9, 0x0,

    /* U+0050 "P" */
    0xcf, 0xff, 0xff, 0xff, 0xff, 0xff, 0xc4, 0xc,
    0xff, 0xff, 0xff, 0xff, 0xff, 0xff, 0xf1, 0xcf,
    0xfb, 0xaa, 0xaa, 0xaa, 0xbf, 0xff, 0x5c, 0xff,
    0x10, 0x0, 0x0, 0x0, 0x9f, 0xf5, 0xcf, 0xf1,
    0x0, 0x0, 0x0, 0x9, 0xff, 0x5c, 0xff, 0x10,
    0x0, 0x0, 0x0, 0x9f, 0xf5, 0xcf, 0xfb, 0xaa,
    0xaa, 0xaa, 0xaf, 0xff, 0x5c, 0xff, 0xff, 0xff,
    0xff, 0xff, 0xff, 0xf1, 0xcf, 0xff, 0xff, 0xff,
    0xff, 0xff, 0xb3, 0xc, 0xff, 0x10, 0x0, 0x0,
    0x0, 0x0, 0x0, 0xcf, 0xf1, 0x0, 0x0, 0x0,
    0x0, 0x0, 0xc, 0xff, 0x10, 0x0, 0x0, 0x0,
    0x0, 0x0, 0xcf, 0xf1, 0x0, 0x0, 0x0, 0x0,
    0x0, 0xc, 0xff, 0x10, 0x0, 0x0, 0x0, 0x0,
    0x0, 0xcf, 0xf1, 0x0, 0x0, 0x0, 0x0, 0x0,
    0x0,

    /* U+0051 "Q" */
    0x2, 0xae, 0xff, 0xff, 0xff, 0xff, 0xff, 0xd9,
    0x0, 0xef, 0xff, 0xff, 0xff, 0xff, 0xff, 0xff,
    0xf9, 0x1f, 0xfe, 0xaa, 0xaa, 0xaa, 0xaa, 0xaa,
    0xff, 0xd2, 0xff, 0xc0, 0x0, 0x0, 0x0, 0x0,
    0x1f, 0xfd, 0x2f, 0xfc, 0x0, 0x0, 0x0, 0x0,
    0x1, 0xff, 0xd2, 0xff, 0xc0, 0x0, 0x0, 0x0,
    0x0, 0x1f, 0xfd, 0x2f, 0xfc, 0x0, 0x0, 0x0,
    0x0, 0x1, 0xff, 0xd2, 0xff, 0xc0, 0x0, 0x0,
    0x0, 0x0, 0x1f, 0xfd, 0x2f, 0xfc, 0x0, 0x0,
    0x0, 0x0, 0x1, 0xff, 0xd2, 0xff, 0xc0, 0x0,
    0x4, 0xb2, 0x0, 0x1f, 0xfd, 0x2f, 0xfc, 0x0,
    0x0, 0xdf, 0x90, 0x1, 0xff, 0xd2, 0xff, 0xc0,
    0x0, 0x7, 0xff, 0x10, 0x1f, 0xfd, 0x1f, 0xfe,
    0xaa, 0xaa, 0xbf, 0xfc, 0xaa, 0xff, 0xd0, 0xdf,
    0xff, 0xff, 0xff, 0xff, 0xff, 0xff, 0xf9, 0x2,
    0xbe, 0xff, 0xff, 0xff, 0xff, 0xff, 0xd9, 0x0,
    0x0, 0x0, 0x0, 0x0, 0xd, 0xfe, 0x0, 0x0,
    0x0, 0x0, 0x0, 0x0, 0x0, 0x6f, 0xf7, 0x0,
    0x0, 0x0, 0x0, 0x0, 0x0, 0x0, 0xff, 0xe0,
    0x0,

    /* U+0052 "R" */
    0xcf, 0xff, 0xff, 0xff, 0xff, 0xfe, 0xb4, 0x0,
    0xcf, 0xff, 0xff, 0xff, 0xff, 0xff, 0xff, 0x10,
    0xcf, 0xfb, 0xaa, 0xaa, 0xaa, 0xbf, 0xff, 0x50,
    0xcf, 0xf1, 0x0, 0x0, 0x0, 0x9, 0xff, 0x50,
    0xcf, 0xf1, 0x0, 0x0, 0x0, 0x9, 0xff, 0x50,
    0xcf, 0xf1, 0x0, 0x0, 0x0, 0x9, 0xff, 0x50,
    0xcf, 0xfb, 0xaa, 0xaa, 0xaa, 0xaf, 0xff, 0x50,
    0xcf, 0xff, 0xff, 0xff, 0xff, 0xff, 0xff, 0x10,
    0xcf, 0xff, 0xff, 0xff, 0xff, 0xfe, 0xb3, 0x0,
    0xcf, 0xf1, 0x0, 0xbf, 0xfe, 0x30, 0x0, 0x0,
    0xcf, 0xf1, 0x0, 0xb, 0xff, 0xe3, 0x0, 0x0,
    0xcf, 0xf1, 0x0, 0x0, 0xbf, 0xff, 0x30, 0x0,
    0xcf, 0xf1, 0x0, 0x0, 0xb, 0xff, 0xf3, 0x0,
    0xcf, 0xf1, 0x0, 0x0, 0x0, 0xbf, 0xff, 0x30,
    0xcf, 0xf1, 0x0, 0x0, 0x0, 0xa, 0xff, 0xf4,

    /* U+0053 "S" */
    0x4, 0xcf, 0xff, 0xff, 0xff, 0xff, 0xe9, 0x0,
    0x1f, 0xff, 0xff, 0xff, 0xff, 0xff, 0xff, 0x90,
    0x5f, 0xfc, 0xaa, 0xaa, 0xaa, 0xaa, 0xff, 0xd0,
    0x5f, 0xf6, 0x0, 0x0, 0x0, 0x0, 0xef, 0xd0,
    0x5f, 0xf6, 0x0, 0x0, 0x0, 0x0, 0x42, 0x0,
    0x5f, 0xf6, 0x0, 0x0, 0x0, 0x0, 0x0, 0x0,
    0x4f, 0xff, 0xff, 0xff, 0xff, 0xff, 0xea, 0x20,
    0xd, 0xff, 0xff, 0xff, 0xff, 0xff, 0xff, 0xc0,
    0x1, 0x79, 0xaa, 0xaa, 0xaa, 0xaa, 0xef, 0xf0,
    0x0, 0x0, 0x0, 0x0, 0x0, 0x0, 0xbf, 0xf1,
    0x14, 0x70, 0x0, 0x0, 0x0, 0x0, 0xbf, 0xf1,
    0xbf, 0xf1, 0x0, 0x0, 0x0, 0x0, 0xbf, 0xf1,
    0xaf, 0xfb, 0xaa, 0xaa, 0xaa, 0xaa, 0xef, 0xf0,
    0x6f, 0xff, 0xff, 0xff, 0xff, 0xff, 0xff, 0xc0,
    0x7, 0xdf, 0xff, 0xff, 0xff, 0xff, 0xea, 0x20,

    /* U+0054 "T" */
    0xcf, 0xff, 0xff, 0xff, 0xff, 0xff, 0xff, 0xf5,
    0xcf, 0xff, 0xff, 0xff, 0xff, 0xff, 0xff, 0xf5,
    0x8a, 0xaa, 0xaa, 0xef, 0xfb, 0xaa, 0xaa, 0xa3,
    0x0, 0x0, 0x0, 0xaf, 0xf3, 0x0, 0x0, 0x0,
    0x0, 0x0, 0x0, 0xaf, 0xf3, 0x0, 0x0, 0x0,
    0x0, 0x0, 0x0, 0xaf, 0xf3, 0x0, 0x0, 0x0,
    0x0, 0x0, 0x0, 0xaf, 0xf3, 0x0, 0x0, 0x0,
    0x0, 0x0, 0x0, 0xaf, 0xf3, 0x0, 0x0, 0x0,
    0x0, 0x0, 0x0, 0xaf, 0xf3, 0x0, 0x0, 0x0,
    0x0, 0x0, 0x0, 0xaf, 0xf3, 0x0, 0x0, 0x0,
    0x0, 0x0, 0x0, 0xaf, 0xf3, 0x0, 0x0, 0x0,
    0x0, 0x0, 0x0, 0xaf, 0xf3, 0x0, 0x0, 0x0,
    0x0, 0x0, 0x0, 0xaf, 0xf3, 0x0, 0x0, 0x0,
    0x0, 0x0, 0x0, 0xaf, 0xf3, 0x0, 0x0, 0x0,
    0x0, 0x0, 0x0, 0xaf, 0xf3, 0x0, 0x0, 0x0,

    /* U+0055 "U" */
    0xff, 0xf0, 0x0, 0x0, 0x0, 0x4, 0xff, 0xaf,
    0xff, 0x0, 0x0, 0x0, 0x0, 0x4f, 0xfa, 0xff,
    0xf0, 0x0, 0x0, 0x0, 0x4, 0xff, 0xaf, 0xff,
    0x0, 0x0, 0x0, 0x0, 0x4f, 0xfa, 0xff, 0xf0,
    0x0, 0x0, 0x0, 0x4, 0xff, 0xaf, 0xff, 0x0,
    0x0, 0x0, 0x0, 0x4f, 0xfa, 0xff, 0xf0, 0x0,
    0x0, 0x0, 0x4, 0xff, 0xaf, 0xff, 0x0, 0x0,
    0x0, 0x0, 0x4f, 0xfa, 0xff, 0xf0, 0x0, 0x0,
    0x0, 0x4, 0xff, 0xaf, 0xff, 0x0, 0x0, 0x0,
    0x0, 0x4f, 0xfa, 0xff, 0xf0, 0x0, 0x0, 0x0,
    0x4, 0xff, 0xaf, 0xff, 0x0, 0x0, 0x0, 0x0,
    0x4f, 0xfa, 0xef, 0xfc, 0xcc, 0xcc, 0xcc, 0xcd,
    0xff, 0x9a, 0xff, 0xff, 0xff, 0xff, 0xff, 0xff,
    0xf5, 0x1a, 0xef, 0xff, 0xff, 0xff, 0xff, 0xd7,
    0x0,

    /* U+0056 "V" */
    0xbf, 0xfb, 0x0, 0x0, 0x0, 0x0, 0x1, 0xff,
    0xf2, 0x3f, 0xff, 0x30, 0x0, 0x0, 0x0, 0x8,
    0xff, 0xa0, 0xb, 0xff, 0xb0, 0x0, 0x0, 0x0,
    0x1f, 0xff, 0x20, 0x3, 0xff, 0xf3, 0x0, 0x0,
    0x0, 0x8f, 0xfa, 0x0, 0x0, 0xbf, 0xfb, 0x0,
    0x0, 0x0, 0xef, 0xf2, 0x0, 0x0, 0x2f, 0xff,
    0x30, 0x0, 0x7, 0xff, 0xa0, 0x0, 0x0, 0xa,
    0xff, 0xa0, 0x0, 0xe, 0xff, 0x20, 0x0, 0x0,
    0x2, 0xff, 0xf2, 0x0, 0x6f, 0xfa, 0x0, 0x0,
    0x0, 0x0, 0xaf, 0xfa, 0x0, 0xef, 0xf2, 0x0,
    0x0, 0x0, 0x0, 0x2f, 0xff, 0x26, 0xff, 0xa0,
    0x0, 0x0, 0x0, 0x0, 0x9, 0xff, 0xad, 0xff,
    0x20, 0x0, 0x0, 0x0, 0x0, 0x1, 0xff, 0xff,
    0xfa, 0x0, 0x0, 0x0, 0x0, 0x0, 0x0, 0x9f,
    0xff, 0xf2, 0x0, 0x0, 0x0, 0x0, 0x0, 0x0,
    0x1f, 0xff, 0xa0, 0x0, 0x0, 0x0, 0x0, 0x0,
    0x0, 0x8, 0xff, 0x20, 0x0, 0x0, 0x0,

    /* U+0057 "W" */
    0xdf, 0xf7, 0x0, 0x0, 0x4, 0xff, 0x50, 0x0,
    0x0, 0x4f, 0xf8, 0x7f, 0xfd, 0x0, 0x0, 0xa,
    0xff, 0xa0, 0x0, 0x0, 0x9f, 0xf3, 0x2f, 0xff,
    0x20, 0x0, 0xf, 0xff, 0xf0, 0x0, 0x0, 0xef,
    0xd0, 0xc, 0xff, 0x70, 0x0, 0x5f, 0xff, 0xf5,
    0x0, 0x4, 0xff, 0x70, 0x7, 0xff, 0xc0, 0x0,
    0xaf, 0xff, 0xfb, 0x0, 0x9, 0xff, 0x20, 0x1,
    0xff, 0xf2, 0x0, 0xff, 0xdf, 0xff, 0x10, 0xe,
    0xfc, 0x0, 0x0, 0xcf, 0xf7, 0x5, 0xff, 0x6c,
    0xff, 0x60, 0x4f, 0xf6, 0x0, 0x0, 0x6f, 0xfc,
    0xb, 0xff, 0x16, 0xff, 0xc0, 0xaf, 0xf1, 0x0,
    0x0, 0x1f, 0xff, 0x2f, 0xfa, 0x1, 0xff, 0xf2,
    0xff, 0xb0, 0x0, 0x0, 0xb, 0xff, 0xcf, 0xf5,
    0x0, 0xbf, 0xfc, 0xff, 0x50, 0x0, 0x0, 0x5,
    0xff, 0xff, 0xf0, 0x0, 0x5f, 0xff, 0xff, 0x0,
    0x0, 0x0, 0x0, 0xff, 0xff, 0xa0, 0x0, 0xf,
    0xff, 0xfa, 0x0, 0x0, 0x0, 0x0, 0xaf, 0xff,
    0x40, 0x0, 0xa, 0xff, 0xf5, 0x0, 0x0, 0x0,
    0x0, 0x5f, 0xfe, 0x0, 0x0, 0x4, 0xff, 0xf0,
    0x0, 0x0, 0x0, 0x0, 0xf, 0xf9, 0x0, 0x0,
    0x0, 0xef, 0x90, 0x0, 0x0,

    /* U+0058 "X" */
    0x9f, 0xff, 0x50, 0x0, 0x0, 0x2, 0xff, 0xf3,
    0x0, 0xbf, 0xff, 0x20, 0x0, 0x0, 0xdf, 0xf5,
    0x0, 0x1, 0xdf, 0xfd, 0x10, 0x0, 0xaf, 0xf9,
    0x0, 0x0, 0x2, 0xef, 0xfb, 0x0, 0x7f, 0xfc,
    0x0, 0x0, 0x0, 0x3, 0xff, 0xf8, 0x4f, 0xfe,
    0x10, 0x0, 0x0, 0x0, 0x5, 0xff, 0xff, 0xff,
    0x30, 0x0, 0x0, 0x0, 0x0, 0x8, 0xff, 0xff,
    0x60, 0x0, 0x0, 0x0, 0x0, 0x0, 0xe, 0xff,
    0xf5, 0x0, 0x0, 0x0, 0x0, 0x0, 0xa, 0xff,
    0xff, 0xf3, 0x0, 0x0, 0x0, 0x0, 0x7, 0xff,
    0xcb, 0xff, 0xe1, 0x0, 0x0, 0x0, 0x4, 0xff,
    0xe1, 0x1d, 0xff, 0xc0, 0x0, 0x0, 0x2, 0xef,
    0xf3, 0x0, 0x2f, 0xff, 0xa0, 0x0, 0x0, 0xdf,
    0xf6, 0x0, 0x0, 0x5f, 0xff, 0x70, 0x0, 0xaf,
    0xf9, 0x0, 0x0, 0x0, 0x8f, 0xff, 0x40, 0x8f,
    0xfc, 0x0, 0x0, 0x0, 0x0, 0xbf, 0xff, 0x20,

    /* U+0059 "Y" */
    0x9f, 0xff, 0x90, 0x0, 0x0, 0x0, 0xc, 0xff,
    0xc0, 0xb, 0xff, 0xf6, 0x0, 0x0, 0x0, 0x9f,
    0xfe, 0x10, 0x0, 0xcf, 0xff, 0x30, 0x0, 0x6,
    0xff, 0xf2, 0x0, 0x0, 0x1e, 0xff, 0xe1, 0x0,
    0x3f, 0xff, 0x50, 0x0, 0x0, 0x2, 0xff, 0xfc,
    0x1, 0xef, 0xf7, 0x0, 0x0, 0x0, 0x0, 0x4f,
    0xff, 0x9c, 0xff, 0xa0, 0x0, 0x0, 0x0, 0x0,
    0x6, 0xff, 0xff, 0xfc, 0x0, 0x0, 0x0, 0x0,
    0x0, 0x0, 0x8f, 0xff, 0xe1, 0x0, 0x0, 0x0,
    0x0, 0x0, 0x0, 0xc, 0xff, 0x40, 0x0, 0x0,
    0x0, 0x0, 0x0, 0x0, 0xb, 0xff, 0x30, 0x0,
    0x0, 0x0, 0x0, 0x0, 0x0, 0xb, 0xff, 0x30,
    0x0, 0x0, 0x0, 0x0, 0x0, 0x0, 0xb, 0xff,
    0x30, 0x0, 0x0, 0x0, 0x0, 0x0, 0x0, 0xb,
    0xff, 0x30, 0x0, 0x0, 0x0, 0x0, 0x0, 0x0,
    0xb, 0xff, 0x30, 0x0, 0x0, 0x0, 0x0, 0x0,
    0x0, 0xb, 0xff, 0x30, 0x0, 0x0, 0x0,

    /* U+005A "Z" */
    0x5, 0xff, 0xff, 0xff, 0xff, 0xff, 0xff, 0xc0,
    0x5f, 0xff, 0xff, 0xff, 0xff, 0xff, 0xf9, 0x2,
    0x99, 0x99, 0x99, 0x99, 0xff, 0xfb, 0x0, 0x0,
    0x0, 0x0, 0x0, 0x8f, 0xfd, 0x10, 0x0, 0x0,
    0x0, 0x0, 0x6f, 0xfe, 0x20, 0x0, 0x0, 0x0,
    0x0, 0x4f, 0xff, 0x30, 0x0, 0x0, 0x0, 0x0,
    0x2f, 0xff, 0x50, 0x0, 0x0, 0x0, 0x0, 0x1d,
    0xff, 0x70, 0x0, 0x0, 0x0, 0x0, 0xc, 0xff,
    0xa0, 0x0, 0x0, 0x0, 0x0, 0xa, 0xff, 0xc0,
    0x0, 0x0, 0x0, 0x0, 0x8, 0xff, 0xd1, 0x0,
    0x0, 0x0, 0x0, 0x6, 0xff, 0xe2, 0x0, 0x0,
    0x0, 0x0, 0x4, 0xff, 0xfc, 0x99, 0x99, 0x99,
    0x99, 0x71, 0xef, 0xff, 0xff, 0xff, 0xff, 0xff,
    0xfc, 0x3f, 0xff, 0xff, 0xff, 0xff, 0xff, 0xff,
    0xc0,

    /* U+005B "[" */
    0xcf, 0xff, 0xff, 0x1c, 0xff, 0xff, 0xf1, 0xcf,
    0xf7, 0x77, 0xc, 0xfe, 0x0, 0x0, 0xcf, 0xe0,
    0x0, 0xc, 0xfe, 0x0, 0x0, 0xcf, 0xe0, 0x0,
    0xc, 0xfe, 0x0, 0x0, 0xcf, 0xe0, 0x0, 0xc,
    0xfe, 0x0, 0x0, 0xcf, 0xe0, 0x0, 0xc, 0xfe,
    0x0, 0x0, 0xcf, 0xe0, 0x0, 0xc, 0xfe, 0x0,
    0x0, 0xcf, 0xe0, 0x0, 0xc, 0xfe, 0x0, 0x0,
    0xcf, 0xff, 0xff, 0x1c, 0xff, 0xff, 0xf1, 0x57,
    0x77, 0x77, 0x0,

    /* U+005C "\\" */
    0xd, 0xfb, 0x0, 0x0, 0x0, 0x7, 0xff, 0x10,
    0x0, 0x0, 0x1, 0xff, 0x70, 0x0, 0x0, 0x0,
    0xbf, 0xd0, 0x0, 0x0, 0x0, 0x5f, 0xf3, 0x0,
    0x0, 0x0, 0xf, 0xf9, 0x0, 0x0, 0x0, 0x9,
    0xfe, 0x0, 0x0, 0x0, 0x3, 0xff, 0x40, 0x0,
    0x0, 0x0, 0xdf, 0xa0, 0x0, 0x0, 0x0, 0x7f,
    0xf1, 0x0, 0x0, 0x0, 0x2f, 0xf6, 0x0, 0x0,
    0x0, 0xc, 0xfc, 0x0, 0x0, 0x0, 0x6, 0xff,
    0x20, 0x0, 0x0, 0x0, 0xff, 0x80, 0x0, 0x0,
    0x0, 0xaf, 0xe0, 0x0, 0x0, 0x0, 0x4f, 0xf4,
    0x0, 0x0, 0x0, 0x7, 0x84,

    /* U+005D "]" */
    0x5f, 0xff, 0xff, 0x85, 0xff, 0xff, 0xf8, 0x27,
    0x78, 0xff, 0x80, 0x0, 0x3f, 0xf8, 0x0, 0x3,
    0xff, 0x80, 0x0, 0x3f, 0xf8, 0x0, 0x3, 0xff,
    0x80, 0x0, 0x3f, 0xf8, 0x0, 0x3, 0xff, 0x80,
    0x0, 0x3f, 0xf8, 0x0, 0x3, 0xff, 0x80, 0x0,
    0x3f, 0xf8, 0x0, 0x3, 0xff, 0x80, 0x0, 0x3f,
    0xf8, 0x0, 0x3, 0xff, 0x80, 0x0, 0x3f, 0xf8,
    0x5f, 0xff, 0xff, 0x85, 0xff, 0xff, 0xf8, 0x27,
    0x77, 0x77, 0x30,

    /* U+005E "^" */
    0x0, 0x0, 0xdf, 0x90, 0x0, 0x0, 0x0, 0x9f,
    0xef, 0x50, 0x0, 0x0, 0x5f, 0xb2, 0xff, 0x20,
    0x0, 0x2f, 0xf2, 0x7, 0xfc, 0x0, 0xc, 0xf7,
    0x0, 0xc, 0xf8, 0x8, 0xfd, 0x0, 0x0, 0x3f,
    0xf4,

    /* U+005F "_" */
    0xdd, 0xdd, 0xdd, 0xd5, 0xff, 0xff, 0xff, 0xf6,

    /* U+0060 "`" */
    0x1d, 0xfc, 0x0, 0x0, 0x2e, 0xfa, 0x0, 0x0,
    0x2e, 0xf8, 0x0, 0x0, 0x3f, 0xf5,

    /* U+0061 "a" */
    0x9, 0xef, 0xff, 0xff, 0xff, 0xd5, 0x3f, 0xff,
    0xff, 0xff, 0xff, 0xfe, 0x2b, 0xd8, 0x33, 0x33,
    0x3c, 0xff, 0x0, 0x0, 0x0, 0x0, 0xb, 0xff,
    0x8, 0xdf, 0xff, 0xff, 0xff, 0xff, 0x5f, 0xff,
    0xff, 0xff, 0xff, 0xff, 0x6f, 0xf7, 0x33, 0x33,
    0x3c, 0xff, 0x7f, 0xf4, 0x0, 0x0, 0xb, 0xff,
    0x6f, 0xf7, 0x33, 0x33, 0x3c, 0xff, 0x5f, 0xff,
    0xff, 0xff, 0xfe, 0xff, 0xa, 0xff, 0xff, 0xfd,
    0x6b, 0xff,

    /* U+0062 "b" */
    0xf, 0xfb, 0x0, 0x0, 0x0, 0x0, 0x0, 0xff,
    0xb0, 0x0, 0x0, 0x0, 0x0, 0xf, 0xfb, 0x0,
    0x0, 0x0, 0x0, 0x0, 0xff, 0xb0, 0x0, 0x0,
    0x0, 0x0, 0xf, 0xfb, 0x0, 0x0, 0x0, 0x0,
    0x0, 0xff, 0xba, 0xef, 0xff, 0xff, 0xc2, 0xf,
    0xff, 0xff, 0xff, 0xff, 0xff, 0xa0, 0xff, 0xd7,
    0x77, 0x77, 0x7f, 0xfc, 0xf, 0xfb, 0x0, 0x0,
    0x0, 0xff, 0xc0, 0xff, 0xb0, 0x0, 0x0, 0xf,
    0xfc, 0xf, 0xfb, 0x0, 0x0, 0x0, 0xff, 0xc0,
    0xff, 0xb0, 0x0, 0x0, 0xf, 0xfc, 0xf, 0xfb,
    0x0, 0x0, 0x0, 0xff, 0xc0, 0xff, 0xd7, 0x77,
    0x77, 0x7f, 0xfc, 0xf, 0xff, 0xff, 0xff, 0xff,
    0xff, 0xa0, 0xff, 0xb9, 0xef, 0xff, 0xff, 0xc2,

    /* U+0063 "c" */
    0x9, 0xef, 0xff, 0xff, 0xff, 0xea, 0x3, 0xff,
    0xff, 0xff, 0xff, 0xff, 0xf5, 0x5f, 0xfa, 0x77,
    0x77, 0x79, 0xff, 0x75, 0xff, 0x60, 0x0, 0x0,
    0x3b, 0x82, 0x5f, 0xf6, 0x0, 0x0, 0x0, 0x0,
    0x5, 0xff, 0x60, 0x0, 0x0, 0x0, 0x0, 0x5f,
    0xf6, 0x0, 0x0, 0x0, 0x0, 0x5, 0xff, 0x60,
    0x0, 0x0, 0x3d, 0xa3, 0x5f, 0xfa, 0x77, 0x77,
    0x79, 0xff, 0x73, 0xff, 0xff, 0xff, 0xff, 0xff,
    0xf6, 0x8, 0xef, 0xff, 0xff, 0xff, 0xfa, 0x0,

    /* U+0064 "d" */
    0x0, 0x0, 0x0, 0x0, 0x2, 0xff, 0x90, 0x0,
    0x0, 0x0, 0x0, 0x2f, 0xf9, 0x0, 0x0, 0x0,
    0x0, 0x2, 0xff, 0x90, 0x0, 0x0, 0x0, 0x0,
    0x2f, 0xf9, 0x0, 0x0, 0x0, 0x0, 0x2, 0xff,
    0x90, 0x8e, 0xff, 0xff, 0xfd, 0x7f, 0xf9, 0x3f,
    0xff, 0xff, 0xff, 0xff, 0xff, 0x95, 0xff, 0xa7,
    0x77, 0x77, 0x8f, 0xf9, 0x5f, 0xf6, 0x0, 0x0,
    0x2, 0xff, 0x95, 0xff, 0x60, 0x0, 0x0, 0x2f,
    0xf9, 0x5f, 0xf6, 0x0, 0x0, 0x2, 0xff, 0x95,
    0xff, 0x60, 0x0, 0x0, 0x2f, 0xf9, 0x5f, 0xf6,
    0x0, 0x0, 0x2, 0xff, 0x95, 0xff, 0x95, 0x55,
    0x55, 0x6f, 0xf9, 0x3f, 0xff, 0xff, 0xff, 0xff,
    0xff, 0x90, 0x8e, 0xff, 0xff, 0xfd, 0x7f, 0xf9,

    /* U+0065 "e" */
    0x6, 0xef, 0xff, 0xff, 0xff, 0xe8, 0x2, 0xff,
    0xff, 0xff, 0xff, 0xff, 0xf5, 0x5f, 0xf8, 0x33,
    0x33, 0x36, 0xff, 0x75, 0xff, 0x60, 0x0, 0x0,
    0x4f, 0xf7, 0x5f, 0xff, 0xff, 0xff, 0xff, 0xff,
    0x75, 0xff, 0xff, 0xff, 0xff, 0xff, 0xf7, 0x5f,
    0xf8, 0x33, 0x33, 0x33, 0x33, 0x15, 0xff, 0x60,
    0x0, 0x0, 0x26, 0x30, 0x4f, 0xf8, 0x33, 0x33,
    0x36, 0xff, 0x71, 0xff, 0xff, 0xff, 0xff, 0xff,
    0xf3, 0x5, 0xdf, 0xff, 0xff, 0xff, 0xd6, 0x0,

    /* U+0066 "f" */
    0x0, 0xa, 0xff, 0xff, 0xf0, 0x0, 0x8f, 0xff,
    0xff, 0xb0, 0x0, 0xcf, 0xf3, 0x33, 0x20, 0x0,
    0xcf, 0xf0, 0x0, 0x0, 0x0, 0xcf, 0xf0, 0x0,
    0x0, 0xf, 0xff, 0xff, 0xff, 0x90, 0xf, 0xff,
    0xff, 0xff, 0x90, 0x3, 0xdf, 0xf3, 0x33, 0x20,
    0x0, 0xcf, 0xf0, 0x0, 0x0, 0x0, 0xcf, 0xf0,
    0x0, 0x0, 0x0, 0xcf, 0xf0, 0x0, 0x0, 0x0,
    0xcf, 0xf0, 0x0, 0x0, 0x0, 0xcf, 0xf0, 0x0,
    0x0, 0x0, 0xcf, 0xf0, 0x0, 0x0, 0x0, 0xcf,
    0xf0, 0x0, 0x0, 0x0, 0xcf, 0xf0, 0x0, 0x0,

    /* U+0067 "g" */
    0x8, 0xef, 0xff, 0xff, 0xd7, 0xff, 0x93, 0xff,
    0xff, 0xff, 0xff, 0xff, 0xf9, 0x5f, 0xfa, 0x77,
    0x77, 0x78, 0xff, 0x95, 0xff, 0x60, 0x0, 0x0,
    0x2f, 0xf9, 0x5f, 0xf6, 0x0, 0x0, 0x2, 0xff,
    0x95, 0xff, 0x60, 0x0, 0x0, 0x2f, 0xf9, 0x5f,
    0xf6, 0x0, 0x0, 0x2, 0xff, 0x95, 0xff, 0x60,
    0x0, 0x0, 0x2f, 0xf9, 0x5f, 0xfa, 0x77, 0x77,
    0x78, 0xff, 0x93, 0xff, 0xff, 0xff, 0xff, 0xff,
    0xf9, 0x8, 0xef, 0xff, 0xff, 0xd7, 0xff, 0x90,
    0x0, 0x0, 0x0, 0x0, 0x2f, 0xf9, 0x0, 0x0,
    0x0, 0x0, 0x2, 0xff, 0x90, 0x77, 0x77, 0x77,
    0x77, 0x8f, 0xf9, 0xe, 0xff, 0xff, 0xff, 0xff,
    0xff, 0x60, 0xbf, 0xff, 0xff, 0xff, 0xff, 0xa0,

    /* U+0068 "h" */
    0xf, 0xfb, 0x0, 0x0, 0x0, 0x0, 0x0, 0xff,
    0xb0, 0x0, 0x0, 0x0, 0x0, 0xf, 0xfb, 0x0,
    0x0, 0x0, 0x0, 0x0, 0xff, 0xb0, 0x0, 0x0,
    0x0, 0x0, 0xf, 0xfb, 0x0, 0x0, 0x0, 0x0,
    0x0, 0xff, 0xb8, 0xef, 0xff, 0xfd, 0x50, 0xf,
    0xff, 0xff, 0xff, 0xff, 0xff, 0x10, 0xff, 0xd7,
    0x77, 0x77, 0xaf, 0xf4, 0xf, 0xfb, 0x0, 0x0,
    0x6, 0xff, 0x50, 0xff, 0xb0, 0x0, 0x0, 0x6f,
    0xf5, 0xf, 0xfb, 0x0, 0x0, 0x6, 0xff, 0x50,
    0xff, 0xb0, 0x0, 0x0, 0x6f, 0xf5, 0xf, 0xfb,
    0x0, 0x0, 0x6, 0xff, 0x50, 0xff, 0xb0, 0x0,
    0x0, 0x6f, 0xf5, 0xf, 0xfb, 0x0, 0x0, 0x6,
    0xff, 0x50, 0xff, 0xb0, 0x0, 0x0, 0x6f, 0xf5,

    /* U+0069 "i" */
    0xf, 0xfd, 0xf, 0xfe, 0xc, 0xda, 0x0, 0x0,
    0xf, 0xfc, 0xf, 0xfc, 0xf, 0xfc, 0xf, 0xfc,
    0xf, 0xfc, 0xf, 0xfc, 0xf, 0xfc, 0xf, 0xfc,
    0xf, 0xfc, 0xf, 0xfc, 0xf, 0xfc,

    /* U+006A "j" */
    0x0, 0x0, 0x1, 0xff, 0xb0, 0x0, 0x0, 0x1f,
    0xfc, 0x0, 0x0, 0x0, 0xcd, 0x90, 0x0, 0x0,
    0x0, 0x0, 0x0, 0x0, 0x0, 0xff, 0xb0, 0x0,
    0x0, 0xf, 0xfb, 0x0, 0x0, 0x0, 0xff, 0xb0,
    0x0, 0x0, 0xf, 0xfb, 0x0, 0x0, 0x0, 0xff,
    0xb0, 0x0, 0x0, 0xf, 0xfb, 0x0, 0x0, 0x0,
    0xff, 0xb0, 0x0, 0x0, 0xf, 0xfb, 0x0, 0x0,
    0x0, 0xff, 0xb0, 0x0, 0x0, 0xf, 0xfb, 0x0,
    0x0, 0x0, 0xff, 0xb0, 0x0, 0x0, 0xf, 0xfb,
    0x0, 0x0, 0x0, 0xff, 0xb0, 0x66, 0x66, 0x6f,
    0xfb, 0xe, 0xff, 0xff, 0xff, 0x90, 0xaf, 0xff,
    0xff, 0xe2,

    /* U+006B "k" */
    0xf, 0xfb, 0x0, 0x0, 0x0, 0x0, 0x0, 0x0,
    0xff, 0xb0, 0x0, 0x0, 0x0, 0x0, 0x0, 0xf,
    0xfb, 0x0, 0x0, 0x0, 0x0, 0x0, 0x0, 0xff,
    0xb0, 0x0, 0x0, 0x0, 0x0, 0x0, 0xf, 0xfb,
    0x0, 0x0, 0x0, 0x0, 0x0, 0x0, 0xff, 0xb0,
    0x0, 0x5, 0xff, 0xe3, 0x0, 0xf, 0xfb, 0x0,
    0x7, 0xff, 0xd2, 0x0, 0x0, 0xff, 0xb0, 0x9,
    0xff, 0xc1, 0x0, 0x0, 0xf, 0xfb, 0xb, 0xff,
    0xa0, 0x0, 0x0, 0x0, 0xff, 0xcc, 0xff, 0x90,
    0x0, 0x0, 0x0, 0xf, 0xfe, 0xff, 0xfa, 0x0,
    0x0, 0x0, 0x0, 0xff, 0xb5, 0xff, 0xfb, 0x10,
    0x0, 0x0, 0xf, 0xfb, 0x3, 0xef, 0xfd, 0x20,
    0x0, 0x0, 0xff, 0xb0, 0x2, 0xdf, 0xfe, 0x30,
    0x0, 0xf, 0xfb, 0x0, 0x1, 0xcf, 0xff, 0x50,
    0x0, 0xff, 0xb0, 0x0, 0x0, 0xaf, 0xff, 0x70,

    /* U+006C "l" */
    0xf, 0xfb, 0xf, 0xfb, 0xf, 0xfb, 0xf, 0xfb,
    0xf, 0xfb, 0xf, 0xfb, 0xf, 0xfb, 0xf, 0xfb,
    0xf, 0xfb, 0xf, 0xfb, 0xf, 0xfb, 0xf, 0xfb,
    0xf, 0xfb, 0xf, 0xfb, 0xf, 0xfb, 0xf, 0xfb,

    /* U+006D "m" */
    0xf, 0xfc, 0x9e, 0xff, 0xfd, 0x63, 0xcf, 0xff,
    0xeb, 0x20, 0xff, 0xff, 0xff, 0xff, 0xff, 0xef,
    0xff, 0xff, 0xfb, 0xf, 0xfc, 0x55, 0x55, 0x9f,
    0xf8, 0x55, 0x55, 0xdf, 0xf0, 0xff, 0xb0, 0x0,
    0x6, 0xff, 0x50, 0x0, 0xc, 0xff, 0xf, 0xfb,
    0x0, 0x0, 0x6f, 0xf5, 0x0, 0x0, 0xcf, 0xf0,
    0xff, 0xb0, 0x0, 0x6, 0xff, 0x50, 0x0, 0xc,
    0xff, 0xf, 0xfb, 0x0, 0x0, 0x6f, 0xf5, 0x0,
    0x0, 0xcf, 0xf0, 0xff, 0xb0, 0x0, 0x6, 0xff,
    0x50, 0x0, 0xc, 0xff, 0xf, 0xfb, 0x0, 0x0,
    0x6f, 0xf5, 0x0, 0x0, 0xcf, 0xf0, 0xff, 0xb0,
    0x0, 0x6, 0xff, 0x50, 0x0, 0xc, 0xff, 0xf,
    0xfb, 0x0, 0x0, 0x6f, 0xf5, 0x0, 0x0, 0xcf,
    0xf0,

    /* U+006E "n" */
    0xf, 0xfc, 0x9e, 0xff, 0xff, 0xd5, 0x0, 0xff,
    0xff, 0xff, 0xff, 0xff, 0xf1, 0xf, 0xfc, 0x55,
    0x55, 0x59, 0xff, 0x40, 0xff, 0xb0, 0x0, 0x0,
    0x6f, 0xf5, 0xf, 0xfb, 0x0, 0x0, 0x6, 0xff,
    0x50, 0xff, 0xb0, 0x0, 0x0, 0x6f, 0xf5, 0xf,
    0xfb, 0x0, 0x0, 0x6, 0xff, 0x50, 0xff, 0xb0,
    0x0, 0x0, 0x6f, 0xf5, 0xf, 0xfb, 0x0, 0x0,
    0x6, 0xff, 0x50, 0xff, 0xb0, 0x0, 0x0, 0x6f,
    0xf5, 0xf, 0xfb, 0x0, 0x0, 0x6, 0xff, 0x50,

    /* U+006F "o" */
    0x8, 0xef, 0xff, 0xff, 0xff, 0xfc, 0x23, 0xff,
    0xff, 0xff, 0xff, 0xff, 0xf9, 0x5f, 0xfa, 0x77,
    0x77, 0x77, 0xff, 0xb5, 0xff, 0x60, 0x0, 0x0,
    0xf, 0xfb, 0x5f, 0xf6, 0x0, 0x0, 0x0, 0xff,
    0xb5, 0xff, 0x60, 0x0, 0x0, 0xf, 0xfb, 0x5f,
    0xf6, 0x0, 0x0, 0x0, 0xff, 0xb5, 0xff, 0x60,
    0x0, 0x0, 0xf, 0xfb, 0x5f, 0xfa, 0x77, 0x77,
    0x77, 0xff, 0xa3, 0xff, 0xff, 0xff, 0xff, 0xff,
    0xf9, 0x8, 0xef, 0xff, 0xff, 0xff, 0xfb, 0x10,

    /* U+0070 "p" */
    0xf, 0xfc, 0xaf, 0xff, 0xff, 0xfc, 0x30, 0xff,
    0xff, 0xff, 0xff, 0xff, 0xfc, 0xf, 0xfc, 0x55,
    0x55, 0x55, 0xef, 0xd0, 0xff, 0xb0, 0x0, 0x0,
    0xd, 0xfe, 0xf, 0xfb, 0x0, 0x0, 0x0, 0xdf,
    0xe0, 0xff, 0xb0, 0x0, 0x0, 0xd, 0xfe, 0xf,
    0xfb, 0x0, 0x0, 0x0, 0xdf, 0xe0, 0xff, 0xb0,
    0x0, 0x0, 0xd, 0xfe, 0xf, 0xfd, 0x77, 0x77,
    0x77, 0xef, 0xe0, 0xff, 0xff, 0xff, 0xff, 0xff,
    0xfc, 0xf, 0xfb, 0x9e, 0xff, 0xff, 0xfc, 0x30,
    0xff, 0xb0, 0x0, 0x0, 0x0, 0x0, 0xf, 0xfb,
    0x0, 0x0, 0x0, 0x0, 0x0, 0xff, 0xb0, 0x0,
    0x0, 0x0, 0x0, 0xf, 0xfb, 0x0, 0x0, 0x0,
    0x0, 0x0, 0xff, 0xb0, 0x0, 0x0, 0x0, 0x0,

    /* U+0071 "q" */
    0x8, 0xef, 0xff, 0xff, 0xd7, 0xff, 0x93, 0xff,
    0xff, 0xff, 0xff, 0xff, 0xf9, 0x5f, 0xfa, 0x77,
    0x77, 0x78, 0xff, 0x95, 0xff, 0x60, 0x0, 0x0,
    0x2f, 0xf9, 0x5f, 0xf6, 0x0, 0x0, 0x2, 0xff,
    0x95, 0xff, 0x60, 0x0, 0x0, 0x2f, 0xf9, 0x5f,
    0xf6, 0x0, 0x0, 0x2, 0xff, 0x95, 0xff, 0x60,
    0x0, 0x0, 0x2f, 0xf9, 0x5f, 0xfa, 0x77, 0x77,
    0x78, 0xff, 0x93, 0xff, 0xff, 0xff, 0xff, 0xff,
    0xf9, 0x8, 0xef, 0xff, 0xff, 0xd7, 0xff, 0x90,
    0x0, 0x0, 0x0, 0x0, 0x2f, 0xf9, 0x0, 0x0,
    0x0, 0x0, 0x2, 0xff, 0x90, 0x0, 0x0, 0x0,
    0x0, 0x2f, 0xf9, 0x0, 0x0, 0x0, 0x0, 0x2,
    0xff, 0x90, 0x0, 0x0, 0x0, 0x0, 0x2f, 0xf9,

    /* U+0072 "r" */
    0xf, 0xfc, 0x9e, 0xff, 0xea, 0x10, 0xff, 0xff,
    0xff, 0xff, 0xfb, 0xf, 0xfc, 0x55, 0x55, 0xef,
    0xe0, 0xff, 0xb0, 0x0, 0x9, 0x85, 0xf, 0xfb,
    0x0, 0x0, 0x0, 0x0, 0xff, 0xb0, 0x0, 0x0,
    0x0, 0xf, 0xfb, 0x0, 0x0, 0x0, 0x0, 0xff,
    0xb0, 0x0, 0x0, 0x0, 0xf, 0xfb, 0x0, 0x0,
    0x0, 0x0, 0xff, 0xb0, 0x0, 0x0, 0x0, 0xf,
    0xfb, 0x0, 0x0, 0x0, 0x0,

    /* U+0073 "s" */
    0x8, 0xef, 0xff, 0xff, 0xfe, 0x90, 0x2f, 0xff,
    0xff, 0xff, 0xff, 0xf4, 0x3f, 0xf6, 0x33, 0x33,
    0x4f, 0xc3, 0x3f, 0xf3, 0x0, 0x0, 0x0, 0x0,
    0x2f, 0xff, 0xff, 0xff, 0xff, 0xb1, 0xc, 0xff,
    0xff, 0xff, 0xff, 0xf6, 0x0, 0x34, 0x44, 0x44,
    0x4f, 0xf8, 0x2, 0x50, 0x0, 0x0, 0xe, 0xf8,
    0x6f, 0xf3, 0x33, 0x33, 0x3f, 0xf7, 0x5f, 0xff,
    0xff, 0xff, 0xff, 0xf6, 0xa, 0xff, 0xff, 0xff,
    0xff, 0xa0,

    /* U+0074 "t" */
    0x0, 0x28, 0x83, 0x0, 0x0, 0x5, 0xff, 0x60,
    0x0, 0x0, 0x5f, 0xf6, 0x0, 0x3, 0xff, 0xff,
    0xff, 0xfb, 0x3f, 0xff, 0xff, 0xff, 0xb0, 0x37,
    0xff, 0x83, 0x32, 0x0, 0x5f, 0xf6, 0x0, 0x0,
    0x5, 0xff, 0x60, 0x0, 0x0, 0x5f, 0xf6, 0x0,
    0x0, 0x5, 0xff, 0x60, 0x0, 0x0, 0x5f, 0xf6,
    0x0, 0x0, 0x4, 0xff, 0x83, 0x32, 0x0, 0x3f,
    0xff, 0xff, 0x70, 0x0, 0x8e, 0xff, 0xf4,

    /* U+0075 "u" */
    0x2f, 0xf8, 0x0, 0x0, 0x8, 0xff, 0x22, 0xff,
    0x80, 0x0, 0x0, 0x8f, 0xf2, 0x2f, 0xf8, 0x0,
    0x0, 0x8, 0xff, 0x22, 0xff, 0x80, 0x0, 0x0,
    0x8f, 0xf2, 0x2f, 0xf8, 0x0, 0x0, 0x8, 0xff,
    0x22, 0xff, 0x80, 0x0, 0x0, 0x8f, 0xf2, 0x2f,
    0xf8, 0x0, 0x0, 0x8, 0xff, 0x22, 0xff, 0x80,
    0x0, 0x0, 0x8f, 0xf2, 0x2f, 0xfb, 0x77, 0x77,
    0x7b, 0xff, 0x21, 0xff, 0xff, 0xff, 0xff, 0xff,
    0xf1, 0x7, 0xef, 0xff, 0xff, 0xff, 0xe7, 0x0,

    /* U+0076 "v" */
    0xbf, 0xf6, 0x0, 0x0, 0x1, 0xff, 0x93, 0xff,
    0xd0, 0x0, 0x0, 0x8f, 0xf2, 0xb, 0xff, 0x50,
    0x0, 0x1f, 0xfa, 0x0, 0x3f, 0xfd, 0x0, 0x8,
    0xff, 0x20, 0x0, 0xbf, 0xf4, 0x0, 0xff, 0xa0,
    0x0, 0x3, 0xff, 0xc0, 0x7f, 0xf3, 0x0, 0x0,
    0xa, 0xff, 0x4e, 0xfb, 0x0, 0x0, 0x0, 0x2f,
    0xff, 0xff, 0x30, 0x0, 0x0, 0x0, 0xaf, 0xff,
    0xb0, 0x0, 0x0, 0x0, 0x2, 0xff, 0xf4, 0x0,
    0x0, 0x0, 0x0, 0xa, 0xfc, 0x0, 0x0, 0x0,

    /* U+0077 "w" */
    0xcf, 0xf0, 0x0, 0x3, 0xff, 0x50, 0x0, 0xe,
    0xf8, 0x6f, 0xf6, 0x0, 0x8, 0xff, 0xa0, 0x0,
    0x4f, 0xf2, 0x1f, 0xfb, 0x0, 0xe, 0xff, 0xf0,
    0x0, 0x9f, 0xc0, 0xa, 0xff, 0x10, 0x3f, 0xff,
    0xf6, 0x0, 0xef, 0x70, 0x5, 0xff, 0x60, 0x9f,
    0xce, 0xfb, 0x4, 0xff, 0x10, 0x0, 0xff, 0xc0,
    0xef, 0x69, 0xff, 0x1a, 0xfb, 0x0, 0x0, 0x9f,
    0xf6, 0xff, 0x14, 0xff, 0x7f, 0xf5, 0x0, 0x0,
    0x4f, 0xff, 0xfb, 0x0, 0xef, 0xff, 0xf0, 0x0,
    0x0, 0xe, 0xff, 0xf6, 0x0, 0x8f, 0xff, 0xa0,
    0x0, 0x0, 0x8, 0xff, 0xf1, 0x0, 0x3f, 0xff,
    0x40, 0x0, 0x0, 0x2, 0xff, 0xb0, 0x0, 0xd,
    0xfe, 0x0, 0x0,

    /* U+0078 "x" */
    0x7f, 0xff, 0x20, 0x0, 0xc, 0xff, 0x50, 0xaf,
    0xfd, 0x0, 0x9, 0xff, 0x70, 0x0, 0xdf, 0xf9,
    0x6, 0xff, 0xa0, 0x0, 0x2, 0xef, 0xf9, 0xff,
    0xc0, 0x0, 0x0, 0x4, 0xff, 0xff, 0xd1, 0x0,
    0x0, 0x0, 0x8, 0xff, 0xf5, 0x0, 0x0, 0x0,
    0x2, 0xff, 0xff, 0xe1, 0x0, 0x0, 0x1, 0xdf,
    0xfb, 0xff, 0xd0, 0x0, 0x0, 0xcf, 0xf5, 0xd,
    0xff, 0xb0, 0x0, 0xaf, 0xf8, 0x0, 0x2e, 0xff,
    0x80, 0x8f, 0xfa, 0x0, 0x0, 0x4f, 0xff, 0x50,

    /* U+0079 "y" */
    0xbf, 0xf8, 0x0, 0x0, 0x2, 0xff, 0xa3, 0xff,
    0xe0, 0x0, 0x0, 0x9f, 0xf2, 0xb, 0xff, 0x60,
    0x0, 0x1f, 0xfb, 0x0, 0x3f, 0xfe, 0x0, 0x8,
    0xff, 0x30, 0x0, 0xbf, 0xf5, 0x0, 0xef, 0xc0,
    0x0, 0x3, 0xff, 0xd0, 0x7f, 0xf4, 0x0, 0x0,
    0xc, 0xff, 0x5e, 0xfd, 0x0, 0x0, 0x0, 0x4f,
    0xff, 0xff, 0x50, 0x0, 0x0, 0x0, 0xcf, 0xff,
    0xd0, 0x0, 0x0, 0x0, 0x4, 0xff, 0xf6, 0x0,
    0x0, 0x0, 0x0, 0xe, 0xfe, 0x0, 0x0, 0x0,
    0x0, 0x3, 0xff, 0x70, 0x0, 0x0, 0x0, 0x0,
    0xaf, 0xf0, 0x0, 0x0, 0x4, 0x77, 0x7f, 0xf8,
    0x0, 0x0, 0x0, 0x7f, 0xff, 0xff, 0x10, 0x0,
    0x0, 0x4, 0xff, 0xfd, 0x40, 0x0, 0x0, 0x0,

    /* U+007A "z" */
    0x7, 0xff, 0xff, 0xff, 0xff, 0xf8, 0x7, 0xff,
    0xff, 0xff, 0xff, 0xf2, 0x2, 0x44, 0x44, 0x5f,
    0xff, 0x40, 0x0, 0x0, 0x0, 0xcf, 0xf7, 0x0,
    0x0, 0x0, 0x9, 0xff, 0xa0, 0x0, 0x0, 0x0,
    0x6f, 0xfc, 0x0, 0x0, 0x0, 0x3, 0xff, 0xe1,
    0x0, 0x0, 0x0, 0x2e, 0xff, 0x30, 0x0, 0x0,
    0x0, 0xdf, 0xfa, 0x44, 0x44, 0x42, 0xa, 0xff,
    0xff, 0xff, 0xff, 0xf9, 0x2f, 0xff, 0xff, 0xff,
    0xff, 0xf9,

    /* U+007B "{" */
    0x0, 0x8, 0xef, 0xfd, 0x0, 0x7f, 0xff, 0xfd,
    0x0, 0xcf, 0xf9, 0x76, 0x0, 0xdf, 0xe0, 0x0,
    0x0, 0xdf, 0xe0, 0x0, 0x0, 0xdf, 0xe0, 0x0,
    0x0, 0xef, 0xd0, 0x0, 0x7, 0xff, 0xa0, 0x0,
    0xff, 0xfd, 0x10, 0x0, 0xff, 0xf6, 0x0, 0x0,
    0x7d, 0xff, 0x60, 0x0, 0x1, 0xff, 0xd0, 0x0,
    0x0, 0xdf, 0xe0, 0x0, 0x0, 0xdf, 0xe0, 0x0,
    0x0, 0xdf, 0xe0, 0x0, 0x0, 0xdf, 0xf2, 0x0,
    0x0, 0xaf, 0xff, 0xfd, 0x0, 0x2e, 0xff, 0xfd,
    0x0, 0x0, 0x56, 0x76,

    /* U+007C "|" */
    0xac, 0x9c, 0xfb, 0xcf, 0xbc, 0xfb, 0xcf, 0xbc,
    0xfb, 0xcf, 0xbc, 0xfb, 0xcf, 0xbc, 0xfb, 0xcf,
    0xbc, 0xfb, 0xcf, 0xbc, 0xfb, 0xcf, 0xbc, 0xfb,
    0xcf, 0xbc, 0xfb, 0xcf, 0xbc, 0xfb, 0xcf, 0xbc,
    0xfb,

    /* U+007D "}" */
    0xcf, 0xfe, 0x80, 0x0, 0xc, 0xff, 0xff, 0x80,
    0x0, 0x57, 0x8f, 0xfd, 0x0, 0x0, 0x0, 0xdf,
    0xe0, 0x0, 0x0, 0xc, 0xfe, 0x0, 0x0, 0x0,
    0xcf, 0xe0, 0x0, 0x0, 0xc, 0xff, 0x0, 0x0,
    0x0, 0x9f, 0xf8, 0x0, 0x0, 0x1, 0xcf, 0xff,
    0x0, 0x0, 0x6, 0xff, 0xf0, 0x0, 0x5, 0xff,
    0xd7, 0x0, 0x0, 0xbf, 0xf1, 0x0, 0x0, 0xc,
    0xfe, 0x0, 0x0, 0x0, 0xcf, 0xe0, 0x0, 0x0,
    0xc, 0xfe, 0x0, 0x0, 0x1, 0xef, 0xe0, 0x0,
    0xcf, 0xff, 0xfb, 0x0, 0xc, 0xff, 0xfe, 0x30,
    0x0, 0x57, 0x65, 0x0, 0x0, 0x0,

    /* U+007E "~" */
    0x0, 0x9e, 0xfd, 0x60, 0x0, 0x9, 0x61, 0xc,
    0xff, 0xff, 0xfe, 0x73, 0x9f, 0xf2, 0x5f, 0xf7,
    0x38, 0xff, 0xff, 0xff, 0x90, 0x26, 0x70, 0x0,
    0x18, 0xef, 0xd8, 0x0,

    /* U+00B0 "°" */
    0x4, 0x88, 0x84, 0x1, 0xff, 0xff, 0xf1, 0x2f,
    0xb0, 0xaf, 0x32, 0xfd, 0x8d, 0xf2, 0xb, 0xff,
    0xfb, 0x0,

    /* U+0401 "Ё" */
    0x0, 0x7, 0xff, 0x20, 0xef, 0xa0, 0x0, 0x0,
    0x0, 0x8f, 0xf3, 0xf, 0xfc, 0x0, 0x0, 0x0,
    0x4, 0xbb, 0x10, 0xab, 0x70, 0x0, 0x0, 0x0,
    0x0, 0x0, 0x0, 0x0, 0x0, 0x0, 0xcf, 0xff,
    0xff, 0xff, 0xff, 0xff, 0xfd, 0xc, 0xff, 0xff,
    0xff, 0xff, 0xff, 0xff, 0xd0, 0xcf, 0xfb, 0xaa,
    0xaa, 0xaa, 0xaa, 0xa8, 0xc, 0xff, 0x10, 0x0,
    0x0, 0x0, 0x0, 0x0, 0xcf, 0xf1, 0x0, 0x0,
    0x0, 0x0, 0x0, 0xc, 0xff, 0x10, 0x0, 0x0,
    0x0, 0x0, 0x0, 0xcf, 0xff, 0xff, 0xff, 0xf9,
    0x0, 0x0, 0xc, 0xff, 0xff, 0xff, 0xff, 0x90,
    0x0, 0x0, 0xcf, 0xfb, 0xaa, 0xaa, 0xa6, 0x0,
    0x0, 0xc, 0xff, 0x10, 0x0, 0x0, 0x0, 0x0,
    0x0, 0xcf, 0xf1, 0x0, 0x0, 0x0, 0x0, 0x0,
    0xc, 0xff, 0x10, 0x0, 0x0, 0x0, 0x0, 0x0,
    0xcf, 0xfb, 0xaa, 0xaa, 0xaa, 0xaa, 0xaa, 0xc,
    0xff, 0xff, 0xff, 0xff, 0xff, 0xff, 0xf0, 0xcf,
    0xff, 0xff, 0xff, 0xff, 0xff, 0xff, 0x0,

    /* U+0410 "А" */
    0x0, 0x0, 0x0, 0x6, 0xff, 0x70, 0x0, 0x0,
    0x0, 0x0, 0x0, 0x0, 0x0, 0xef, 0xfe, 0x0,
    0x0, 0x0, 0x0, 0x0, 0x0, 0x0, 0x6f, 0xff,
    0xf8, 0x0, 0x0, 0x0, 0x0, 0x0, 0x0, 0xe,
    0xff, 0xff, 0xf1, 0x0, 0x0, 0x0, 0x0, 0x0,
    0x7, 0xff, 0xbc, 0xff, 0x90, 0x0, 0x0, 0x0,
    0x0, 0x1, 0xff, 0xf3, 0x4f, 0xff, 0x20, 0x0,
    0x0, 0x0, 0x0, 0x8f, 0xfb, 0x0, 0xbf, 0xfa,
    0x0, 0x0, 0x0, 0x0, 0x1f, 0xff, 0x20, 0x3,
    0xff, 0xf3, 0x0, 0x0, 0x0, 0x9, 0xff, 0xa0,
    0x0, 0xb, 0xff, 0xb0, 0x0, 0x0, 0x2, 0xff,
    0xff, 0xff, 0xff, 0xff, 0xff, 0x40, 0x0, 0x0,
    0xaf, 0xff, 0xff, 0xff, 0xff, 0xff, 0xfc, 0x0,
    0x0, 0x2f, 0xff, 0xaa, 0xaa, 0xaa, 0xaa, 0xff,
    0xf5, 0x0, 0xb, 0xff, 0x80, 0x0, 0x0, 0x0,
    0x9, 0xff, 0xd0, 0x3, 0xff, 0xe1, 0x0, 0x0,
    0x0, 0x0, 0x1f, 0xff, 0x60, 0xbf, 0xf7, 0x0,
    0x0, 0x0, 0x0, 0x0, 0x8f, 0xfe, 0x0,

    /* U+0411 "Б" */
    0xcf, 0xff, 0xff, 0xff, 0xff, 0xff, 0xf8, 0xc,
    0xff, 0xff, 0xff, 0xff, 0xff, 0xff, 0x80, 0xcf,
    0xfb, 0xaa, 0xaa, 0xaa, 0xaa, 0xa5, 0xc, 0xff,
    0x10, 0x0, 0x0, 0x0, 0x0, 0x0, 0xcf, 0xf1,
    0x0, 0x0, 0x0, 0x0, 0x0, 0xc, 0xff, 0xa9,
    0x99, 0x99, 0x99, 0x84, 0x0, 0xcf, 0xff, 0xff,
    0xff, 0xff, 0xff, 0xf9, 0xc, 0xff, 0xff, 0xff,
    0xff, 0xff, 0xff, 0xf2, 0xcf, 0xf1, 0x0, 0x0,
    0x0, 0xd, 0xff, 0x3c, 0xff, 0x10, 0x0, 0x0,
    0x0, 0xaf, 0xf3, 0xcf, 0xf1, 0x0, 0x0, 0x0,
    0xa, 0xff, 0x3c, 0xff, 0x10, 0x0, 0x0, 0x0,
    0xbf, 0xf3, 0xcf, 0xfb, 0xaa, 0xaa, 0xaa, 0xbf,
    0xff, 0x3c, 0xff, 0xff, 0xff, 0xff, 0xff, 0xff,
    0xe0, 0xcf, 0xff, 0xff, 0xff, 0xff, 0xfe, 0xb3,
    0x0,

    /* U+0412 "В" */
    0xcf, 0xff, 0xff, 0xff, 0xff, 0xfe, 0xa2, 0xc,
    0xff, 0xff, 0xff, 0xff, 0xff, 0xff, 0xd0, 0xcf,
    0xfb, 0xaa, 0xaa, 0xaa, 0xbf, 0xff, 0x1c, 0xff,
    0x10, 0x0, 0x0, 0x0, 0xcf, 0xf2, 0xcf, 0xf1,
    0x0, 0x0, 0x0, 0xb, 0xff, 0x2c, 0xff, 0x10,
    0x0, 0x0, 0x0, 0xdf, 0xf0, 0xcf, 0xff, 0xff,
    0xff, 0xff, 0xff, 0xf5, 0xc, 0xff, 0xff, 0xff,
    0xff, 0xff, 0xfb, 0x20, 0xcf, 0xfa, 0x99, 0x99,
    0x99, 0x9f, 0xfd, 0xc, 0xff, 0x10, 0x0, 0x0,
    0x0, 0x9f, 0xf3, 0xcf, 0xf1, 0x0, 0x0, 0x0,
    0x9, 0xff, 0x5c, 0xff, 0x10, 0x0, 0x0, 0x0,
    0x9f, 0xf5, 0xcf, 0xfb, 0xaa, 0xaa, 0xaa, 0xbf,
    0xff, 0x4c, 0xff, 0xff, 0xff, 0xff, 0xff, 0xff,
    0xe0, 0xcf, 0xff, 0xff, 0xff, 0xff, 0xff, 0xb3,
    0x0,

    /* U+0413 "Г" */
    0xcf, 0xff, 0xff, 0xff, 0xff, 0xff, 0xbc, 0xff,
    0xff, 0xff, 0xff, 0xff, 0xfb, 0xcf, 0xfb, 0xaa,
    0xaa, 0xaa, 0xaa, 0x7c, 0xff, 0x10, 0x0, 0x0,
    0x0, 0x0, 0xcf, 0xf1, 0x0, 0x0, 0x0, 0x0,
    0xc, 0xff, 0x10, 0x0, 0x0, 0x0, 0x0, 0xcf,
    0xf1, 0x0, 0x0, 0x0, 0x0, 0xc, 0xff, 0x10,
    0x0, 0x0, 0x0, 0x0, 0xcf, 0xf1, 0x0, 0x0,
    0x0, 0x0, 0xc, 0xff, 0x10, 0x0, 0x0, 0x0,
    0x0, 0xcf, 0xf1, 0x0, 0x0, 0x0, 0x0, 0xc,
    0xff, 0x10, 0x0, 0x0, 0x0, 0x0, 0xcf, 0xf1,
    0x0, 0x0, 0x0, 0x0, 0xc, 0xff, 0x10, 0x0,
    0x0, 0x0, 0x0, 0xcf, 0xf1, 0x0, 0x0, 0x0,
    0x0, 0x0,

    /* U+0414 "Д" */
    0x0, 0x0, 0x0, 0x0, 0x9f, 0xf3, 0x0, 0x0,
    0x0, 0x0, 0x0, 0x0, 0x0, 0x2, 0xff, 0xfb,
    0x0, 0x0, 0x0, 0x0, 0x0, 0x0, 0x0, 0xa,
    0xff, 0xff, 0x30, 0x0, 0x0, 0x0, 0x0, 0x0,
    0x0, 0x2f, 0xff, 0xff, 0xb0, 0x0, 0x0, 0x0,
    0x0, 0x0, 0x0, 0xaf, 0xf7, 0xef, 0xf4, 0x0,
    0x0, 0x0, 0x0, 0x0, 0x3, 0xff, 0xe0, 0x7f,
    0xfc, 0x0, 0x0, 0x0, 0x0, 0x0, 0xb, 0xff,
    0x60, 0xe, 0xff, 0x40, 0x0, 0x0, 0x0, 0x0,
    0x3f, 0xfe, 0x0, 0x7, 0xff, 0xd0, 0x0, 0x0,
    0x0, 0x0, 0xbf, 0xf6, 0x0, 0x0, 0xef, 0xf5,
    0x0, 0x0, 0x0, 0x3, 0xff, 0xd0, 0x0, 0x0,
    0x7f, 0xfd, 0x0, 0x0, 0x0, 0xc, 0xff, 0x60,
    0x0, 0x0, 0xe, 0xff, 0x60, 0x0, 0x0, 0x4f,
    0xfd, 0x0, 0x0, 0x0, 0x7, 0xff, 0xe0, 0x0,
    0x9a, 0xdf, 0xfd, 0xaa, 0xaa, 0xaa, 0xab, 0xff,
    0xfc, 0xa5, 0xef, 0xff, 0xff, 0xff, 0xff, 0xff,
    0xff, 0xff, 0xff, 0xf8, 0xef, 0xff, 0xff, 0xff,
    0xff, 0xff, 0xff, 0xff, 0xff, 0xf8, 0xef, 0xb0,
    0x0, 0x0, 0x0, 0x0, 0x0, 0x0, 0x1f, 0xf8,
    0xef, 0xb0, 0x0, 0x0, 0x0, 0x0, 0x0, 0x0,
    0xf, 0xf8, 0xbd, 0x80, 0x0, 0x0, 0x0, 0x0,
    0x0, 0x0, 0xd, 0xd7,

    /* U+0415 "Е" */
    0xcf, 0xff, 0xff, 0xff, 0xff, 0xff, 0xfd, 0xc,
    0xff, 0xff, 0xff, 0xff, 0xff, 0xff, 0xd0, 0xcf,
    0xfb, 0xaa, 0xaa, 0xaa, 0xaa, 0xa8, 0xc, 0xff,
    0x10, 0x0, 0x0, 0x0, 0x0, 0x0, 0xcf, 0xf1,
    0x0, 0x0, 0x0, 0x0, 0x0, 0xc, 0xff, 0x10,
    0x0, 0x0, 0x0, 0x0, 0x0, 0xcf, 0xff, 0xff,
    0xff, 0xf9, 0x0, 0x0, 0xc, 0xff, 0xff, 0xff,
    0xff, 0x90, 0x0, 0x0, 0xcf, 0xfb, 0xaa, 0xaa,
    0xa6, 0x0, 0x0, 0xc, 0xff, 0x10, 0x0, 0x0,
    0x0, 0x0, 0x0, 0xcf, 0xf1, 0x0, 0x0, 0x0,
    0x0, 0x0, 0xc, 0xff, 0x10, 0x0, 0x0, 0x0,
    0x0, 0x0, 0xcf, 0xfb, 0xaa, 0xaa, 0xaa, 0xaa,
    0xaa, 0xc, 0xff, 0xff, 0xff, 0xff, 0xff, 0xff,
    0xf0, 0xcf, 0xff, 0xff, 0xff, 0xff, 0xff, 0xff,
    0x0,

    /* U+0416 "Ж" */
    0x6, 0xff, 0xe2, 0x0, 0x0, 0x2f, 0xfb, 0x0,
    0x0, 0x8, 0xff, 0xe2, 0x0, 0x6, 0xff, 0xe2,
    0x0, 0x2, 0xff, 0xb0, 0x0, 0x7, 0xff, 0xe2,
    0x0, 0x0, 0x7, 0xff, 0xe2, 0x0, 0x2f, 0xfb,
    0x0, 0x7, 0xff, 0xe2, 0x0, 0x0, 0x0, 0x7,
    0xff, 0xd1, 0x2, 0xff, 0xb0, 0x6, 0xff, 0xe2,
    0x0, 0x0, 0x0, 0x0, 0x7, 0xff, 0xd1, 0x2f,
    0xfb, 0x6, 0xff, 0xe2, 0x0, 0x0, 0x0, 0x0,
    0x0, 0x7, 0xff, 0xd4, 0xff, 0xb5, 0xff, 0xe2,
    0x0, 0x0, 0x0, 0x0, 0x0, 0x0, 0x7, 0xff,
    0xef, 0xfe, 0xff, 0xe2, 0x0, 0x0, 0x0, 0x0,
    0x0, 0x0, 0x0, 0x8f, 0xff, 0xff, 0xff, 0xfe,
    0x20, 0x0, 0x0, 0x0, 0x0, 0x0, 0x0, 0x8f,
    0xff, 0xcf, 0xfd, 0xef, 0xfe, 0x20, 0x0, 0x0,
    0x0, 0x0, 0x0, 0x8f, 0xff, 0xa2, 0xff, 0xb2,
    0xef, 0xfe, 0x20, 0x0, 0x0, 0x0, 0x0, 0x8f,
    0xff, 0xa0, 0x2f, 0xfb, 0x3, 0xef, 0xfe, 0x20,
    0x0, 0x0, 0x0, 0x8f, 0xff, 0xb0, 0x2, 0xff,
    0xb0, 0x3, 0xff, 0xfe, 0x20, 0x0, 0x0, 0x8f,
    0xff, 0xb0, 0x0, 0x2f, 0xfb, 0x0, 0x3, 0xff,
    0xfe, 0x20, 0x0, 0x8f, 0xff, 0xb0, 0x0, 0x2,
    0xff, 0xb0, 0x0, 0x3, 0xff, 0xfe, 0x20, 0x8f,
    0xff, 0xb0, 0x0, 0x0, 0x2f, 0xfb, 0x0, 0x0,
    0x3, 0xff, 0xfe, 0x20,

    /* U+0417 "З" */
    0x7, 0xdf, 0xff, 0xff, 0xff, 0xfe, 0x90, 0x5,
    0xff, 0xff, 0xff, 0xff, 0xff, 0xff, 0x90, 0x9f,
    0xfc, 0xaa, 0xaa, 0xaa, 0xcf, 0xfd, 0x9, 0xff,
    0x40, 0x0, 0x0, 0x0, 0xff, 0xe0, 0x49, 0xc4,
    0x0, 0x0, 0x0, 0xf, 0xfe, 0x0, 0x0, 0x0,
    0x0, 0x0, 0x2, 0xff, 0xb0, 0x0, 0x0, 0x7,
    0xff, 0xff, 0xff, 0xe2, 0x0, 0x0, 0x0, 0x7f,
    0xff, 0xff, 0xf9, 0x0, 0x0, 0x0, 0x4, 0x99,
    0x99, 0xaf, 0xfa, 0x0, 0x0, 0x0, 0x0, 0x0,
    0x0, 0xdf, 0xf0, 0x37, 0xa3, 0x0, 0x0, 0x0,
    0xc, 0xff, 0x19, 0xff, 0x40, 0x0, 0x0, 0x0,
    0xdf, 0xf1, 0x9f, 0xfc, 0xaa, 0xaa, 0xaa, 0xcf,
    0xff, 0x6, 0xff, 0xff, 0xff, 0xff, 0xff, 0xff,
    0xb0, 0x8, 0xdf, 0xff, 0xff, 0xff, 0xfe, 0xa1,
    0x0,

    /* U+0418 "И" */
    0xcf, 0xf1, 0x0, 0x0, 0x0, 0x0, 0x4f, 0xf7,
    0xcf, 0xf1, 0x0, 0x0, 0x0, 0x3, 0xff, 0xf7,
    0xcf, 0xf1, 0x0, 0x0, 0x0, 0x3f, 0xff, 0xf7,
    0xcf, 0xf1, 0x0, 0x0, 0x2, 0xef, 0xff, 0xf7,
    0xcf, 0xf1, 0x0, 0x0, 0x1e, 0xff, 0xcf, 0xf7,
    0xcf, 0xf1, 0x0, 0x1, 0xdf, 0xf6, 0x7f, 0xf7,
    0xcf, 0xf1, 0x0, 0xc, 0xff, 0x70, 0x7f, 0xf7,
    0xcf, 0xf1, 0x0, 0xcf, 0xf8, 0x0, 0x7f, 0xf7,
    0xcf, 0xf1, 0xb, 0xff, 0x90, 0x0, 0x7f, 0xf7,
    0xcf, 0xf1, 0xaf, 0xfa, 0x0, 0x0, 0x7f, 0xf7,
    0xcf, 0xfb, 0xff, 0xa0, 0x0, 0x0, 0x7f, 0xf7,
    0xcf, 0xff, 0xfb, 0x0, 0x0, 0x0, 0x7f, 0xf7,
    0xcf, 0xff, 0xc0, 0x0, 0x0, 0x0, 0x7f, 0xf7,
    0xcf, 0xfc, 0x0, 0x0, 0x0, 0x0, 0x7f, 0xf7,
    0xcf, 0xd1, 0x0, 0x0, 0x0, 0x0, 0x7f, 0xf7,

    /* U+0419 "Й" */
    0x0, 0x0, 0x18, 0x40, 0x4, 0x81, 0x0, 0x0,
    0x0, 0x0, 0x2f, 0xb0, 0xb, 0xf1, 0x0, 0x0,
    0x0, 0x0, 0xd, 0xff, 0xff, 0xd0, 0x0, 0x0,
    0x0, 0x0, 0x2, 0x8a, 0xa8, 0x20, 0x0, 0x0,
    0x0, 0x0, 0x0, 0x0, 0x0, 0x0, 0x0, 0x0,
    0xcf, 0xf1, 0x0, 0x0, 0x0, 0x0, 0x4f, 0xf7,
    0xcf, 0xf1, 0x0, 0x0, 0x0, 0x3, 0xff, 0xf7,
    0xcf, 0xf1, 0x0, 0x0, 0x0, 0x3f, 0xff, 0xf7,
    0xcf, 0xf1, 0x0, 0x0, 0x2, 0xef, 0xff, 0xf7,
    0xcf, 0xf1, 0x0, 0x0, 0x1e, 0xff, 0xcf, 0xf7,
    0xcf, 0xf1, 0x0, 0x1, 0xdf, 0xf6, 0x7f, 0xf7,
    0xcf, 0xf1, 0x0, 0xc, 0xff, 0x70, 0x7f, 0xf7,
    0xcf, 0xf1, 0x0, 0xcf, 0xf8, 0x0, 0x7f, 0xf7,
    0xcf, 0xf1, 0xb, 0xff, 0x90, 0x0, 0x7f, 0xf7,
    0xcf, 0xf1, 0xaf, 0xfa, 0x0, 0x0, 0x7f, 0xf7,
    0xcf, 0xfb, 0xff, 0xa0, 0x0, 0x0, 0x7f, 0xf7,
    0xcf, 0xff, 0xfb, 0x0, 0x0, 0x0, 0x7f, 0xf7,
    0xcf, 0xff, 0xc0, 0x0, 0x0, 0x0, 0x7f, 0xf7,
    0xcf, 0xfc, 0x0, 0x0, 0x0, 0x0, 0x7f, 0xf7,
    0xcf, 0xd1, 0x0, 0x0, 0x0, 0x0, 0x7f, 0xf7,

    /* U+041A "К" */
    0xcf, 0xf1, 0x0, 0x0, 0x1, 0xcf, 0xfe, 0x30,
    0xc, 0xff, 0x10, 0x0, 0x2, 0xdf, 0xfd, 0x10,
    0x0, 0xcf, 0xf1, 0x0, 0x3, 0xef, 0xfb, 0x0,
    0x0, 0xc, 0xff, 0x10, 0x4, 0xff, 0xf9, 0x0,
    0x0, 0x0, 0xcf, 0xf1, 0x6, 0xff, 0xf7, 0x0,
    0x0, 0x0, 0xc, 0xff, 0x18, 0xff, 0xf4, 0x0,
    0x0, 0x0, 0x0, 0xcf, 0xfc, 0xff, 0xe3, 0x0,
    0x0, 0x0, 0x0, 0xc, 0xff, 0xff, 0xfb, 0x10,
    0x0, 0x0, 0x0, 0x0, 0xcf, 0xf6, 0xef, 0xfd,
    0x20, 0x0, 0x0, 0x0, 0xc, 0xff, 0x12, 0xdf,
    0xff, 0x50, 0x0, 0x0, 0x0, 0xcf, 0xf1, 0x1,
    0xbf, 0xff, 0x90, 0x0, 0x0, 0xc, 0xff, 0x10,
    0x0, 0x8f, 0xff, 0xc1, 0x0, 0x0, 0xcf, 0xf1,
    0x0, 0x0, 0x5f, 0xff, 0xe3, 0x0, 0xc, 0xff,
    0x10, 0x0, 0x0, 0x3e, 0xff, 0xf6, 0x0, 0xcf,
    0xf1, 0x0, 0x0, 0x0, 0x1c, 0xff, 0xfa, 0x0,

    /* U+041B "Л" */
    0x0, 0x0, 0x0, 0x6, 0xff, 0x70, 0x0, 0x0,
    0x0, 0x0, 0x0, 0x0, 0x0, 0xef, 0xfe, 0x0,
    0x0, 0x0, 0x0, 0x0, 0x0, 0x0, 0x6f, 0xff,
    0xf8, 0x0, 0x0, 0x0, 0x0, 0x0, 0x0, 0xe,
    0xff, 0xff, 0xf1, 0x0, 0x0, 0x0, 0x0, 0x0,
    0x7, 0xff, 0xab, 0xff, 0x90, 0x0, 0x0, 0x0,
    0x0, 0x1, 0xff, 0xf2, 0x3f, 0xff, 0x20, 0x0,
    0x0, 0x0, 0x0, 0x8f, 0xf9, 0x0, 0xaf, 0xfa,
    0x0, 0x0, 0x0, 0x0, 0x1f, 0xff, 0x10, 0x2,
    0xff, 0xf3, 0x0, 0x0, 0x0, 0x9, 0xff, 0x90,
    0x0, 0xa, 0xff, 0xb0, 0x0, 0x0, 0x2, 0xff,
    0xf1, 0x0, 0x0, 0x2f, 0xff, 0x40, 0x0, 0x0,
    0xaf, 0xf8, 0x0, 0x0, 0x0, 0x9f, 0xfc, 0x0,
    0x0, 0x2f, 0xff, 0x10, 0x0, 0x0, 0x1, 0xff,
    0xf5, 0x0, 0xb, 0xff, 0x70, 0x0, 0x0, 0x0,
    0x8, 0xff, 0xd0, 0x3, 0xff, 0xe0, 0x0, 0x0,
    0x0, 0x0, 0x1f, 0xff, 0x60, 0xbf, 0xf7, 0x0,
    0x0, 0x0, 0x0, 0x0, 0x7f, 0xfe, 0x0,

    /* U+041C "М" */
    0xcf, 0xf2, 0x0, 0x0, 0x0, 0x0, 0x0, 0x5f,
    0xfa, 0xcf, 0xfd, 0x0, 0x0, 0x0, 0x0, 0x1,
    0xef, 0xfa, 0xcf, 0xff, 0x90, 0x0, 0x0, 0x0,
    0xb, 0xff, 0xfa, 0xcf, 0xff, 0xf4, 0x0, 0x0,
    0x0, 0x6f, 0xff, 0xfa, 0xcf, 0xff, 0xfe, 0x10,
    0x0, 0x2, 0xff, 0xff, 0xfa, 0xcf, 0xdc, 0xff,
    0xa0, 0x0, 0xc, 0xff, 0x7f, 0xfa, 0xcf, 0xc2,
    0xff, 0xf6, 0x0, 0x7f, 0xf8, 0x4f, 0xfa, 0xcf,
    0xc0, 0x6f, 0xff, 0x22, 0xff, 0xc0, 0x4f, 0xfa,
    0xcf, 0xc0, 0xa, 0xff, 0xcc, 0xff, 0x20, 0x4f,
    0xfa, 0xcf, 0xc0, 0x1, 0xef, 0xff, 0xf7, 0x0,
    0x4f, 0xfa, 0xcf, 0xc0, 0x0, 0x4f, 0xff, 0xc0,
    0x0, 0x4f, 0xfa, 0xcf, 0xc0, 0x0, 0x9, 0xff,
    0x20, 0x0, 0x4f, 0xfa, 0xcf, 0xc0, 0x0, 0x0,
    0xd6, 0x0, 0x0, 0x4f, 0xfa, 0xcf, 0xc0, 0x0,
    0x0, 0x10, 0x0, 0x0, 0x4f, 0xfa, 0xcf, 0xc0,
    0x0, 0x0, 0x0, 0x0, 0x0, 0x4f, 0xfa,

    /* U+041D "Н" */
    0xcf, 0xf1, 0x0, 0x0, 0x0, 0x0, 0x1f, 0xfc,
    0xcf, 0xf1, 0x0, 0x0, 0x0, 0x0, 0x1f, 0xfc,
    0xcf, 0xf1, 0x0, 0x0, 0x0, 0x0, 0x1f, 0xfc,
    0xcf, 0xf1, 0x0, 0x0, 0x0, 0x0, 0x1f, 0xfc,
    0xcf, 0xf1, 0x0, 0x0, 0x0, 0x0, 0x1f, 0xfc,
    0xcf, 0xf1, 0x0, 0x0, 0x0, 0x0, 0x1f, 0xfc,
    0xcf, 0xff, 0xff, 0xff, 0xff, 0xff, 0xff, 0xfc,
    0xcf, 0xff, 0xff, 0xff, 0xff, 0xff, 0xff, 0xfc,
    0xcf, 0xfb, 0xaa, 0xaa, 0xaa, 0xaa, 0xbf, 0xfc,
    0xcf, 0xf1, 0x0, 0x0, 0x0, 0x0, 0x1f, 0xfc,
    0xcf, 0xf1, 0x0, 0x0, 0x0, 0x0, 0x1f, 0xfc,
    0xcf, 0xf1, 0x0, 0x0, 0x0, 0x0, 0x1f, 0xfc,
    0xcf, 0xf1, 0x0, 0x0, 0x0, 0x0, 0x1f, 0xfc,
    0xcf, 0xf1, 0x0, 0x0, 0x0, 0x0, 0x1f, 0xfc,
    0xcf, 0xf1, 0x0, 0x0, 0x0, 0x0, 0x1f, 0xfc,

    /* U+041E "О" */
    0x2, 0xae, 0xff, 0xff, 0xff, 0xff, 0xff, 0xd9,
    0x0, 0xef, 0xff, 0xff, 0xff, 0xff, 0xff, 0xff,
    0xf9, 0x1f, 0xfe, 0xaa, 0xaa, 0xaa, 0xaa, 0xaa,
    0xff, 0xd2, 0xff, 0xc0, 0x0, 0x0, 0x0, 0x0,
    0x1f, 0xfd, 0x2f, 0xfc, 0x0, 0x0, 0x0, 0x0,
    0x1, 0xff, 0xd2, 0xff, 0xc0, 0x0, 0x0, 0x0,
    0x0, 0x1f, 0xfd, 0x2f, 0xfc, 0x0, 0x0, 0x0,
    0x0, 0x1, 0xff, 0xd2, 0xff, 0xc0, 0x0, 0x0,
    0x0, 0x0, 0x1f, 0xfd, 0x2f, 0xfc, 0x0, 0x0,
    0x0, 0x0, 0x1, 0xff, 0xd2, 0xff, 0xc0, 0x0,
    0x0, 0x0, 0x0, 0x1f, 0xfd, 0x2f, 0xfc, 0x0,
    0x0, 0x0, 0x0, 0x1, 0xff, 0xd2, 0xff, 0xc0,
    0x0, 0x0, 0x0, 0x0, 0x1f, 0xfd, 0x1f, 0xfe,
    0xaa, 0xaa, 0xaa, 0xaa, 0xaa, 0xff, 0xd0, 0xdf,
    0xff, 0xff, 0xff, 0xff, 0xff, 0xff, 0xf9, 0x2,
    0xbe, 0xff, 0xff, 0xff, 0xff, 0xff, 0xd9, 0x0,

    /* U+041F "П" */
    0xcf, 0xff, 0xff, 0xff, 0xff, 0xff, 0xff, 0xf9,
    0xcf, 0xff, 0xff, 0xff, 0xff, 0xff, 0xff, 0xf9,
    0xcf, 0xfb, 0xaa, 0xaa, 0xaa, 0xaa, 0xcf, 0xf9,
    0xcf, 0xf1, 0x0, 0x0, 0x0, 0x0, 0x5f, 0xf9,
    0xcf, 0xf1, 0x0, 0x0, 0x0, 0x0, 0x5f, 0xf9,
    0xcf, 0xf1, 0x0, 0x0, 0x0, 0x0, 0x5f, 0xf9,
    0xcf, 0xf1, 0x0, 0x0, 0x0, 0x0, 0x5f, 0xf9,
    0xcf, 0xf1, 0x0, 0x0, 0x0, 0x0, 0x5f, 0xf9,
    0xcf, 0xf1, 0x0, 0x0, 0x0, 0x0, 0x5f, 0xf9,
    0xcf, 0xf1, 0x0, 0x0, 0x0, 0x0, 0x5f, 0xf9,
    0xcf, 0xf1, 0x0, 0x0, 0x0, 0x0, 0x5f, 0xf9,
    0xcf, 0xf1, 0x0, 0x0, 0x0, 0x0, 0x5f, 0xf9,
    0xcf, 0xf1, 0x0, 0x0, 0x0, 0x0, 0x5f, 0xf9,
    0xcf, 0xf1, 0x0, 0x0, 0x0, 0x0, 0x5f, 0xf9,
    0xcf, 0xf1, 0x0, 0x0, 0x0, 0x0, 0x5f, 0xf9,

    /* U+0420 "Р" */
    0xcf, 0xff, 0xff, 0xff, 0xff, 0xff, 0xc4, 0xc,
    0xff, 0xff, 0xff, 0xff, 0xff, 0xff, 0xf1, 0xcf,
    0xfb, 0xaa, 0xaa, 0xaa, 0xbf, 0xff, 0x5c, 0xff,
    0x10, 0x0, 0x0, 0x0, 0x9f, 0xf5, 0xcf, 0xf1,
    0x0, 0x0, 0x0, 0x9, 0xff, 0x5c, 0xff, 0x10,
    0x0, 0x0, 0x0, 0x9f, 0xf5, 0xcf, 0xfb, 0xaa,
    0xaa, 0xaa, 0xaf, 0xff, 0x5c, 0xff, 0xff, 0xff,
    0xff, 0xff, 0xff, 0xf1, 0xcf, 0xff, 0xff, 0xff,
    0xff, 0xff, 0xb3, 0xc, 0xff, 0x10, 0x0, 0x0,
    0x0, 0x0, 0x0, 0xcf, 0xf1, 0x0, 0x0, 0x0,
    0x0, 0x0, 0xc, 0xff, 0x10, 0x0, 0x0, 0x0,
    0x0, 0x0, 0xcf, 0xf1, 0x0, 0x0, 0x0, 0x0,
    0x0, 0xc, 0xff, 0x10, 0x0, 0x0, 0x0, 0x0,
    0x0, 0xcf, 0xf1, 0x0, 0x0, 0x0, 0x0, 0x0,
    0x0,

    /* U+0421 "С" */
    0x2, 0xbe, 0xff, 0xff, 0xff, 0xff, 0xeb, 0x30,
    0xd, 0xff, 0xff, 0xff, 0xff, 0xff, 0xff, 0xe0,
    0x1f, 0xfe, 0xaa, 0xaa, 0xaa, 0xaa, 0xef, 0xf2,
    0x2f, 0xfc, 0x0, 0x0, 0x0, 0x0, 0xbf, 0xf3,
    0x2f, 0xfc, 0x0, 0x0, 0x0, 0x0, 0xbf, 0xf3,
    0x2f, 0xfc, 0x0, 0x0, 0x0, 0x0, 0x44, 0x10,
    0x2f, 0xfc, 0x0, 0x0, 0x0, 0x0, 0x0, 0x0,
    0x2f, 0xfc, 0x0, 0x0, 0x0, 0x0, 0x0, 0x0,
    0x2f, 0xfc, 0x0, 0x0, 0x0, 0x0, 0x0, 0x0,
    0x2f, 0xfc, 0x0, 0x0, 0x0, 0x0, 0x68, 0x51,
    0x2f, 0xfc, 0x0, 0x0, 0x0, 0x0, 0x9f, 0xf4,
    0x2f, 0xfc, 0x0, 0x0, 0x0, 0x0, 0x9f, 0xf4,
    0x1f, 0xfe, 0xaa, 0xaa, 0xaa, 0xaa, 0xdf, 0xf4,
    0xd, 0xff, 0xff, 0xff, 0xff, 0xff, 0xff, 0xf0,
    0x2, 0xbe, 0xff, 0xff, 0xff, 0xff, 0xfc, 0x30,

    /* U+0422 "Т" */
    0xcf, 0xff, 0xff, 0xff, 0xff, 0xff, 0xff, 0xf5,
    0xcf, 0xff, 0xff, 0xff, 0xff, 0xff, 0xff, 0xf5,
    0x8a, 0xaa, 0xaa, 0xef, 0xfb, 0xaa, 0xaa, 0xa3,
    0x0, 0x0, 0x0, 0xaf, 0xf3, 0x0, 0x0, 0x0,
    0x0, 0x0, 0x0, 0xaf, 0xf3, 0x0, 0x0, 0x0,
    0x0, 0x0, 0x0, 0xaf, 0xf3, 0x0, 0x0, 0x0,
    0x0, 0x0, 0x0, 0xaf, 0xf3, 0x0, 0x0, 0x0,
    0x0, 0x0, 0x0, 0xaf, 0xf3, 0x0, 0x0, 0x0,
    0x0, 0x0, 0x0, 0xaf, 0xf3, 0x0, 0x0, 0x0,
    0x0, 0x0, 0x0, 0xaf, 0xf3, 0x0, 0x0, 0x0,
    0x0, 0x0, 0x0, 0xaf, 0xf3, 0x0, 0x0, 0x0,
    0x0, 0x0, 0x0, 0xaf, 0xf3, 0x0, 0x0, 0x0,
    0x0, 0x0, 0x0, 0xaf, 0xf3, 0x0, 0x0, 0x0,
    0x0, 0x0, 0x0, 0xaf, 0xf3, 0x0, 0x0, 0x0,
    0x0, 0x0, 0x0, 0xaf, 0xf3, 0x0, 0x0, 0x0,

    /* U+0423 "У" */
    0xaf, 0xfe, 0x0, 0x0, 0x0, 0x0, 0xc, 0xff,
    0xa1, 0xff, 0xf9, 0x0, 0x0, 0x0, 0x6, 0xff,
    0xf1, 0x6, 0xff, 0xf3, 0x0, 0x0, 0x0, 0xef,
    0xf7, 0x0, 0xb, 0xff, 0xd0, 0x0, 0x0, 0x8f,
    0xfd, 0x0, 0x0, 0x2f, 0xff, 0x80, 0x0, 0x2f,
    0xff, 0x40, 0x0, 0x0, 0x7f, 0xff, 0x20, 0xb,
    0xff, 0xb0, 0x0, 0x0, 0x0, 0xcf, 0xfc, 0x5,
    0xff, 0xf2, 0x0, 0x0, 0x0, 0x2, 0xff, 0xf7,
    0xdf, 0xf8, 0x0, 0x0, 0x0, 0x0, 0x8, 0xff,
    0xff, 0xfe, 0x0, 0x0, 0x0, 0x0, 0x0, 0xd,
    0xff, 0xff, 0x50, 0x0, 0x0, 0x0, 0x0, 0x0,
    0x3f, 0xff, 0xc0, 0x0, 0x0, 0x0, 0x0, 0x0,
    0x3, 0xff, 0xf3, 0x0, 0x0, 0x0, 0x0, 0xa,
    0xaa, 0xef, 0xf9, 0x0, 0x0, 0x0, 0x0, 0x0,
    0xef, 0xff, 0xfe, 0x10, 0x0, 0x0, 0x0, 0x0,
    0xb, 0xff, 0xfb, 0x20, 0x0, 0x0, 0x0, 0x0,

    /* U+0424 "Ф" */
    0x0, 0x0, 0x0, 0x0, 0x0, 0x9e, 0xe3, 0x0,
    0x0, 0x0, 0x0, 0x0, 0x0, 0x0, 0x0, 0x0,
    0xa, 0xff, 0x30, 0x0, 0x0, 0x0, 0x0, 0x0,
    0x59, 0xaa, 0xaa, 0xaa, 0xef, 0xfb, 0xaa, 0xaa,
    0xaa, 0x72, 0x0, 0xaf, 0xff, 0xff, 0xff, 0xff,
    0xff, 0xff, 0xff, 0xff, 0xff, 0xf4, 0xf, 0xff,
    0xff, 0xff, 0xff, 0xff, 0xff, 0xff, 0xff, 0xff,
    0xff, 0x92, 0xff, 0xe1, 0x0, 0x0, 0xa, 0xff,
    0x30, 0x0, 0x0, 0x6f, 0xfb, 0x2f, 0xfc, 0x0,
    0x0, 0x0, 0xaf, 0xf3, 0x0, 0x0, 0x3, 0xff,
    0xb2, 0xff, 0xc0, 0x0, 0x0, 0xa, 0xff, 0x30,
    0x0, 0x0, 0x3f, 0xfb, 0x2f, 0xfc, 0x0, 0x0,
    0x0, 0xaf, 0xf3, 0x0, 0x0, 0x3, 0xff, 0xb2,
    0xff, 0xc0, 0x0, 0x0, 0xa, 0xff, 0x30, 0x0,
    0x0, 0x3f, 0xfb, 0x2f, 0xfe, 0x10, 0x0, 0x0,
    0xaf, 0xf3, 0x0, 0x0, 0x6, 0xff, 0xb0, 0xff,
    0xff, 0xff, 0xff, 0xff, 0xff, 0xff, 0xff, 0xff,
    0xff, 0xf9, 0x9, 0xff, 0xff, 0xff, 0xff, 0xff,
    0xff, 0xff, 0xff, 0xff, 0xff, 0x30, 0x4, 0x9a,
    0xaa, 0xaa, 0xae, 0xff, 0xba, 0xaa, 0xaa, 0xa7,
    0x20, 0x0, 0x0, 0x0, 0x0, 0x0, 0xaf, 0xf3,
    0x0, 0x0, 0x0, 0x0, 0x0, 0x0, 0x0, 0x0,
    0x0, 0xa, 0xff, 0x30, 0x0, 0x0, 0x0, 0x0,

    /* U+0425 "Х" */
    0x9f, 0xff, 0x50, 0x0, 0x0, 0x2, 0xff, 0xf3,
    0x0, 0xbf, 0xff, 0x20, 0x0, 0x0, 0xdf, 0xf5,
    0x0, 0x1, 0xdf, 0xfd, 0x10, 0x0, 0xaf, 0xf9,
    0x0, 0x0, 0x2, 0xef, 0xfb, 0x0, 0x7f, 0xfc,
    0x0, 0x0, 0x0, 0x3, 0xff, 0xf8, 0x4f, 0xfe,
    0x10, 0x0, 0x0, 0x0, 0x5, 0xff, 0xff, 0xff,
    0x30, 0x0, 0x0, 0x0, 0x0, 0x8, 0xff, 0xff,
    0x60, 0x0, 0x0, 0x0, 0x0, 0x0, 0xe, 0xff,
    0xf5, 0x0, 0x0, 0x0, 0x0, 0x0, 0xa, 0xff,
    0xff, 0xf3, 0x0, 0x0, 0x0, 0x0, 0x7, 0xff,
    0xcb, 0xff, 0xe1, 0x0, 0x0, 0x0, 0x4, 0xff,
    0xe1, 0x1d, 0xff, 0xc0, 0x0, 0x0, 0x2, 0xef,
    0xf3, 0x0, 0x2f, 0xff, 0xa0, 0x0, 0x0, 0xdf,
    0xf6, 0x0, 0x0, 0x5f, 0xff, 0x70, 0x0, 0xaf,
    0xf9, 0x0, 0x0, 0x0, 0x8f, 0xff, 0x40, 0x8f,
    0xfc, 0x0, 0x0, 0x0, 0x0, 0xbf, 0xff, 0x20,

    /* U+0426 "Ц" */
    0xcf, 0xf1, 0x0, 0x0, 0x0, 0x0, 0xef, 0xf0,
    0x0, 0xcf, 0xf1, 0x0, 0x0, 0x0, 0x0, 0xef,
    0xf0, 0x0, 0xcf, 0xf1, 0x0, 0x0, 0x0, 0x0,
    0xef, 0xf0, 0x0, 0xcf, 0xf1, 0x0, 0x0, 0x0,
    0x0, 0xef, 0xf0, 0x0, 0xcf, 0xf1, 0x0, 0x0,
    0x0, 0x0, 0xef, 0xf0, 0x0, 0xcf, 0xf1, 0x0,
    0x0, 0x0, 0x0, 0xef, 0xf0, 0x0, 0xcf, 0xf1,
    0x0, 0x0, 0x0, 0x0, 0xef, 0xf0, 0x0, 0xcf,
    0xf1, 0x0, 0x0, 0x0, 0x0, 0xef, 0xf0, 0x0,
    0xcf, 0xf1, 0x0, 0x0, 0x0, 0x0, 0xef, 0xf0,
    0x0, 0xcf, 0xf1, 0x0, 0x0, 0x0, 0x0, 0xef,
    0xf0, 0x0, 0xcf, 0xf1, 0x0, 0x0, 0x0, 0x0,
    0xef, 0xf0, 0x0, 0xcf, 0xf1, 0x0, 0x0, 0x0,
    0x0, 0xef, 0xf0, 0x0, 0xcf, 0xfb, 0xaa, 0xaa,
    0xaa, 0xaa, 0xff, 0xfa, 0xa4, 0xcf, 0xff, 0xff,
    0xff, 0xff, 0xff, 0xff, 0xff, 0xf7, 0xcf, 0xff,
    0xff, 0xff, 0xff, 0xff, 0xff, 0xff, 0xf7, 0x0,
    0x0, 0x0, 0x0, 0x0, 0x0, 0x0, 0x3f, 0xf7,
    0x0, 0x0, 0x0, 0x0, 0x0, 0x0, 0x0, 0x2f,
    0xf7, 0x0, 0x0, 0x0, 0x0, 0x0, 0x0, 0x0,
    0x1d, 0xd6,

    /* U+0427 "Ч" */
    0xf, 0xfe, 0x0, 0x0, 0x0, 0x0, 0xf, 0xfd,
    0xf, 0xfe, 0x0, 0x0, 0x0, 0x0, 0xf, 0xfd,
    0xf, 0xfe, 0x0, 0x0, 0x0, 0x0, 0xf, 0xfd,
    0xf, 0xfe, 0x0, 0x0, 0x0, 0x0, 0xf, 0xfd,
    0xf, 0xfe, 0x0, 0x0, 0x0, 0x0, 0xf, 0xfd,
    0xf, 0xfe, 0x0, 0x0, 0x0, 0x0, 0xf, 0xfd,
    0xf, 0xfe, 0x0, 0x0, 0x0, 0x0, 0xf, 0xfd,
    0xe, 0xff, 0xff, 0xff, 0xff, 0xff, 0xff, 0xfd,
    0x7, 0xff, 0xff, 0xff, 0xff, 0xff, 0xff, 0xfd,
    0x0, 0x49, 0xaa, 0xaa, 0xaa, 0xaa, 0xaf, 0xfd,
    0x0, 0x0, 0x0, 0x0, 0x0, 0x0, 0xf, 0xfd,
    0x0, 0x0, 0x0, 0x0, 0x0, 0x0, 0xf, 0xfd,
    0x0, 0x0, 0x0, 0x0, 0x0, 0x0, 0xf, 0xfd,
    0x0, 0x0, 0x0, 0x0, 0x0, 0x0, 0xf, 0xfd,
    0x0, 0x0, 0x0, 0x0, 0x0, 0x0, 0xf, 0xfd,

    /* U+0428 "Ш" */
    0xcf, 0xf1, 0x0, 0x0, 0x5, 0xff, 0x90, 0x0,
    0x0, 0xe, 0xff, 0xc, 0xff, 0x10, 0x0, 0x0,
    0x5f, 0xf9, 0x0, 0x0, 0x0, 0xef, 0xf0, 0xcf,
    0xf1, 0x0, 0x0, 0x5, 0xff, 0x90, 0x0, 0x0,
    0xe, 0xff, 0xc, 0xff, 0x10, 0x0, 0x0, 0x5f,
    0xf9, 0x0, 0x0, 0x0, 0xef, 0xf0, 0xcf, 0xf1,
    0x0, 0x0, 0x5, 0xff, 0x90, 0x0, 0x0, 0xe,
    0xff, 0xc, 0xff, 0x10, 0x0, 0x0, 0x5f, 0xf9,
    0x0, 0x0, 0x0, 0xef, 0xf0, 0xcf, 0xf1, 0x0,
    0x0, 0x5, 0xff, 0x90, 0x0, 0x0, 0xe, 0xff,
    0xc, 0xff, 0x10, 0x0, 0x0, 0x5f, 0xf9, 0x0,
    0x0, 0x0, 0xef, 0xf0, 0xcf, 0xf1, 0x0, 0x0,
    0x5, 0xff, 0x90, 0x0, 0x0, 0xe, 0xff, 0xc,
    0xff, 0x10, 0x0, 0x0, 0x5f, 0xf9, 0x0, 0x0,
    0x0, 0xef, 0xf0, 0xcf, 0xf1, 0x0, 0x0, 0x5,
    0xff, 0x90, 0x0, 0x0, 0xe, 0xff, 0xc, 0xff,
    0x10, 0x0, 0x0, 0x5f, 0xf9, 0x0, 0x0, 0x0,
    0xef, 0xf0, 0xcf, 0xfb, 0xaa, 0xaa, 0xac, 0xff,
    0xda, 0xaa, 0xaa, 0xaf, 0xff, 0xc, 0xff, 0xff,
    0xff, 0xff, 0xff, 0xff, 0xff, 0xff, 0xff, 0xff,
    0xf0, 0xcf, 0xff, 0xff, 0xff, 0xff, 0xff, 0xff,
    0xff, 0xff, 0xff, 0xff, 0x0,

    /* U+0429 "Щ" */
    0xcf, 0xf1, 0x0, 0x0, 0x5, 0xff, 0x90, 0x0,
    0x0, 0xe, 0xff, 0x0, 0xc, 0xff, 0x10, 0x0,
    0x0, 0x5f, 0xf9, 0x0, 0x0, 0x0, 0xef, 0xf0,
    0x0, 0xcf, 0xf1, 0x0, 0x0, 0x5, 0xff, 0x90,
    0x0, 0x0, 0xe, 0xff, 0x0, 0xc, 0xff, 0x10,
    0x0, 0x0, 0x5f, 0xf9, 0x0, 0x0, 0x0, 0xef,
    0xf0, 0x0, 0xcf, 0xf1, 0x0, 0x0, 0x5, 0xff,
    0x90, 0x0, 0x0, 0xe, 0xff, 0x0, 0xc, 0xff,
    0x10, 0x0, 0x0, 0x5f, 0xf9, 0x0, 0x0, 0x0,
    0xef, 0xf0, 0x0, 0xcf, 0xf1, 0x0, 0x0, 0x5,
    0xff, 0x90, 0x0, 0x0, 0xe, 0xff, 0x0, 0xc,
    0xff, 0x10, 0x0, 0x0, 0x5f, 0xf9, 0x0, 0x0,
    0x0, 0xef, 0xf0, 0x0, 0xcf, 0xf1, 0x0, 0x0,
    0x5, 0xff, 0x90, 0x0, 0x0, 0xe, 0xff, 0x0,
    0xc, 0xff, 0x10, 0x0, 0x0, 0x5f, 0xf9, 0x0,
    0x0, 0x0, 0xef, 0xf0, 0x0, 0xcf, 0xf1, 0x0,
    0x0, 0x5, 0xff, 0x90, 0x0, 0x0, 0xe, 0xff,
    0x0, 0xc, 0xff, 0x10, 0x0, 0x0, 0x5f, 0xf9,
    0x0, 0x0, 0x0, 0xef, 0xf0, 0x0, 0xcf, 0xfb,
    0xaa, 0xaa, 0xac, 0xff, 0xda, 0xaa, 0xaa, 0xaf,
    0xff, 0xaa, 0x4c, 0xff, 0xff, 0xff, 0xff, 0xff,
    0xff, 0xff, 0xff, 0xff, 0xff, 0xff, 0xf7, 0xcf,
    0xff, 0xff, 0xff, 0xff, 0xff, 0xff, 0xff, 0xff,
    0xff, 0xff, 0xff, 0x70, 0x0, 0x0, 0x0, 0x0,
    0x0, 0x0, 0x0, 0x0, 0x0, 0x0, 0x3f, 0xf7,
    0x0, 0x0, 0x0, 0x0, 0x0, 0x0, 0x0, 0x0,
    0x0, 0x0, 0x2, 0xff, 0x70, 0x0, 0x0, 0x0,
    0x0, 0x0, 0x0, 0x0, 0x0, 0x0, 0x0, 0x1d,
    0xd5,

    /* U+042A "Ъ" */
    0xcf, 0xff, 0xff, 0xff, 0x40, 0x0, 0x0, 0x0,
    0x0, 0xc, 0xff, 0xff, 0xff, 0xf4, 0x0, 0x0,
    0x0, 0x0, 0x0, 0x8a, 0xaa, 0xad, 0xff, 0x40,
    0x0, 0x0, 0x0, 0x0, 0x0, 0x0, 0x0, 0xaf,
    0xf4, 0x0, 0x0, 0x0, 0x0, 0x0, 0x0, 0x0,
    0xa, 0xff, 0x40, 0x0, 0x0, 0x0, 0x0, 0x0,
    0x0, 0x0, 0xaf, 0xfc, 0xaa, 0xaa, 0xaa, 0x97,
    0x10, 0x0, 0x0, 0xa, 0xff, 0xff, 0xff, 0xff,
    0xff, 0xfe, 0x20, 0x0, 0x0, 0xaf, 0xff, 0xff,
    0xff, 0xff, 0xff, 0xf8, 0x0, 0x0, 0xa, 0xff,
    0x40, 0x0, 0x0, 0x7, 0xff, 0x90, 0x0, 0x0,
    0xaf, 0xf4, 0x0, 0x0, 0x0, 0x4f, 0xf9, 0x0,
    0x0, 0xa, 0xff, 0x40, 0x0, 0x0, 0x4, 0xff,
    0x90, 0x0, 0x0, 0xaf, 0xf4, 0x0, 0x0, 0x0,
    0x5f, 0xf9, 0x0, 0x0, 0xa, 0xff, 0xca, 0xaa,
    0xaa, 0xae, 0xff, 0x80, 0x0, 0x0, 0xaf, 0xff,
    0xff, 0xff, 0xff, 0xff, 0xf4, 0x0, 0x0, 0xa,
    0xff, 0xff, 0xff, 0xff, 0xff, 0xd6, 0x0,

    /* U+042B "Ы" */
    0xcf, 0xf1, 0x0, 0x0, 0x0, 0x0, 0x0, 0x0,
    0xe, 0xff, 0xc, 0xff, 0x10, 0x0, 0x0, 0x0,
    0x0, 0x0, 0x0, 0xef, 0xf0, 0xcf, 0xf1, 0x0,
    0x0, 0x0, 0x0, 0x0, 0x0, 0xe, 0xff, 0xc,
    0xff, 0x10, 0x0, 0x0, 0x0, 0x0, 0x0, 0x0,
    0xef, 0xf0, 0xcf, 0xf1, 0x0, 0x0, 0x0, 0x0,
    0x0, 0x0, 0xe, 0xff, 0xc, 0xff, 0xba, 0xaa,
    0xaa, 0xa9, 0x50, 0x0, 0x0, 0xef, 0xf0, 0xcf,
    0xff, 0xff, 0xff, 0xff, 0xff, 0x90, 0x0, 0xe,
    0xff, 0xc, 0xff, 0xff, 0xff, 0xff, 0xff, 0xff,
    0x10, 0x0, 0xef, 0xf0, 0xcf, 0xf1, 0x0, 0x0,
    0x1, 0xef, 0xf2, 0x0, 0xe, 0xff, 0xc, 0xff,
    0x10, 0x0, 0x0, 0xc, 0xff, 0x20, 0x0, 0xef,
    0xf0, 0xcf, 0xf1, 0x0, 0x0, 0x0, 0xcf, 0xf2,
    0x0, 0xe, 0xff, 0xc, 0xff, 0x10, 0x0, 0x0,
    0xc, 0xff, 0x20, 0x0, 0xef, 0xf0, 0xcf, 0xfb,
    0xaa, 0xaa, 0xab, 0xff, 0xf1, 0x0, 0xe, 0xff,
    0xc, 0xff, 0xff, 0xff, 0xff, 0xff, 0xfd, 0x0,
    0x0, 0xef, 0xf0, 0xcf, 0xff, 0xff, 0xff, 0xff,
    0xeb, 0x20, 0x0, 0xe, 0xff, 0x0,

    /* U+042C "Ь" */
    0xcf, 0xf1, 0x0, 0x0, 0x0, 0x0, 0x0, 0xcf,
    0xf1, 0x0, 0x0, 0x0, 0x0, 0x0, 0xcf, 0xf1,
    0x0, 0x0, 0x0, 0x0, 0x0, 0xcf, 0xf1, 0x0,
    0x0, 0x0, 0x0, 0x0, 0xcf, 0xf1, 0x0, 0x0,
    0x0, 0x0, 0x0, 0xcf, 0xfb, 0xaa, 0xaa, 0xaa,
    0xa8, 0x20, 0xcf, 0xff, 0xff, 0xff, 0xff, 0xff,
    0xf4, 0xcf, 0xff, 0xff, 0xff, 0xff, 0xff, 0xfc,
    0xcf, 0xf1, 0x0, 0x0, 0x0, 0x4f, 0xfd, 0xcf,
    0xf1, 0x0, 0x0, 0x0, 0x1f, 0xfd, 0xcf, 0xf1,
    0x0, 0x0, 0x0, 0x1f, 0xfd, 0xcf, 0xf1, 0x0,
    0x0, 0x0, 0x1f, 0xfd, 0xcf, 0xfb, 0xaa, 0xaa,
    0xaa, 0xdf, 0xfc, 0xcf, 0xff, 0xff, 0xff, 0xff,
    0xff, 0xf8, 0xcf, 0xff, 0xff, 0xff, 0xff, 0xfe,
    0x90,

    /* U+042D "Э" */
    0x6, 0xdf, 0xff, 0xff, 0xff, 0xff, 0xe9, 0x3,
    0xff, 0xff, 0xff, 0xff, 0xff, 0xff, 0xf8, 0x7f,
    0xfc, 0xaa, 0xaa, 0xaa, 0xab, 0xff, 0xc8, 0xff,
    0x60, 0x0, 0x0, 0x0, 0x1f, 0xfd, 0x27, 0xa4,
    0x0, 0x0, 0x0, 0x1, 0xff, 0xd0, 0x0, 0x0,
    0x0, 0x0, 0x0, 0x1f, 0xfd, 0x0, 0x0, 0x9,
    0xff, 0xff, 0xff, 0xff, 0xd0, 0x0, 0x0, 0x9f,
    0xff, 0xff, 0xff, 0xfd, 0x0, 0x0, 0x6, 0xaa,
    0xaa, 0xab, 0xff, 0xd0, 0x0, 0x0, 0x0, 0x0,
    0x0, 0x1f, 0xfd, 0x5b, 0xe4, 0x0, 0x0, 0x0,
    0x1, 0xff, 0xd9, 0xff, 0x40, 0x0, 0x0, 0x0,
    0x1f, 0xfd, 0x9f, 0xfc, 0xaa, 0xaa, 0xaa, 0xab,
    0xff, 0xc4, 0xff, 0xff, 0xff, 0xff, 0xff, 0xff,
    0xf8, 0x7, 0xdf, 0xff, 0xff, 0xff, 0xff, 0xe9,
    0x0,

    /* U+042E "Ю" */
    0xcf, 0xf1, 0x0, 0x0, 0x2b, 0xef, 0xff, 0xff,
    0xff, 0xff, 0xea, 0x20, 0xcf, 0xf1, 0x0, 0x0,
    0xdf, 0xff, 0xff, 0xff, 0xff, 0xff, 0xff, 0xd0,
    0xcf, 0xf1, 0x0, 0x0, 0xff, 0xe8, 0x88, 0x88,
    0x88, 0x88, 0xef, 0xf0, 0xcf, 0xf1, 0x0, 0x0,
    0xff, 0xc0, 0x0, 0x0, 0x0, 0x0, 0xdf, 0xf1,
    0xcf, 0xf1, 0x0, 0x0, 0xff, 0xc0, 0x0, 0x0,
    0x0, 0x0, 0xdf, 0xf1, 0xcf, 0xfb, 0xaa, 0xaa,
    0xff, 0xc0, 0x0, 0x0, 0x0, 0x0, 0xdf, 0xf1,
    0xcf, 0xff, 0xff, 0xff, 0xff, 0xc0, 0x0, 0x0,
    0x0, 0x0, 0xdf, 0xf1, 0xcf, 0xff, 0xff, 0xff,
    0xff, 0xc0, 0x0, 0x0, 0x0, 0x0, 0xdf, 0xf1,
    0xcf, 0xf1, 0x0, 0x0, 0xff, 0xc0, 0x0, 0x0,
    0x0, 0x0, 0xdf, 0xf1, 0xcf, 0xf1, 0x0, 0x0,
    0xff, 0xc0, 0x0, 0x0, 0x0, 0x0, 0xdf, 0xf1,
    0xcf, 0xf1, 0x0, 0x0, 0xff, 0xc0, 0x0, 0x0,
    0x0, 0x0, 0xdf, 0xf1, 0xcf, 0xf1, 0x0, 0x0,
    0xff, 0xc0, 0x0, 0x0, 0x0, 0x0, 0xdf, 0xf1,
    0xcf, 0xf1, 0x0, 0x0, 0xff, 0xea, 0xaa, 0xaa,
    0xaa, 0xaa, 0xff, 0xf0, 0xcf, 0xf1, 0x0, 0x0,
    0xbf, 0xff, 0xff, 0xff, 0xff, 0xff, 0xff, 0xc0,
    0xcf, 0xf1, 0x0, 0x0, 0x1a, 0xef, 0xff, 0xff,
    0xff, 0xff, 0xea, 0x20,

    /* U+042F "Я" */
    0x0, 0x5c, 0xff, 0xff, 0xff, 0xff, 0xff, 0xfb,
    0x3, 0xff, 0xff, 0xff, 0xff, 0xff, 0xff, 0xfb,
    0x7, 0xff, 0xfa, 0xaa, 0xaa, 0xaa, 0xbf, 0xfb,
    0x7, 0xff, 0x70, 0x0, 0x0, 0x0, 0x2f, 0xfb,
    0x7, 0xff, 0x70, 0x0, 0x0, 0x0, 0x2f, 0xfb,
    0x7, 0xff, 0x70, 0x0, 0x0, 0x0, 0x2f, 0xfb,
    0x7, 0xff, 0x90, 0x0, 0x0, 0x0, 0x2f, 0xfb,
    0x6, 0xff, 0xff, 0xff, 0xff, 0xff, 0xff, 0xfb,
    0x0, 0xdf, 0xff, 0xff, 0xff, 0xff, 0xff, 0xfb,
    0x0, 0x6, 0x9a, 0xef, 0xff, 0xba, 0xbf, 0xfb,
    0x0, 0x0, 0x6, 0xff, 0xf8, 0x0, 0x2f, 0xfb,
    0x0, 0x0, 0x7f, 0xff, 0x70, 0x0, 0x2f, 0xfb,
    0x0, 0x8, 0xff, 0xf6, 0x0, 0x0, 0x2f, 0xfb,
    0x0, 0x8f, 0xff, 0x50, 0x0, 0x0, 0x2f, 0xfb,
    0x9, 0xff, 0xf5, 0x0, 0x0, 0x0, 0x2f, 0xfb,

    /* U+0430 "а" */
    0x9, 0xef, 0xff, 0xff, 0xff, 0xd5, 0x3f, 0xff,
    0xff, 0xff, 0xff, 0xfe, 0x2b, 0xd8, 0x33, 0x33,
    0x3c, 0xff, 0x0, 0x0, 0x0, 0x0, 0xb, 0xff,
    0x8, 0xdf, 0xff, 0xff, 0xff, 0xff, 0x5f, 0xff,
    0xff, 0xff, 0xff, 0xff, 0x6f, 0xf7, 0x33, 0x33,
    0x3c, 0xff, 0x7f, 0xf4, 0x0, 0x0, 0xb, 0xff,
    0x6f, 0xf7, 0x33, 0x33, 0x3c, 0xff, 0x5f, 0xff,
    0xff, 0xff, 0xfe, 0xff, 0xa, 0xff, 0xff, 0xfd,
    0x6b, 0xff,

    /* U+0431 "б" */
    0x0, 0x0, 0x0, 0x0, 0x4, 0xff, 0x20, 0x8,
    0xdf, 0xff, 0xff, 0xff, 0xf0, 0xb, 0xff, 0xff,
    0xff, 0xff, 0xf7, 0x3, 0xff, 0xd8, 0x75, 0x43,
    0x10, 0x0, 0x5f, 0xf1, 0x0, 0x0, 0x0, 0x0,
    0x5, 0xff, 0x8e, 0xff, 0xff, 0xff, 0xb1, 0x5f,
    0xff, 0xff, 0xff, 0xff, 0xff, 0x75, 0xff, 0xa7,
    0x77, 0x77, 0x8f, 0xf9, 0x5f, 0xf6, 0x0, 0x0,
    0x2, 0xff, 0x95, 0xff, 0x60, 0x0, 0x0, 0x2f,
    0xf9, 0x5f, 0xf6, 0x0, 0x0, 0x2, 0xff, 0x95,
    0xff, 0x60, 0x0, 0x0, 0x2f, 0xf9, 0x5f, 0xf6,
    0x0, 0x0, 0x2, 0xff, 0x95, 0xff, 0xa7, 0x77,
    0x77, 0x8f, 0xf9, 0x3f, 0xff, 0xff, 0xff, 0xff,
    0xff, 0x70, 0x9e, 0xff, 0xff, 0xff, 0xff, 0xb1,

    /* U+0432 "в" */
    0x2f, 0xff, 0xff, 0xff, 0xff, 0xe9, 0x2, 0xff,
    0xff, 0xff, 0xff, 0xff, 0xf8, 0x2f, 0xfa, 0x33,
    0x33, 0x35, 0xff, 0xb2, 0xff, 0x80, 0x0, 0x0,
    0x1f, 0xf9, 0x2f, 0xff, 0xff, 0xff, 0xff, 0xfd,
    0x22, 0xff, 0xff, 0xff, 0xff, 0xff, 0xd2, 0x2f,
    0xf9, 0x22, 0x22, 0x23, 0xff, 0xa2, 0xff, 0x80,
    0x0, 0x0, 0xd, 0xfd, 0x2f, 0xfa, 0x33, 0x33,
    0x34, 0xff, 0xd2, 0xff, 0xff, 0xff, 0xff, 0xff,
    0xf9, 0x2f, 0xff, 0xff, 0xff, 0xff, 0xe9, 0x0,

    /* U+0433 "г" */
    0x2f, 0xff, 0xff, 0xff, 0xff, 0x82, 0xff, 0xff,
    0xff, 0xff, 0xf8, 0x2f, 0xfb, 0x77, 0x77, 0x77,
    0x32, 0xff, 0x80, 0x0, 0x0, 0x0, 0x2f, 0xf8,
    0x0, 0x0, 0x0, 0x2, 0xff, 0x80, 0x0, 0x0,
    0x0, 0x2f, 0xf8, 0x0, 0x0, 0x0, 0x2, 0xff,
    0x80, 0x0, 0x0, 0x0, 0x2f, 0xf8, 0x0, 0x0,
    0x0, 0x2, 0xff, 0x80, 0x0, 0x0, 0x0, 0x2f,
    0xf8, 0x0, 0x0, 0x0, 0x0,

    /* U+0434 "д" */
    0x0, 0x0, 0xc, 0xff, 0xfa, 0x0, 0x0, 0x0,
    0x0, 0x2, 0xff, 0xff, 0xf1, 0x0, 0x0, 0x0,
    0x0, 0x9f, 0xfb, 0xff, 0x70, 0x0, 0x0, 0x0,
    0xf, 0xfd, 0x1f, 0xfe, 0x0, 0x0, 0x0, 0x7,
    0xff, 0x70, 0xaf, 0xf5, 0x0, 0x0, 0x0, 0xdf,
    0xf1, 0x4, 0xff, 0xb0, 0x0, 0x0, 0x4f, 0xfa,
    0x0, 0xd, 0xff, 0x20, 0x0, 0xb, 0xff, 0x30,
    0x0, 0x7f, 0xf9, 0x0, 0x57, 0xff, 0xf7, 0x77,
    0x78, 0xff, 0xf7, 0x4b, 0xff, 0xff, 0xff, 0xff,
    0xff, 0xff, 0xf9, 0xbf, 0xff, 0xff, 0xff, 0xff,
    0xff, 0xff, 0x9b, 0xfd, 0x0, 0x0, 0x0, 0x0,
    0xf, 0xf9, 0xbf, 0xc0, 0x0, 0x0, 0x0, 0x0,
    0xef, 0x99, 0xda, 0x0, 0x0, 0x0, 0x0, 0xb,
    0xd8,

    /* U+0435 "е" */
    0x6, 0xef, 0xff, 0xff, 0xff, 0xe8, 0x2, 0xff,
    0xff, 0xff, 0xff, 0xff, 0xf5, 0x5f, 0xf8, 0x33,
    0x33, 0x36, 0xff, 0x75, 0xff, 0x60, 0x0, 0x0,
    0x4f, 0xf7, 0x5f, 0xff, 0xff, 0xff, 0xff, 0xff,
    0x75, 0xff, 0xff, 0xff, 0xff, 0xff, 0xf7, 0x5f,
    0xf8, 0x33, 0x33, 0x33, 0x33, 0x15, 0xff, 0x60,
    0x0, 0x0, 0x26, 0x30, 0x4f, 0xf8, 0x33, 0x33,
    0x36, 0xff, 0x71, 0xff, 0xff, 0xff, 0xff, 0xff,
    0xf3, 0x5, 0xdf, 0xff, 0xff, 0xff, 0xd6, 0x0,

    /* U+0436 "ж" */
    0x8, 0xff, 0x90, 0x0, 0xaf, 0xf1, 0x0, 0x2f,
    0xfe, 0x20, 0x0, 0x9f, 0xf8, 0x0, 0xaf, 0xf1,
    0x2, 0xef, 0xf2, 0x0, 0x0, 0xb, 0xff, 0x60,
    0xaf, 0xf1, 0x1d, 0xff, 0x30, 0x0, 0x0, 0x0,
    0xcf, 0xf5, 0xaf, 0xf2, 0xcf, 0xf4, 0x0, 0x0,
    0x0, 0x0, 0xc, 0xff, 0xdf, 0xfc, 0xff, 0x50,
    0x0, 0x0, 0x0, 0x0, 0xc, 0xff, 0xff, 0xff,
    0xff, 0x50, 0x0, 0x0, 0x0, 0x0, 0xbf, 0xfe,
    0xcf, 0xfa, 0xff, 0xf4, 0x0, 0x0, 0x0, 0xa,
    0xff, 0xf3, 0xaf, 0xf1, 0xaf, 0xff, 0x30, 0x0,
    0x0, 0x9f, 0xff, 0x40, 0xaf, 0xf1, 0xb, 0xff,
    0xe2, 0x0, 0x8, 0xff, 0xf5, 0x0, 0xaf, 0xf1,
    0x0, 0xcf, 0xfe, 0x20, 0x7f, 0xff, 0x60, 0x0,
    0xaf, 0xf1, 0x0, 0x1d, 0xff, 0xe1,

    /* U+0437 "з" */
    0x1a, 0xef, 0xff, 0xff, 0xff, 0xb2, 0x9, 0xff,
    0xff, 0xff, 0xff, 0xff, 0xd0, 0xbf, 0xf7, 0x77,
    0x77, 0x7e, 0xff, 0x2, 0x47, 0x0, 0x0, 0x0,
    0xcf, 0xf0, 0x0, 0x0, 0x9f, 0xff, 0xff, 0xf7,
    0x0, 0x0, 0x9, 0xff, 0xff, 0xfe, 0x50, 0x0,
    0x0, 0x23, 0x33, 0x3c, 0xff, 0x3, 0x7a, 0x0,
    0x0, 0x0, 0x8f, 0xf3, 0xbf, 0xf7, 0x77, 0x77,
    0x7d, 0xff, 0x29, 0xff, 0xff, 0xff, 0xff, 0xff,
    0xe0, 0x1b, 0xff, 0xff, 0xff, 0xff, 0xb2, 0x0,

    /* U+0438 "и" */
    0x2f, 0xf8, 0x0, 0x0, 0x2, 0xef, 0x92, 0xff,
    0x80, 0x0, 0x2, 0xef, 0xf9, 0x2f, 0xf8, 0x0,
    0x2, 0xef, 0xff, 0x92, 0xff, 0x80, 0x2, 0xef,
    0xff, 0xf9, 0x2f, 0xf8, 0x1, 0xdf, 0xf8, 0xff,
    0x92, 0xff, 0x81, 0xdf, 0xf6, 0x2f, 0xf9, 0x2f,
    0xfa, 0xdf, 0xf6, 0x2, 0xff, 0x92, 0xff, 0xff,
    0xf6, 0x0, 0x2f, 0xf9, 0x2f, 0xff, 0xf7, 0x0,
    0x2, 0xff, 0x92, 0xff, 0xf7, 0x0, 0x0, 0x2f,
    0xf9, 0x2f, 0xf7, 0x0, 0x0, 0x2, 0xff, 0x90,

    /* U+0439 "й" */
    0x0, 0x7, 0xf4, 0x0, 0xed, 0x0, 0x0, 0x0,
    0x4f, 0xeb, 0xcf, 0xb0, 0x0, 0x0, 0x0, 0x9e,
    0xff, 0xc2, 0x0, 0x0, 0x0, 0x0, 0x0, 0x0,
    0x0, 0x0, 0x2f, 0xf8, 0x0, 0x0, 0x2, 0xef,
    0x92, 0xff, 0x80, 0x0, 0x2, 0xef, 0xf9, 0x2f,
    0xf8, 0x0, 0x2, 0xef, 0xff, 0x92, 0xff, 0x80,
    0x2, 0xef, 0xff, 0xf9, 0x2f, 0xf8, 0x1, 0xdf,
    0xf8, 0xff, 0x92, 0xff, 0x81, 0xdf, 0xf6, 0x2f,
    0xf9, 0x2f, 0xfa, 0xdf, 0xf6, 0x2, 0xff, 0x92,
    0xff, 0xff, 0xf6, 0x0, 0x2f, 0xf9, 0x2f, 0xff,
    0xf7, 0x0, 0x2, 0xff, 0x92, 0xff, 0xf7, 0x0,
    0x0, 0x2f, 0xf9, 0x2f, 0xf7, 0x0, 0x0, 0x2,
    0xff, 0x90,

    /* U+043A "к" */
    0xf, 0xfb, 0x0, 0x0, 0x5f, 0xff, 0x40, 0x0,
    0xff, 0xb0, 0x0, 0x7f, 0xfe, 0x20, 0x0, 0xf,
    0xfb, 0x0, 0x8f, 0xfd, 0x10, 0x0, 0x0, 0xff,
    0xb0, 0xaf, 0xfb, 0x0, 0x0, 0x0, 0xf, 0xfb,
    0xbf, 0xfa, 0x0, 0x0, 0x0, 0x0, 0xff, 0xff,
    0xff, 0x80, 0x0, 0x0, 0x0, 0xf, 0xfb, 0x7f,
    0xff, 0xa0, 0x0, 0x0, 0x0, 0xff, 0xb0, 0x4f,
    0xff, 0xc1, 0x0, 0x0, 0xf, 0xfb, 0x0, 0x2e,
    0xff, 0xe3, 0x0, 0x0, 0xff, 0xb0, 0x0, 0x1c,
    0xff, 0xf5, 0x0, 0xf, 0xfb, 0x0, 0x0, 0xa,
    0xff, 0xf7, 0x0,

    /* U+043B "л" */
    0x0, 0x0, 0x8f, 0xff, 0xa0, 0x0, 0x0, 0x0,
    0x0, 0xef, 0xff, 0xf1, 0x0, 0x0, 0x0, 0x5,
    0xff, 0xef, 0xf8, 0x0, 0x0, 0x0, 0xc, 0xff,
    0x2f, 0xfe, 0x0, 0x0, 0x0, 0x3f, 0xfa, 0xa,
    0xff, 0x50, 0x0, 0x0, 0xaf, 0xf4, 0x3, 0xff,
    0xc0, 0x0, 0x1, 0xff, 0xd0, 0x0, 0xdf, 0xf3,
    0x0, 0x7, 0xff, 0x70, 0x0, 0x7f, 0xf9, 0x0,
    0xd, 0xff, 0x10, 0x0, 0x1f, 0xff, 0x10, 0x4f,
    0xfa, 0x0, 0x0, 0xa, 0xff, 0x70, 0xbf, 0xf3,
    0x0, 0x0, 0x3, 0xff, 0xd0,

    /* U+043C "м" */
    0x2f, 0xfb, 0x0, 0x0, 0x0, 0xb, 0xff, 0x22,
    0xff, 0xf8, 0x0, 0x0, 0x8, 0xff, 0xf2, 0x2f,
    0xff, 0xf5, 0x0, 0x5, 0xff, 0xff, 0x22, 0xff,
    0xff, 0xf3, 0x3, 0xff, 0xff, 0xf2, 0x2f, 0xfb,
    0xff, 0xe2, 0xef, 0xfb, 0xff, 0x22, 0xff, 0x59,
    0xff, 0xff, 0xf4, 0x9f, 0xf2, 0x2f, 0xf5, 0xb,
    0xff, 0xf7, 0x9, 0xff, 0x22, 0xff, 0x50, 0x1e,
    0xfa, 0x0, 0x9f, 0xf2, 0x2f, 0xf5, 0x0, 0x2c,
    0x0, 0x9, 0xff, 0x22, 0xff, 0x50, 0x0, 0x0,
    0x0, 0x9f, 0xf2, 0x2f, 0xf5, 0x0, 0x0, 0x0,
    0x9, 0xff, 0x20,

    /* U+043D "н" */
    0x2f, 0xf8, 0x0, 0x0, 0x8, 0xff, 0x22, 0xff,
    0x80, 0x0, 0x0, 0x8f, 0xf2, 0x2f, 0xf8, 0x0,
    0x0, 0x8, 0xff, 0x22, 0xff, 0x80, 0x0, 0x0,
    0x8f, 0xf2, 0x2f, 0xff, 0xff, 0xff, 0xff, 0xff,
    0x22, 0xff, 0xff, 0xff, 0xff, 0xff, 0xf2, 0x2f,
    0xfb, 0x55, 0x55, 0x5b, 0xff, 0x22, 0xff, 0x80,
    0x0, 0x0, 0x8f, 0xf2, 0x2f, 0xf8, 0x0, 0x0,
    0x8, 0xff, 0x22, 0xff, 0x80, 0x0, 0x0, 0x8f,
    0xf2, 0x2f, 0xf8, 0x0, 0x0, 0x8, 0xff, 0x20,

    /* U+043E "о" */
    0x8, 0xef, 0xff, 0xff, 0xff, 0xfc, 0x23, 0xff,
    0xff, 0xff, 0xff, 0xff, 0xf9, 0x5f, 0xfa, 0x77,
    0x77, 0x77, 0xff, 0xb5, 0xff, 0x60, 0x0, 0x0,
    0xf, 0xfb, 0x5f, 0xf6, 0x0, 0x0, 0x0, 0xff,
    0xb5, 0xff, 0x60, 0x0, 0x0, 0xf, 0xfb, 0x5f,
    0xf6, 0x0, 0x0, 0x0, 0xff, 0xb5, 0xff, 0x60,
    0x0, 0x0, 0xf, 0xfb, 0x5f, 0xfa, 0x77, 0x77,
    0x77, 0xff, 0xa3, 0xff, 0xff, 0xff, 0xff, 0xff,
    0xf9, 0x8, 0xef, 0xff, 0xff, 0xff, 0xfb, 0x10,

    /* U+043F "п" */
    0x2f, 0xff, 0xff, 0xff, 0xff, 0xff, 0x2f, 0xff,
    0xff, 0xff, 0xff, 0xff, 0x2f, 0xfb, 0x77, 0x77,
    0x7e, 0xff, 0x2f, 0xf8, 0x0, 0x0, 0xc, 0xff,
    0x2f, 0xf8, 0x0, 0x0, 0xc, 0xff, 0x2f, 0xf8,
    0x0, 0x0, 0xc, 0xff, 0x2f, 0xf8, 0x0, 0x0,
    0xc, 0xff, 0x2f, 0xf8, 0x0, 0x0, 0xc, 0xff,
    0x2f, 0xf8, 0x0, 0x0, 0xc, 0xff, 0x2f, 0xf8,
    0x0, 0x0, 0xc, 0xff, 0x2f, 0xf8, 0x0, 0x0,
    0xc, 0xff,

    /* U+0440 "р" */
    0xf, 0xfc, 0xaf, 0xff, 0xff, 0xfc, 0x30, 0xff,
    0xff, 0xff, 0xff, 0xff, 0xfc, 0xf, 0xfc, 0x55,
    0x55, 0x55, 0xef, 0xd0, 0xff, 0xb0, 0x0, 0x0,
    0xd, 0xfe, 0xf, 0xfb, 0x0, 0x0, 0x0, 0xdf,
    0xe0, 0xff, 0xb0, 0x0, 0x0, 0xd, 0xfe, 0xf,
    0xfb, 0x0, 0x0, 0x0, 0xdf, 0xe0, 0xff, 0xb0,
    0x0, 0x0, 0xd, 0xfe, 0xf, 0xfd, 0x77, 0x77,
    0x77, 0xef, 0xe0, 0xff, 0xff, 0xff, 0xff, 0xff,
    0xfc, 0xf, 0xfb, 0x9e, 0xff, 0xff, 0xfc, 0x30,
    0xff, 0xb0, 0x0, 0x0, 0x0, 0x0, 0xf, 0xfb,
    0x0, 0x0, 0x0, 0x0, 0x0, 0xff, 0xb0, 0x0,
    0x0, 0x0, 0x0, 0xf, 0xfb, 0x0, 0x0, 0x0,
    0x0, 0x0, 0xff, 0xb0, 0x0, 0x0, 0x0, 0x0,

    /* U+0441 "с" */
    0x9, 0xef, 0xff, 0xff, 0xff, 0xea, 0x3, 0xff,
    0xff, 0xff, 0xff, 0xff, 0xf5, 0x5f, 0xfa, 0x77,
    0x77, 0x79, 0xff, 0x75, 0xff, 0x60, 0x0, 0x0,
    0x3b, 0x82, 0x5f, 0xf6, 0x0, 0x0, 0x0, 0x0,
    0x5, 0xff, 0x60, 0x0, 0x0, 0x0, 0x0, 0x5f,
    0xf6, 0x0, 0x0, 0x0, 0x0, 0x5, 0xff, 0x60,
    0x0, 0x0, 0x3d, 0xa3, 0x5f, 0xfa, 0x77, 0x77,
    0x79, 0xff, 0x73, 0xff, 0xff, 0xff, 0xff, 0xff,
    0xf6, 0x8, 0xef, 0xff, 0xff, 0xff, 0xfa, 0x0,

    /* U+0442 "т" */
    0x7f, 0xff, 0xff, 0xff, 0xff, 0xfe, 0x7f, 0xff,
    0xff, 0xff, 0xff, 0xfe, 0x37, 0x77, 0x8f, 0xfc,
    0x77, 0x76, 0x0, 0x0, 0x2f, 0xf9, 0x0, 0x0,
    0x0, 0x0, 0x2f, 0xf9, 0x0, 0x0, 0x0, 0x0,
    0x2f, 0xf9, 0x0, 0x0, 0x0, 0x0, 0x2f, 0xf9,
    0x0, 0x0, 0x0, 0x0, 0x2f, 0xf9, 0x0, 0x0,
    0x0, 0x0, 0x2f, 0xf9, 0x0, 0x0, 0x0, 0x0,
    0x2f, 0xf9, 0x0, 0x0, 0x0, 0x0, 0x2f, 0xf9,
    0x0, 0x0,

    /* U+0443 "у" */
    0xbf, 0xf8, 0x0, 0x0, 0x2, 0xff, 0xa3, 0xff,
    0xe0, 0x0, 0x0, 0x9f, 0xf2, 0xb, 0xff, 0x60,
    0x0, 0x1f, 0xfb, 0x0, 0x3f, 0xfe, 0x0, 0x8,
    0xff, 0x30, 0x0, 0xbf, 0xf5, 0x0, 0xef, 0xc0,
    0x0, 0x3, 0xff, 0xd0, 0x7f, 0xf4, 0x0, 0x0,
    0xc, 0xff, 0x5e, 0xfd, 0x0, 0x0, 0x0, 0x4f,
    0xff, 0xff, 0x50, 0x0, 0x0, 0x0, 0xcf, 0xff,
    0xd0, 0x0, 0x0, 0x0, 0x4, 0xff, 0xf6, 0x0,
    0x0, 0x0, 0x0, 0xe, 0xfe, 0x0, 0x0, 0x0,
    0x0, 0x3, 0xff, 0x70, 0x0, 0x0, 0x0, 0x0,
    0xaf, 0xf0, 0x0, 0x0, 0x4, 0x77, 0x7f, 0xf8,
    0x0, 0x0, 0x0, 0x7f, 0xff, 0xff, 0x10, 0x0,
    0x0, 0x4, 0xff, 0xfd, 0x40, 0x0, 0x0, 0x0,

    /* U+0444 "ф" */
    0x0, 0x0, 0x0, 0x0, 0x7f, 0xf4, 0x0, 0x0,
    0x0, 0x0, 0x0, 0x0, 0x0, 0x0, 0x7f, 0xf4,
    0x0, 0x0, 0x0, 0x0, 0x0, 0x0, 0x0, 0x0,
    0x7f, 0xf4, 0x0, 0x0, 0x0, 0x0, 0x0, 0x0,
    0x0, 0x0, 0x7f, 0xf4, 0x0, 0x0, 0x0, 0x0,
    0x8, 0xef, 0xff, 0xff, 0xff, 0xf8, 0xdf, 0xff,
    0xfd, 0x50, 0x3f, 0xff, 0xff, 0xff, 0xff, 0xff,
    0xff, 0xff, 0xff, 0xf0, 0x5f, 0xfa, 0x77, 0x77,
    0xbf, 0xf9, 0x77, 0x77, 0xcf, 0xf1, 0x5f, 0xf6,
    0x0, 0x0, 0x7f, 0xf4, 0x0, 0x0, 0xaf, 0xf1,
    0x5f, 0xf6, 0x0, 0x0, 0x7f, 0xf4, 0x0, 0x0,
    0xaf, 0xf1, 0x5f, 0xf6, 0x0, 0x0, 0x7f, 0xf4,
    0x0, 0x0, 0xaf, 0xf1, 0x5f, 0xf6, 0x0, 0x0,
    0x7f, 0xf4, 0x0, 0x0, 0xaf, 0xf1, 0x5f, 0xf6,
    0x0, 0x0, 0x7f, 0xf4, 0x0, 0x0, 0xaf, 0xf1,
    0x5f, 0xfa, 0x77, 0x77, 0xbf, 0xf9, 0x77, 0x77,
    0xcf, 0xf1, 0x3f, 0xff, 0xff, 0xff, 0xff, 0xff,
    0xff, 0xff, 0xff, 0xf0, 0x8, 0xef, 0xff, 0xfb,
    0x9f, 0xff, 0xff, 0xff, 0xfd, 0x50, 0x0, 0x0,
    0x0, 0x0, 0x7f, 0xf4, 0x0, 0x0, 0x0, 0x0,
    0x0, 0x0, 0x0, 0x0, 0x7f, 0xf4, 0x0, 0x0,
    0x0, 0x0, 0x0, 0x0, 0x0, 0x0, 0x7f, 0xf4,
    0x0, 0x0, 0x0, 0x0, 0x0, 0x0, 0x0, 0x0,
    0x7f, 0xf4, 0x0, 0x0, 0x0, 0x0, 0x0, 0x0,
    0x0, 0x0, 0x7f, 0xf4, 0x0, 0x0, 0x0, 0x0,

    /* U+0445 "х" */
    0x7f, 0xff, 0x20, 0x0, 0xc, 0xff, 0x50, 0xaf,
    0xfd, 0x0, 0x9, 0xff, 0x70, 0x0, 0xdf, 0xf9,
    0x6, 0xff, 0xa0, 0x0, 0x2, 0xef, 0xf9, 0xff,
    0xc0, 0x0, 0x0, 0x4, 0xff, 0xff, 0xd1, 0x0,
    0x0, 0x0, 0x8, 0xff, 0xf5, 0x0, 0x0, 0x0,
    0x2, 0xff, 0xff, 0xe1, 0x0, 0x0, 0x1, 0xdf,
    0xfb, 0xff, 0xd0, 0x0, 0x0, 0xcf, 0xf5, 0xd,
    0xff, 0xb0, 0x0, 0xaf, 0xf8, 0x0, 0x2e, 0xff,
    0x80, 0x8f, 0xfa, 0x0, 0x0, 0x4f, 0xff, 0x50,

    /* U+0446 "ц" */
    0x2f, 0xf8, 0x0, 0x0, 0xc, 0xff, 0x0, 0x2,
    0xff, 0x80, 0x0, 0x0, 0xcf, 0xf0, 0x0, 0x2f,
    0xf8, 0x0, 0x0, 0xc, 0xff, 0x0, 0x2, 0xff,
    0x80, 0x0, 0x0, 0xcf, 0xf0, 0x0, 0x2f, 0xf8,
    0x0, 0x0, 0xc, 0xff, 0x0, 0x2, 0xff, 0x80,
    0x0, 0x0, 0xcf, 0xf0, 0x0, 0x2f, 0xf8, 0x0,
    0x0, 0xc, 0xff, 0x0, 0x2, 0xff, 0x80, 0x0,
    0x0, 0xcf, 0xf0, 0x0, 0x2f, 0xfb, 0x77, 0x77,
    0x7e, 0xff, 0x77, 0x22, 0xff, 0xff, 0xff, 0xff,
    0xff, 0xff, 0xf6, 0x2f, 0xff, 0xff, 0xff, 0xff,
    0xff, 0xff, 0x60, 0x0, 0x0, 0x0, 0x0, 0x0,
    0x2f, 0xf6, 0x0, 0x0, 0x0, 0x0, 0x0, 0x2,
    0xff, 0x60, 0x0, 0x0, 0x0, 0x0, 0x0, 0x1d,
    0xd5,

    /* U+0447 "ч" */
    0x3f, 0xf7, 0x0, 0x0, 0xb, 0xff, 0x3f, 0xf7,
    0x0, 0x0, 0xb, 0xff, 0x3f, 0xf7, 0x0, 0x0,
    0xb, 0xff, 0x3f, 0xf7, 0x0, 0x0, 0xb, 0xff,
    0x3f, 0xf7, 0x0, 0x0, 0xb, 0xff, 0x1f, 0xff,
    0xff, 0xff, 0xff, 0xff, 0x8, 0xff, 0xff, 0xff,
    0xff, 0xff, 0x0, 0x26, 0x77, 0x77, 0x7d, 0xff,
    0x0, 0x0, 0x0, 0x0, 0xb, 0xff, 0x0, 0x0,
    0x0, 0x0, 0xb, 0xff, 0x0, 0x0, 0x0, 0x0,
    0xb, 0xff,

    /* U+0448 "ш" */
    0x2f, 0xf8, 0x0, 0x0, 0x5f, 0xf6, 0x0, 0x0,
    0x7f, 0xf3, 0x2f, 0xf8, 0x0, 0x0, 0x5f, 0xf6,
    0x0, 0x0, 0x7f, 0xf3, 0x2f, 0xf8, 0x0, 0x0,
    0x5f, 0xf6, 0x0, 0x0, 0x7f, 0xf3, 0x2f, 0xf8,
    0x0, 0x0, 0x5f, 0xf6, 0x0, 0x0, 0x7f, 0xf3,
    0x2f, 0xf8, 0x0, 0x0, 0x5f, 0xf6, 0x0, 0x0,
    0x7f, 0xf3, 0x2f, 0xf8, 0x0, 0x0, 0x5f, 0xf6,
    0x0, 0x0, 0x7f, 0xf3, 0x2f, 0xf8, 0x0, 0x0,
    0x5f, 0xf6, 0x0, 0x0, 0x7f, 0xf3, 0x2f, 0xf8,
    0x0, 0x0, 0x5f, 0xf6, 0x0, 0x0, 0x7f, 0xf3,
    0x2f, 0xfb, 0x77, 0x77, 0x9f, 0xfa, 0x77, 0x77,
    0xbf, 0xf3, 0x2f, 0xff, 0xff, 0xff, 0xff, 0xff,
    0xff, 0xff, 0xff, 0xf3, 0x2f, 0xff, 0xff, 0xff,
    0xff, 0xff, 0xff, 0xff, 0xff, 0xf3,

    /* U+0449 "щ" */
    0x2f, 0xf8, 0x0, 0x0, 0x5f, 0xf6, 0x0, 0x0,
    0x7f, 0xf3, 0x0, 0x2f, 0xf8, 0x0, 0x0, 0x5f,
    0xf6, 0x0, 0x0, 0x7f, 0xf3, 0x0, 0x2f, 0xf8,
    0x0, 0x0, 0x5f, 0xf6, 0x0, 0x0, 0x7f, 0xf3,
    0x0, 0x2f, 0xf8, 0x0, 0x0, 0x5f, 0xf6, 0x0,
    0x0, 0x7f, 0xf3, 0x0, 0x2f, 0xf8, 0x0, 0x0,
    0x5f, 0xf6, 0x0, 0x0, 0x7f, 0xf3, 0x0, 0x2f,
    0xf8, 0x0, 0x0, 0x5f, 0xf6, 0x0, 0x0, 0x7f,
    0xf3, 0x0, 0x2f, 0xf8, 0x0, 0x0, 0x5f, 0xf6,
    0x0, 0x0, 0x7f, 0xf3, 0x0, 0x2f, 0xf8, 0x0,
    0x0, 0x5f, 0xf6, 0x0, 0x0, 0x7f, 0xf3, 0x0,
    0x2f, 0xfb, 0x77, 0x77, 0x9f, 0xfa, 0x77, 0x77,
    0xbf, 0xf9, 0x74, 0x2f, 0xff, 0xff, 0xff, 0xff,
    0xff, 0xff, 0xff, 0xff, 0xff, 0xfb, 0x2f, 0xff,
    0xff, 0xff, 0xff, 0xff, 0xff, 0xff, 0xff, 0xff,
    0xfb, 0x0, 0x0, 0x0, 0x0, 0x0, 0x0, 0x0,
    0x0, 0x0, 0xe, 0xfb, 0x0, 0x0, 0x0, 0x0,
    0x0, 0x0, 0x0, 0x0, 0x0, 0xd, 0xfb, 0x0,
    0x0, 0x0, 0x0, 0x0, 0x0, 0x0, 0x0, 0x0,
    0xa, 0xd9,

    /* U+044A "ъ" */
    0xff, 0xff, 0xff, 0x30, 0x0, 0x0, 0x0, 0x0,
    0xff, 0xff, 0xff, 0x30, 0x0, 0x0, 0x0, 0x0,
    0x67, 0x7b, 0xff, 0x30, 0x0, 0x0, 0x0, 0x0,
    0x0, 0x8, 0xff, 0x8d, 0xff, 0xff, 0xfe, 0x80,
    0x0, 0x8, 0xff, 0xff, 0xff, 0xff, 0xff, 0xf2,
    0x0, 0x8, 0xff, 0x75, 0x55, 0x55, 0xaf, 0xf3,
    0x0, 0x8, 0xff, 0x30, 0x0, 0x0, 0x8f, 0xf3,
    0x0, 0x8, 0xff, 0x30, 0x0, 0x0, 0x8f, 0xf3,
    0x0, 0x8, 0xff, 0x75, 0x55, 0x55, 0xaf, 0xf3,
    0x0, 0x8, 0xff, 0xff, 0xff, 0xff, 0xff, 0xf2,
    0x0, 0x8, 0xff, 0xff, 0xff, 0xff, 0xfe, 0x80,

    /* U+044B "ы" */
    0x2f, 0xf8, 0x0, 0x0, 0x0, 0x0, 0x0, 0x0,
    0x7f, 0xf4, 0x2f, 0xf8, 0x0, 0x0, 0x0, 0x0,
    0x0, 0x0, 0x7f, 0xf4, 0x2f, 0xf8, 0x0, 0x0,
    0x0, 0x0, 0x0, 0x0, 0x7f, 0xf4, 0x2f, 0xfa,
    0xbf, 0xff, 0xff, 0xfc, 0x30, 0x0, 0x7f, 0xf4,
    0x2f, 0xff, 0xff, 0xff, 0xff, 0xff, 0xc0, 0x0,
    0x7f, 0xf4, 0x2f, 0xfb, 0x55, 0x55, 0x55, 0xff,
    0xd0, 0x0, 0x7f, 0xf4, 0x2f, 0xf8, 0x0, 0x0,
    0x0, 0xef, 0xd0, 0x0, 0x7f, 0xf4, 0x2f, 0xf8,
    0x0, 0x0, 0x0, 0xef, 0xd0, 0x0, 0x7f, 0xf4,
    0x2f, 0xfb, 0x55, 0x55, 0x55, 0xff, 0xd0, 0x0,
    0x7f, 0xf4, 0x2f, 0xff, 0xff, 0xff, 0xff, 0xff,
    0xc0, 0x0, 0x7f, 0xf4, 0x2f, 0xff, 0xff, 0xff,
    0xff, 0xfd, 0x30, 0x0, 0x7f, 0xf4,

    /* U+044C "ь" */
    0x2f, 0xf8, 0x0, 0x0, 0x0, 0x0, 0x2, 0xff,
    0x80, 0x0, 0x0, 0x0, 0x0, 0x2f, 0xf8, 0x0,
    0x0, 0x0, 0x0, 0x2, 0xff, 0xab, 0xff, 0xff,
    0xff, 0xc3, 0x2f, 0xff, 0xff, 0xff, 0xff, 0xff,
    0xc2, 0xff, 0xb5, 0x55, 0x55, 0x5f, 0xfd, 0x2f,
    0xf8, 0x0, 0x0, 0x0, 0xef, 0xd2, 0xff, 0x80,
    0x0, 0x0, 0xe, 0xfd, 0x2f, 0xfb, 0x55, 0x55,
    0x55, 0xff, 0xd2, 0xff, 0xff, 0xff, 0xff, 0xff,
    0xfc, 0x2f, 0xff, 0xff, 0xff, 0xff, 0xfd, 0x30,

    /* U+044D "э" */
    0x8, 0xef, 0xff, 0xff, 0xff, 0xfa, 0x3, 0xff,
    0xff, 0xff, 0xff, 0xff, 0xf6, 0x4f, 0xfa, 0x77,
    0x77, 0x79, 0xff, 0x71, 0x58, 0x40, 0x0, 0x0,
    0x3f, 0xf7, 0x0, 0x0, 0x2f, 0xff, 0xff, 0xff,
    0x70, 0x0, 0x2, 0xff, 0xff, 0xff, 0xf7, 0x0,
    0x0, 0x3, 0x33, 0x36, 0xff, 0x73, 0xbe, 0x60,
    0x0, 0x0, 0x3f, 0xf7, 0x5f, 0xfa, 0x77, 0x77,
    0x79, 0xff, 0x73, 0xff, 0xff, 0xff, 0xff, 0xff,
    0xf6, 0x8, 0xef, 0xff, 0xff, 0xff, 0xfa, 0x0,

    /* U+044E "ю" */
    0x2f, 0xf8, 0x0, 0x5, 0xdf, 0xff, 0xff, 0xff,
    0xfb, 0x22, 0xff, 0x80, 0x0, 0xef, 0xff, 0xff,
    0xff, 0xff, 0xf9, 0x2f, 0xf8, 0x0, 0xf, 0xfc,
    0x55, 0x55, 0x55, 0xff, 0xb2, 0xff, 0x80, 0x0,
    0xff, 0xa0, 0x0, 0x0, 0xf, 0xfb, 0x2f, 0xff,
    0xff, 0xff, 0xfa, 0x0, 0x0, 0x0, 0xff, 0xb2,
    0xff, 0xff, 0xff, 0xff, 0xa0, 0x0, 0x0, 0xf,
    0xfb, 0x2f, 0xfb, 0x55, 0x5f, 0xfa, 0x0, 0x0,
    0x0, 0xff, 0xb2, 0xff, 0x80, 0x0, 0xff, 0xa0,
    0x0, 0x0, 0xf, 0xfb, 0x2f, 0xf8, 0x0, 0xf,
    0xfc, 0x77, 0x77, 0x77, 0xff, 0xa2, 0xff, 0x80,
    0x0, 0xdf, 0xff, 0xff, 0xff, 0xff, 0xf9, 0x2f,
    0xf8, 0x0, 0x4, 0xdf, 0xff, 0xff, 0xff, 0xfb,
    0x10,

    /* U+044F "я" */
    0x4, 0xcf, 0xff, 0xff, 0xff, 0xff, 0x51, 0xff,
    0xff, 0xff, 0xff, 0xff, 0xf5, 0x4f, 0xfa, 0x33,
    0x33, 0x38, 0xff, 0x55, 0xff, 0x60, 0x0, 0x0,
    0x6f, 0xf5, 0x5f, 0xf8, 0x0, 0x0, 0x6, 0xff,
    0x52, 0xff, 0xff, 0xff, 0xff, 0xff, 0xf5, 0x7,
    0xff, 0xff, 0xff, 0xff, 0xff, 0x50, 0x0, 0x4f,
    0xff, 0xb3, 0x8f, 0xf5, 0x0, 0x3e, 0xff, 0x90,
    0x6, 0xff, 0x50, 0x4f, 0xff, 0x60, 0x0, 0x6f,
    0xf5, 0x6f, 0xff, 0x40, 0x0, 0x6, 0xff, 0x50,

    /* U+0451 "ё" */
    0x0, 0xe, 0xf9, 0x7, 0xff, 0x0, 0x0, 0x0,
    0xff, 0xa0, 0x9f, 0xf1, 0x0, 0x0, 0x8, 0x95,
    0x4, 0x99, 0x0, 0x0, 0x0, 0x0, 0x0, 0x0,
    0x0, 0x0, 0x6, 0xef, 0xff, 0xff, 0xff, 0xe8,
    0x2, 0xff, 0xff, 0xff, 0xff, 0xff, 0xf5, 0x5f,
    0xf8, 0x33, 0x33, 0x36, 0xff, 0x75, 0xff, 0x60,
    0x0, 0x0, 0x4f, 0xf7, 0x5f, 0xff, 0xff, 0xff,
    0xff, 0xff, 0x75, 0xff, 0xff, 0xff, 0xff, 0xff,
    0xf7, 0x5f, 0xf8, 0x33, 0x33, 0x33, 0x33, 0x15,
    0xff, 0x60, 0x0, 0x0, 0x26, 0x30, 0x4f, 0xf8,
    0x33, 0x33, 0x36, 0xff, 0x71, 0xff, 0xff, 0xff,
    0xff, 0xff, 0xf3, 0x5, 0xdf, 0xff, 0xff, 0xff,
    0xd6, 0x0,

    /* U+E0C9 "" */
    0x0, 0x0, 0x0, 0x0, 0x0, 0x0, 0x0, 0x0,
    0x0, 0x0, 0x0, 0x0, 0x0, 0x0, 0x0, 0x0,
    0xdd, 0x0, 0x0, 0x0, 0x0, 0x0, 0x0, 0x0,
    0x0, 0x0, 0x0, 0xff, 0x0, 0x0, 0x0, 0x0,
    0x0, 0x0, 0x0, 0x0, 0x0, 0x0, 0xff, 0x0,
    0x0, 0x0, 0x0, 0x0, 0x0, 0xe, 0xd1, 0x0,
    0x0, 0xff, 0x0, 0x0, 0x2d, 0xd0, 0x0, 0x0,
    0xc, 0xfd, 0x10, 0x0, 0x66, 0x0, 0x2, 0xef,
    0xb0, 0x0, 0x0, 0x1, 0xdf, 0xc0, 0x0, 0x0,
    0x0, 0xc, 0xfc, 0x0, 0x0, 0x0, 0x0, 0x1b,
    0x80, 0x0, 0x11, 0x0, 0x8, 0xa1, 0x0, 0x0,
    0x0, 0x0, 0x0, 0x0, 0x3d, 0xff, 0xd3, 0x0,
    0x0, 0x0, 0x0, 0x0, 0x0, 0x0, 0x4, 0xff,
    0xff, 0xff, 0x30, 0x0, 0x0, 0x0, 0x1, 0x11,
    0x0, 0xd, 0xf9, 0x0, 0x9f, 0xd0, 0x0, 0x11,
    0x10, 0xcf, 0xff, 0x90, 0x1f, 0xf0, 0x0, 0x1f,
    0xf0, 0x9, 0xff, 0xfc, 0xaf, 0xff, 0x70, 0x1f,
    0xf1, 0x0, 0x2f, 0xf0, 0x7, 0xff, 0xfa, 0x0,
    0x0, 0x0, 0xc, 0xfc, 0x44, 0xdf, 0xb0, 0x0,
    0x0, 0x0, 0x0, 0x0, 0x0, 0x1, 0xdf, 0xff,
    0xfd, 0x10, 0x0, 0x0, 0x0, 0x0, 0x0, 0x0,
    0x0, 0x19, 0xdc, 0x81, 0x0, 0x0, 0x0, 0x0,
    0x0, 0x0, 0x3f, 0xb0, 0x0, 0x0, 0x0, 0xc,
    0xe3, 0x0, 0x0, 0x0, 0x3, 0xff, 0xa0, 0x0,
    0x0, 0x0, 0xb, 0xfe, 0x20, 0x0, 0x0, 0xe,
    0xfc, 0x0, 0x0, 0xcc, 0x0, 0x0, 0xcf, 0xd0,
    0x0, 0x0, 0xc, 0xb0, 0x0, 0x0, 0xff, 0x0,
    0x0, 0x1b, 0xc0, 0x0, 0x0, 0x0, 0x0, 0x0,
    0x0, 0xff, 0x0, 0x0, 0x0, 0x0, 0x0, 0x0,
    0x0, 0x0, 0x0, 0x0, 0xff, 0x0, 0x0, 0x0,
    0x0, 0x0, 0x0, 0x0, 0x0, 0x0, 0x0, 0x77,
    0x0, 0x0, 0x0, 0x0, 0x0,

    /* U+E5A2 "" */
    0x0, 0x0, 0x0, 0x25, 0x8a, 0xbc, 0xdd, 0xdd,
    0xca, 0x86, 0x30, 0x0, 0x0, 0x0, 0x0, 0x1,
    0x9e, 0xff, 0xff, 0xff, 0xff, 0xff, 0xff, 0xff,
    0xff, 0xa3, 0x0, 0x0, 0x0, 0x2e, 0xff, 0xeb,
    0x97, 0x64, 0x43, 0x44, 0x57, 0x8b, 0xef, 0xff,
    0x40, 0x0, 0x0, 0xcf, 0xd3, 0x0, 0x0, 0x0,
    0x0, 0x0, 0x0, 0x0, 0x2, 0xaf, 0xe1, 0x0,
    0x3, 0xff, 0x20, 0x0, 0x0, 0x0, 0x0, 0x0,
    0x0, 0x0, 0x0, 0xd, 0xf7, 0x0, 0x8, 0xfa,
    0x0, 0x1, 0xe9, 0x0, 0x0, 0x0, 0x0, 0x1e,
    0xc0, 0x6, 0xfc, 0x0, 0xb, 0xf5, 0x0, 0x3,
    0xfd, 0x0, 0x0, 0x0, 0x0, 0x5f, 0xf1, 0x1,
    0xff, 0x0, 0xe, 0xf3, 0x2, 0x9b, 0xff, 0xa8,
    0x0, 0x0, 0x0, 0x8, 0x60, 0x0, 0xff, 0x20,
    0xf, 0xf0, 0x8, 0xff, 0xff, 0xff, 0x10, 0x0,
    0x0, 0x0, 0x0, 0x0, 0xcf, 0x50, 0x3f, 0xd0,
    0x1, 0x68, 0xfe, 0x64, 0x0, 0x0, 0x9c, 0x20,
    0x0, 0x0, 0x9f, 0x70, 0x6f, 0xa0, 0x0, 0x3,
    0xfd, 0x0, 0x0, 0x1, 0xff, 0x70, 0x0, 0x0,
    0x6f, 0xa0, 0x9f, 0x80, 0x0, 0x0, 0xa6, 0x0,
    0x0, 0x0, 0x7a, 0x10, 0x0, 0x0, 0x4f, 0xd0,
    0xbf, 0x50, 0x0, 0x0, 0x0, 0x0, 0x0, 0x0,
    0x0, 0x0, 0x0, 0x0, 0x1f, 0xf0, 0xef, 0x20,
    0x0, 0x1, 0xbf, 0xff, 0xff, 0xff, 0xff, 0xc4,
    0x0, 0x0, 0xe, 0xf2, 0xff, 0x10, 0x0, 0xa,
    0xff, 0xff, 0xff, 0xff, 0xff, 0xfe, 0x0, 0x0,
    0xc, 0xf3, 0xdf, 0x40, 0x0, 0x2f, 0xf2, 0x11,
    0x11, 0x11, 0x11, 0xbf, 0x60, 0x0, 0xf, 0xf1,
    0x8f, 0xd2, 0x1, 0xcf, 0xa0, 0x0, 0x0, 0x0,
    0x0, 0x5f, 0xe2, 0x0, 0xaf, 0xd0, 0xd, 0xff,
    0xef, 0xfe, 0x20, 0x0, 0x0, 0x0, 0x0, 0xb,
    0xff, 0xef, 0xff, 0x30, 0x1, 0xaf, 0xff, 0xb2,
    0x0, 0x0, 0x0, 0x0, 0x0, 0x0, 0x8f, 0xff,
    0xc3, 0x0, 0x0, 0x0, 0x20, 0x0, 0x0, 0x0,
    0x0, 0x0, 0x0, 0x0, 0x0, 0x20, 0x0, 0x0,

    /* U+F001 "" */
    0x0, 0x0, 0x0, 0x0, 0x0, 0x0, 0x0, 0x0,
    0x0, 0x0, 0x20, 0x0, 0x0, 0x0, 0x0, 0x0,
    0x0, 0x0, 0x0, 0x5, 0xae, 0xfb, 0x0, 0x0,
    0x0, 0x0, 0x0, 0x0, 0x1, 0x6b, 0xff, 0xff,
    0xff, 0x0, 0x0, 0x0, 0x0, 0x0, 0x27, 0xcf,
    0xff, 0xfc, 0x84, 0xff, 0x0, 0x0, 0x0, 0x4,
    0x9e, 0xff, 0xff, 0xb6, 0x10, 0x0, 0xff, 0x0,
    0x0, 0x0, 0xbf, 0xff, 0xea, 0x50, 0x0, 0x0,
    0x0, 0xff, 0x0, 0x0, 0x0, 0xef, 0x94, 0x0,
    0x0, 0x0, 0x1, 0x5a, 0xff, 0x0, 0x0, 0x0,
    0xef, 0x20, 0x0, 0x0, 0x27, 0xcf, 0xff, 0xff,
    0x0, 0x0, 0x0, 0xef, 0x20, 0x3, 0x8d, 0xff,
    0xff, 0xc8, 0xff, 0x0, 0x0, 0x0, 0xef, 0x7a,
    0xef, 0xff, 0xfb, 0x61, 0x0, 0xff, 0x0, 0x0,
    0x0, 0xef, 0xff, 0xfe, 0xa5, 0x0, 0x0, 0x0,
    0xff, 0x0, 0x0, 0x0, 0xef, 0xd8, 0x30, 0x0,
    0x0, 0x0, 0x0, 0xff, 0x0, 0x0, 0x0, 0xef,
    0x20, 0x0, 0x0, 0x0, 0x0, 0x0, 0xff, 0x0,
    0x0, 0x0, 0xef, 0x20, 0x0, 0x0, 0x2, 0x9c,
    0xb8, 0xff, 0x0, 0x0, 0x0, 0xef, 0x20, 0x0,
    0x0, 0x5f, 0xff, 0xff, 0xff, 0x0, 0x0, 0x0,
    0xef, 0x20, 0x0, 0x0, 0xff, 0x94, 0x4c, 0xff,
    0x4, 0xcf, 0xfc, 0xff, 0x20, 0x0, 0x3, 0xfe,
    0x0, 0x2, 0xff, 0x4f, 0xff, 0xff, 0xff, 0x20,
    0x0, 0x0, 0xff, 0x71, 0x2a, 0xfc, 0xcf, 0x90,
    0x7, 0xff, 0x20, 0x0, 0x0, 0x8f, 0xff, 0xff,
    0xf4, 0xff, 0x30, 0x0, 0xff, 0x10, 0x0, 0x0,
    0x6, 0xdf, 0xfc, 0x30, 0xbf, 0xc4, 0x4b, 0xfd,
    0x0, 0x0, 0x0, 0x0, 0x0, 0x0, 0x0, 0x2e,
    0xff, 0xff, 0xf3, 0x0, 0x0, 0x0, 0x0, 0x0,
    0x0, 0x0, 0x1, 0x8c, 0xc9, 0x20, 0x0, 0x0,
    0x0, 0x0, 0x0, 0x0, 0x0,

    /* U+F008 "" */
    0x9, 0xef, 0xff, 0xff, 0xff, 0xff, 0xff, 0xff,
    0xff, 0xfe, 0x90, 0x9f, 0xff, 0xff, 0xff, 0xff,
    0xff, 0xff, 0xff, 0xff, 0xff, 0xf9, 0xff, 0x41,
    0x3f, 0xe1, 0x11, 0x11, 0x11, 0x1e, 0xf3, 0x15,
    0xfe, 0xff, 0x0, 0x2f, 0xe0, 0x0, 0x0, 0x0,
    0xe, 0xf2, 0x0, 0xff, 0xff, 0x0, 0x2f, 0xe0,
    0x0, 0x0, 0x0, 0xe, 0xf2, 0x0, 0xff, 0xff,
    0x10, 0x2f, 0xe0, 0x0, 0x0, 0x0, 0xe, 0xf2,
    0x1, 0xff, 0xff, 0xff, 0xff, 0xe0, 0x0, 0x0,
    0x0, 0xe, 0xff, 0xff, 0xff, 0xff, 0xff, 0xff,
    0xe0, 0x0, 0x0, 0x0, 0xe, 0xff, 0xff, 0xff,
    0xff, 0x10, 0x2f, 0xf3, 0x33, 0x33, 0x33, 0x3f,
    0xf2, 0x1, 0xff, 0xff, 0x0, 0x2f, 0xff, 0xff,
    0xff, 0xff, 0xff, 0xf2, 0x0, 0xff, 0xff, 0x0,
    0x2f, 0xff, 0xff, 0xff, 0xff, 0xff, 0xf2, 0x0,
    0xff, 0xff, 0x54, 0x6f, 0xe0, 0x0, 0x0, 0x0,
    0xe, 0xf6, 0x45, 0xff, 0xff, 0xff, 0xff, 0xe0,
    0x0, 0x0, 0x0, 0xe, 0xff, 0xff, 0xff, 0xff,
    0xcb, 0xcf, 0xe0, 0x0, 0x0, 0x0, 0xe, 0xfc,
    0xbc, 0xff, 0xff, 0x0, 0x2f, 0xe0, 0x0, 0x0,
    0x0, 0xe, 0xf2, 0x0, 0xff, 0xff, 0x0, 0x2f,
    0xe0, 0x0, 0x0, 0x0, 0xe, 0xf2, 0x0, 0xff,
    0xff, 0x20, 0x2f, 0xe0, 0x0, 0x0, 0x0, 0xe,
    0xf2, 0x2, 0xff, 0xbf, 0xfe, 0xef, 0xfe, 0xee,
    0xee, 0xee, 0xef, 0xfe, 0xef, 0xfb, 0x2d, 0xff,
    0xff, 0xff, 0xff, 0xff, 0xff, 0xff, 0xff, 0xff,
    0xc2, 0x0, 0x12, 0x22, 0x22, 0x22, 0x22, 0x22,
    0x22, 0x22, 0x21, 0x0,

    /* U+F00B "" */
    0x9, 0xef, 0xff, 0xff, 0xff, 0xff, 0xff, 0xff,
    0xff, 0xfe, 0x90, 0x9f, 0xff, 0xff, 0xff, 0xff,
    0xff, 0xff, 0xff, 0xff, 0xff, 0xf9, 0xff, 0x41,
    0x11, 0xef, 0x31, 0x11, 0x11, 0x11, 0x11, 0x15,
    0xfe, 0xff, 0x10, 0x0, 0xef, 0x20, 0x0, 0x0,
    0x0, 0x0, 0x1, 0xff, 0xff, 0x10, 0x0, 0xef,
    0x20, 0x0, 0x0, 0x0, 0x0, 0x1, 0xff, 0xff,
    0x10, 0x0, 0xef, 0x20, 0x0, 0x0, 0x0, 0x0,
    0x1, 0xff, 0xff, 0xff, 0xff, 0xff, 0xff, 0xff,
    0xff, 0xff, 0xff, 0xff, 0xff, 0xff, 0xff, 0xff,
    0xff, 0xff, 0xff, 0xff, 0xff, 0xff, 0xff, 0xff,
    0xff, 0x10, 0x0, 0xef, 0x20, 0x0, 0x0, 0x0,
    0x0, 0x1, 0xff, 0xff, 0x10, 0x0, 0xef, 0x20,
    0x0, 0x0, 0x0, 0x0, 0x1, 0xff, 0xff, 0x10,
    0x0, 0xef, 0x20, 0x0, 0x0, 0x0, 0x0, 0x1,
    0xff, 0xff, 0x55, 0x55, 0xff, 0x65, 0x55, 0x55,
    0x55, 0x55, 0x55, 0xff, 0xff, 0xff, 0xff, 0xff,
    0xff, 0xff, 0xff, 0xff, 0xff, 0xff, 0xff, 0xff,
    0xcc, 0xcc, 0xff, 0xcc, 0xcc, 0xcc, 0xcc, 0xcc,
    0xcc, 0xff, 0xff, 0x10, 0x0, 0xef, 0x20, 0x0,
    0x0, 0x0, 0x0, 0x1, 0xff, 0xff, 0x10, 0x0,
    0xef, 0x20, 0x0, 0x0, 0x0, 0x0, 0x1, 0xff,
    0xff, 0x20, 0x0, 0xef, 0x20, 0x0, 0x0, 0x0,
    0x0, 0x2, 0xff, 0xbf, 0xfe, 0xee, 0xff, 0xee,
    0xee, 0xee, 0xee, 0xee, 0xef, 0xfb, 0x2d, 0xff,
    0xff, 0xff, 0xff, 0xff, 0xff, 0xff, 0xff, 0xff,
    0xc2, 0x0, 0x12, 0x22, 0x22, 0x22, 0x22, 0x22,
    0x22, 0x22, 0x21, 0x0,

    /* U+F00C "" */
    0x0, 0x0, 0x0, 0x0, 0x0, 0x0, 0x0, 0x0,
    0x0, 0x0, 0x0, 0x0, 0x0, 0x0, 0x0, 0x0,
    0x0, 0x0, 0x0, 0xb, 0xe1, 0x0, 0x0, 0x0,
    0x0, 0x0, 0x0, 0x0, 0x0, 0xc, 0xfe, 0x0,
    0x0, 0x0, 0x0, 0x0, 0x0, 0x0, 0x0, 0xc,
    0xfe, 0x20, 0x0, 0x0, 0x0, 0x0, 0x0, 0x0,
    0x0, 0xc, 0xfe, 0x20, 0x0, 0x0, 0x0, 0x0,
    0x0, 0x0, 0x0, 0xc, 0xfe, 0x20, 0x0, 0x5,
    0x50, 0x0, 0x0, 0x0, 0x0, 0xc, 0xfe, 0x20,
    0x0, 0x0, 0xef, 0x80, 0x0, 0x0, 0x0, 0xc,
    0xfe, 0x20, 0x0, 0x0, 0x5, 0xff, 0x80, 0x0,
    0x0, 0xc, 0xfe, 0x20, 0x0, 0x0, 0x0, 0x5,
    0xff, 0x80, 0x0, 0xc, 0xfe, 0x20, 0x0, 0x0,
    0x0, 0x0, 0x5, 0xff, 0x80, 0xc, 0xfe, 0x20,
    0x0, 0x0, 0x0, 0x0, 0x0, 0x5, 0xff, 0x8c,
    0xfe, 0x20, 0x0, 0x0, 0x0, 0x0, 0x0, 0x0,
    0x5, 0xff, 0xfe, 0x20, 0x0, 0x0, 0x0, 0x0,
    0x0, 0x0, 0x0, 0x5, 0xfe, 0x20, 0x0, 0x0,
    0x0, 0x0, 0x0, 0x0, 0x0, 0x0, 0x2, 0x10,
    0x0, 0x0, 0x0, 0x0, 0x0, 0x0,

    /* U+F00D "" */
    0x4b, 0x30, 0x0, 0x0, 0x0, 0x0, 0x8a, 0x7,
    0xff, 0x30, 0x0, 0x0, 0x0, 0xaf, 0xf0, 0xb,
    0xff, 0x30, 0x0, 0x0, 0xaf, 0xf4, 0x0, 0xb,
    0xff, 0x30, 0x0, 0xaf, 0xf4, 0x0, 0x0, 0xb,
    0xff, 0x30, 0xaf, 0xf4, 0x0, 0x0, 0x0, 0xa,
    0xff, 0xbf, 0xf4, 0x0, 0x0, 0x0, 0x0, 0xa,
    0xff, 0xf3, 0x0, 0x0, 0x0, 0x0, 0x0, 0xaf,
    0xfe, 0x30, 0x0, 0x0, 0x0, 0x0, 0xaf, 0xfc,
    0xfe, 0x30, 0x0, 0x0, 0x0, 0xaf, 0xf3, 0xb,
    0xfe, 0x30, 0x0, 0x0, 0xaf, 0xf3, 0x0, 0xb,
    0xfe, 0x30, 0x0, 0xaf, 0xf3, 0x0, 0x0, 0xb,
    0xfe, 0x30, 0x7f, 0xf3, 0x0, 0x0, 0x0, 0xb,
    0xfe, 0x4, 0xc3, 0x0, 0x0, 0x0, 0x0, 0x9,
    0xa0,

    /* U+F011 "" */
    0x0, 0x0, 0x0, 0x0, 0x0, 0x10, 0x0, 0x0,
    0x0, 0x0, 0x0, 0x0, 0x0, 0x0, 0x0, 0xf,
    0xc0, 0x0, 0x0, 0x0, 0x0, 0x0, 0x0, 0x0,
    0x0, 0x2, 0xfe, 0x0, 0x0, 0x0, 0x0, 0x0,
    0x0, 0x6, 0x60, 0x0, 0x2f, 0xe0, 0x0, 0x66,
    0x0, 0x0, 0x0, 0x9, 0xff, 0x0, 0x2, 0xfe,
    0x0, 0xe, 0xfa, 0x0, 0x0, 0x8, 0xff, 0x50,
    0x0, 0x2f, 0xe0, 0x0, 0x5f, 0xf9, 0x0, 0x3,
    0xff, 0x50, 0x0, 0x2, 0xfe, 0x0, 0x0, 0x4f,
    0xf4, 0x0, 0xcf, 0x90, 0x0, 0x0, 0x2f, 0xe0,
    0x0, 0x0, 0x8f, 0xd0, 0x2f, 0xf1, 0x0, 0x0,
    0x2, 0xfe, 0x0, 0x0, 0x0, 0xff, 0x37, 0xfa,
    0x0, 0x0, 0x0, 0x2f, 0xe0, 0x0, 0x0, 0xa,
    0xf8, 0x9f, 0x70, 0x0, 0x0, 0x2, 0xfe, 0x0,
    0x0, 0x0, 0x6f, 0xbb, 0xf5, 0x0, 0x0, 0x0,
    0x2f, 0xe0, 0x0, 0x0, 0x4, 0xfd, 0xbf, 0x50,
    0x0, 0x0, 0x0, 0xeb, 0x0, 0x0, 0x0, 0x4f,
    0xc9, 0xf7, 0x0, 0x0, 0x0, 0x0, 0x0, 0x0,
    0x0, 0x6, 0xfb, 0x6f, 0xc0, 0x0, 0x0, 0x0,
    0x0, 0x0, 0x0, 0x0, 0xbf, 0x71, 0xff, 0x20,
    0x0, 0x0, 0x0, 0x0, 0x0, 0x0, 0x2f, 0xf2,
    0x9, 0xfb, 0x0, 0x0, 0x0, 0x0, 0x0, 0x0,
    0xb, 0xfb, 0x0, 0x1f, 0xf8, 0x0, 0x0, 0x0,
    0x0, 0x0, 0x7, 0xff, 0x20, 0x0, 0x4f, 0xf9,
    0x0, 0x0, 0x0, 0x0, 0x9, 0xff, 0x50, 0x0,
    0x0, 0x5f, 0xfe, 0x72, 0x0, 0x2, 0x7e, 0xff,
    0x60, 0x0, 0x0, 0x0, 0x3c, 0xff, 0xff, 0xef,
    0xff, 0xfd, 0x40, 0x0, 0x0, 0x0, 0x0, 0x5,
    0xaf, 0xff, 0xff, 0xb5, 0x0, 0x0, 0x0, 0x0,
    0x0, 0x0, 0x0, 0x1, 0x21, 0x0, 0x0, 0x0,
    0x0, 0x0,

    /* U+F013 "" */
    0x0, 0x0, 0x0, 0x0, 0x0, 0x11, 0x0, 0x0,
    0x0, 0x0, 0x0, 0x0, 0x0, 0x0, 0x1, 0xcf,
    0xff, 0xfc, 0x10, 0x0, 0x0, 0x0, 0x0, 0x0,
    0x0, 0x9, 0xff, 0xff, 0xff, 0x90, 0x0, 0x0,
    0x0, 0x0, 0x0, 0x10, 0xd, 0xf4, 0x0, 0x4f,
    0xd0, 0x1, 0x0, 0x0, 0x0, 0x3e, 0xfd, 0xaf,
    0xe0, 0x0, 0xf, 0xfa, 0xdf, 0xe2, 0x0, 0x1,
    0xef, 0xff, 0xff, 0x60, 0x0, 0x7, 0xff, 0xff,
    0xfd, 0x0, 0x9, 0xfd, 0x15, 0x73, 0x0, 0x0,
    0x0, 0x37, 0x51, 0xef, 0x80, 0x1f, 0xf5, 0x0,
    0x0, 0x0, 0x33, 0x0, 0x0, 0x0, 0x5f, 0xf1,
    0x6f, 0xc0, 0x0, 0x0, 0x5f, 0xff, 0xf5, 0x0,
    0x0, 0xd, 0xf6, 0x5f, 0xf5, 0x0, 0x5, 0xff,
    0xdd, 0xff, 0x50, 0x0, 0x5f, 0xf4, 0x9, 0xff,
    0x20, 0xe, 0xf8, 0x0, 0x7f, 0xe0, 0x2, 0xff,
    0x80, 0x0, 0xbf, 0x70, 0x1f, 0xf0, 0x0, 0xf,
    0xf1, 0x7, 0xfa, 0x0, 0x2, 0xef, 0x50, 0xf,
    0xf2, 0x0, 0x1f, 0xf0, 0x5, 0xfd, 0x10, 0x1e,
    0xfd, 0x0, 0xb, 0xfd, 0x44, 0xcf, 0xb0, 0x0,
    0xdf, 0xd1, 0x7f, 0xd1, 0x0, 0x1, 0xdf, 0xff,
    0xfd, 0x10, 0x0, 0x1d, 0xf6, 0x4f, 0xe1, 0x0,
    0x0, 0x19, 0xdd, 0x91, 0x0, 0x0, 0x1f, 0xf4,
    0xd, 0xf9, 0x0, 0x0, 0x0, 0x0, 0x0, 0x0,
    0x0, 0x9f, 0xd0, 0x5, 0xff, 0x8c, 0xe9, 0x0,
    0x0, 0x1, 0xae, 0xc8, 0xff, 0x40, 0x0, 0xaf,
    0xff, 0xff, 0xa0, 0x0, 0xb, 0xff, 0xff, 0xf9,
    0x0, 0x0, 0x8, 0xa5, 0x3f, 0xf1, 0x0, 0x1f,
    0xf3, 0x6a, 0x80, 0x0, 0x0, 0x0, 0x0, 0xc,
    0xf8, 0x33, 0x8f, 0xb0, 0x0, 0x0, 0x0, 0x0,
    0x0, 0x0, 0x7, 0xff, 0xff, 0xff, 0x70, 0x0,
    0x0, 0x0, 0x0, 0x0, 0x0, 0x0, 0x8b, 0xcc,
    0xb7, 0x0, 0x0, 0x0, 0x0,

    /* U+F015 "" */
    0x0, 0x0, 0x0, 0x0, 0x0, 0x0, 0x15, 0x0,
    0x0, 0x0, 0x0, 0x0, 0x0, 0x0, 0x0, 0x0,
    0x0, 0x0, 0x2, 0xef, 0xd2, 0x0, 0x0, 0x0,
    0x0, 0x0, 0x0, 0x0, 0x0, 0x0, 0x0, 0x4f,
    0xff, 0xfe, 0x30, 0x0, 0x0, 0x0, 0x0, 0x0,
    0x0, 0x0, 0x0, 0x6, 0xff, 0xb2, 0xcf, 0xf5,
    0x0, 0x0, 0x0, 0x0, 0x0, 0x0, 0x0, 0x0,
    0x9f, 0xf9, 0x0, 0xa, 0xff, 0x80, 0x0, 0x0,
    0x0, 0x0, 0x0, 0x0, 0xb, 0xff, 0x70, 0x0,
    0x0, 0x7f, 0xfa, 0x0, 0x0, 0x0, 0x0, 0x0,
    0x1, 0xdf, 0xf5, 0x0, 0x0, 0x0, 0x5, 0xff,
    0xc1, 0x0, 0x0, 0x0, 0x0, 0x3e, 0xfe, 0x30,
    0x0, 0x0, 0x0, 0x0, 0x3e, 0xfd, 0x20, 0x0,
    0x0, 0x5, 0xff, 0xc1, 0x0, 0x0, 0x0, 0x0,
    0x0, 0x1, 0xdf, 0xf4, 0x0, 0x0, 0x7f, 0xff,
    0x0, 0x0, 0x0, 0x0, 0x0, 0x0, 0x0, 0xf,
    0xff, 0x60, 0x8, 0xff, 0xfe, 0x0, 0x0, 0x0,
    0x0, 0x0, 0x0, 0x0, 0xf, 0xff, 0xf7, 0xc,
    0xf8, 0xfe, 0x0, 0x0, 0x0, 0x0, 0x0, 0x0,
    0x0, 0xf, 0xf8, 0xfb, 0x0, 0x12, 0xfe, 0x0,
    0x2, 0xac, 0xcc, 0xcc, 0xa1, 0x0, 0xf, 0xf1,
    0x10, 0x0, 0x2, 0xfe, 0x0, 0xb, 0xff, 0xff,
    0xff, 0xfb, 0x0, 0xf, 0xf1, 0x0, 0x0, 0x2,
    0xfe, 0x0, 0xd, 0xf6, 0x44, 0x47, 0xfd, 0x0,
    0xf, 0xf1, 0x0, 0x0, 0x2, 0xfe, 0x0, 0xd,
    0xf3, 0x0, 0x3, 0xfd, 0x0, 0xf, 0xf1, 0x0,
    0x0, 0x2, 0xfe, 0x0, 0xd, 0xf3, 0x0, 0x3,
    0xfd, 0x0, 0xf, 0xf1, 0x0, 0x0, 0x2, 0xfe,
    0x0, 0xd, 0xf3, 0x0, 0x3, 0xfd, 0x0, 0xf,
    0xf1, 0x0, 0x0, 0x2, 0xfe, 0x0, 0xd, 0xf3,
    0x0, 0x3, 0xfd, 0x0, 0xf, 0xf1, 0x0, 0x0,
    0x1, 0xff, 0x0, 0xd, 0xf3, 0x0, 0x3, 0xfd,
    0x0, 0xf, 0xf1, 0x0, 0x0, 0x0, 0xef, 0x81,
    0x1d, 0xf4, 0x11, 0x15, 0xfd, 0x11, 0x8f, 0xe0,
    0x0, 0x0, 0x0, 0x6f, 0xff, 0xff, 0xff, 0xff,
    0xff, 0xff, 0xff, 0xff, 0x50, 0x0, 0x0, 0x0,
    0x5, 0xcf, 0xff, 0xff, 0xff, 0xff, 0xff, 0xff,
    0xc5, 0x0, 0x0,

    /* U+F019 "" */
    0x0, 0x0, 0x0, 0x0, 0x0, 0x0, 0x0, 0x0,
    0x0, 0x0, 0x0, 0x0, 0x0, 0x0, 0x0, 0x0,
    0xee, 0x0, 0x0, 0x0, 0x0, 0x0, 0x0, 0x0,
    0x0, 0x0, 0x0, 0xff, 0x0, 0x0, 0x0, 0x0,
    0x0, 0x0, 0x0, 0x0, 0x0, 0x0, 0xff, 0x0,
    0x0, 0x0, 0x0, 0x0, 0x0, 0x0, 0x0, 0x0,
    0x0, 0xff, 0x0, 0x0, 0x0, 0x0, 0x0, 0x0,
    0x0, 0x0, 0x0, 0x0, 0xff, 0x0, 0x0, 0x0,
    0x0, 0x0, 0x0, 0x0, 0x0, 0x0, 0x0, 0xff,
    0x0, 0x0, 0x0, 0x0, 0x0, 0x0, 0x0, 0x0,
    0x0, 0x0, 0xff, 0x0, 0x0, 0x0, 0x0, 0x0,
    0x0, 0x0, 0x0, 0x0, 0x0, 0xff, 0x0, 0x0,
    0x0, 0x0, 0x0, 0x0, 0x0, 0x8c, 0x20, 0x0,
    0xff, 0x0, 0x2, 0xc8, 0x0, 0x0, 0x0, 0x0,
    0xaf, 0xe2, 0x0, 0xff, 0x0, 0x2e, 0xfa, 0x0,
    0x0, 0x0, 0x0, 0xc, 0xfe, 0x20, 0xff, 0x2,
    0xef, 0xc0, 0x0, 0x0, 0x0, 0x0, 0x0, 0xcf,
    0xe2, 0xff, 0x2e, 0xfc, 0x0, 0x0, 0x0, 0x0,
    0x1, 0x10, 0xb, 0xfe, 0xff, 0xef, 0xb0, 0x1,
    0x11, 0x0, 0x1c, 0xff, 0xfe, 0x20, 0xbf, 0xff,
    0xfb, 0x1, 0xdf, 0xff, 0xc1, 0xbf, 0xff, 0xff,
    0xe2, 0xb, 0xff, 0xb0, 0x1d, 0xff, 0xff, 0xfb,
    0xff, 0x20, 0x0, 0x0, 0x0, 0x98, 0x0, 0x0,
    0x0, 0x2, 0xff, 0xff, 0x0, 0x0, 0x0, 0x0,
    0x0, 0x0, 0x0, 0x1b, 0x50, 0xff, 0xff, 0x0,
    0x0, 0x0, 0x0, 0x0, 0x0, 0x0, 0x2f, 0x90,
    0xff, 0xff, 0x0, 0x0, 0x0, 0x0, 0x0, 0x0,
    0x0, 0x1, 0x0, 0xff, 0xef, 0x41, 0x11, 0x11,
    0x11, 0x11, 0x11, 0x11, 0x11, 0x15, 0xfe, 0x9f,
    0xff, 0xff, 0xff, 0xff, 0xff, 0xff, 0xff, 0xff,
    0xff, 0xf9, 0x9, 0xef, 0xff, 0xff, 0xff, 0xff,
    0xff, 0xff, 0xff, 0xfe, 0x90,

    /* U+F01C "" */
    0x0, 0x4, 0xcf, 0xff, 0xff, 0xff, 0xff, 0xff,
    0xfc, 0x40, 0x0, 0x0, 0x1f, 0xff, 0xff, 0xff,
    0xff, 0xff, 0xff, 0xff, 0xf2, 0x0, 0x0, 0x8f,
    0xb1, 0x11, 0x11, 0x11, 0x11, 0x11, 0x1b, 0xf8,
    0x0, 0x0, 0xcf, 0x50, 0x0, 0x0, 0x0, 0x0,
    0x0, 0x6, 0xfc, 0x0, 0x1, 0xff, 0x10, 0x0,
    0x0, 0x0, 0x0, 0x0, 0x2, 0xff, 0x0, 0x5,
    0xfd, 0x0, 0x0, 0x0, 0x0, 0x0, 0x0, 0x0,
    0xef, 0x40, 0x9, 0xf9, 0x0, 0x0, 0x0, 0x0,
    0x0, 0x0, 0x0, 0xaf, 0x80, 0xd, 0xf5, 0x0,
    0x0, 0x0, 0x0, 0x0, 0x0, 0x0, 0x6f, 0xc0,
    0x1f, 0xf1, 0x0, 0x0, 0x0, 0x0, 0x0, 0x0,
    0x0, 0x2f, 0xf0, 0x5f, 0xd0, 0x0, 0x0, 0x0,
    0x0, 0x0, 0x0, 0x0, 0xe, 0xf4, 0x9f, 0x90,
    0x0, 0x0, 0x0, 0x0, 0x0, 0x0, 0x0, 0xa,
    0xf8, 0xdf, 0xed, 0xdd, 0x90, 0x0, 0x0, 0x0,
    0x9, 0xdd, 0xde, 0xfc, 0xff, 0xff, 0xff, 0xf7,
    0x0, 0x0, 0x0, 0x7f, 0xff, 0xff, 0xff, 0xff,
    0x43, 0x36, 0xfe, 0x21, 0x11, 0x12, 0xff, 0x63,
    0x34, 0xff, 0xff, 0x0, 0x0, 0xcf, 0xff, 0xff,
    0xff, 0xfc, 0x0, 0x0, 0xff, 0xff, 0x0, 0x0,
    0x2d, 0xff, 0xff, 0xff, 0xd2, 0x0, 0x0, 0xff,
    0xff, 0x20, 0x0, 0x0, 0x0, 0x0, 0x0, 0x0,
    0x0, 0x2, 0xff, 0xbf, 0xfe, 0xee, 0xee, 0xee,
    0xee, 0xee, 0xee, 0xee, 0xef, 0xfb, 0x2d, 0xff,
    0xff, 0xff, 0xff, 0xff, 0xff, 0xff, 0xff, 0xff,
    0xc2, 0x0, 0x12, 0x22, 0x22, 0x22, 0x22, 0x22,
    0x22, 0x22, 0x21, 0x0,

    /* U+F021 "" */
    0x0, 0x0, 0x0, 0x2, 0x7a, 0xcd, 0xb7, 0x10,
    0x0, 0x0, 0x0, 0x0, 0x0, 0x2, 0xaf, 0xff,
    0xff, 0xff, 0xf8, 0x0, 0x4, 0x90, 0x0, 0x0,
    0x4f, 0xff, 0xa6, 0x44, 0x7c, 0xff, 0xc1, 0xc,
    0xf3, 0x0, 0x5, 0xff, 0xb2, 0x0, 0x0, 0x0,
    0x5e, 0xfd, 0x1c, 0xf4, 0x0, 0x1e, 0xf9, 0x0,
    0x0, 0x0, 0x0, 0x1, 0xdf, 0xdd, 0xf4, 0x0,
    0xaf, 0xc0, 0x0, 0x0, 0x0, 0x0, 0x0, 0x1c,
    0xff, 0xf4, 0x0, 0xef, 0x30, 0x0, 0x0, 0x0,
    0x0, 0x4d, 0xee, 0xff, 0xf4, 0x0, 0x33, 0x0,
    0x0, 0x0, 0x0, 0x0, 0x6f, 0xff, 0xff, 0xf1,
    0x0, 0x0, 0x0, 0x0, 0x0, 0x0, 0x0, 0x1,
    0x22, 0x22, 0x10, 0x0, 0x0, 0x0, 0x0, 0x0,
    0x0, 0x0, 0x0, 0x0, 0x0, 0x0, 0x0, 0x0,
    0x0, 0x0, 0x0, 0x0, 0x0, 0x0, 0x0, 0x0,
    0x0, 0xc, 0xff, 0xff, 0xe6, 0x0, 0x0, 0x0,
    0x0, 0x0, 0x0, 0x0, 0x2f, 0xff, 0xff, 0xf8,
    0x0, 0x0, 0x0, 0x0, 0x0, 0xcd, 0x0, 0x2f,
    0xff, 0xc2, 0x10, 0x0, 0x0, 0x0, 0x0, 0x7,
    0xfe, 0x0, 0x2f, 0xfe, 0xfb, 0x0, 0x0, 0x0,
    0x0, 0x0, 0x3f, 0xf5, 0x0, 0x2f, 0xe2, 0xef,
    0xc2, 0x0, 0x0, 0x0, 0x4, 0xff, 0xb0, 0x0,
    0x2f, 0xe0, 0x2e, 0xff, 0x72, 0x0, 0x4, 0xbf,
    0xfa, 0x0, 0x0, 0xb, 0x80, 0x1, 0xcf, 0xff,
    0xfe, 0xff, 0xff, 0x80, 0x0, 0x0, 0x0, 0x0,
    0x0, 0x5, 0xcf, 0xff, 0xfd, 0x81, 0x0, 0x0,
    0x0, 0x0, 0x0, 0x0, 0x0, 0x0, 0x22, 0x0,
    0x0, 0x0, 0x0, 0x0,

    /* U+F023 "" */
    0x0, 0x0, 0x0, 0x0, 0x2, 0x0, 0x0, 0x0,
    0x0, 0x0, 0x0, 0x0, 0x0, 0x2b, 0xff, 0xfc,
    0x40, 0x0, 0x0, 0x0, 0x0, 0x0, 0x5, 0xff,
    0xfe, 0xff, 0xf7, 0x0, 0x0, 0x0, 0x0, 0x0,
    0x1f, 0xfa, 0x10, 0x8, 0xff, 0x30, 0x0, 0x0,
    0x0, 0x0, 0x8f, 0xb0, 0x0, 0x0, 0x8f, 0xc0,
    0x0, 0x0, 0x0, 0x0, 0xcf, 0x40, 0x0, 0x0,
    0x1f, 0xf0, 0x0, 0x0, 0x0, 0x0, 0xef, 0x20,
    0x0, 0x0, 0xf, 0xf1, 0x0, 0x0, 0x0, 0x0,
    0xef, 0x20, 0x0, 0x0, 0xf, 0xf2, 0x0, 0x0,
    0x0, 0x0, 0xef, 0x20, 0x0, 0x0, 0xf, 0xf2,
    0x0, 0x0, 0x1a, 0xff, 0xff, 0xff, 0xff, 0xff,
    0xff, 0xff, 0xfb, 0x10, 0xaf, 0xff, 0xff, 0xff,
    0xff, 0xff, 0xff, 0xff, 0xff, 0xc0, 0xff, 0x41,
    0x11, 0x11, 0x11, 0x11, 0x11, 0x11, 0x2f, 0xf1,
    0xff, 0x10, 0x0, 0x0, 0x0, 0x0, 0x0, 0x0,
    0xe, 0xf2, 0xff, 0x10, 0x0, 0x0, 0x0, 0x0,
    0x0, 0x0, 0xe, 0xf2, 0xff, 0x10, 0x0, 0x0,
    0x0, 0x0, 0x0, 0x0, 0xe, 0xf2, 0xff, 0x10,
    0x0, 0x0, 0x0, 0x0, 0x0, 0x0, 0xe, 0xf2,
    0xff, 0x10, 0x0, 0x0, 0x0, 0x0, 0x0, 0x0,
    0xe, 0xf2, 0xff, 0x10, 0x0, 0x0, 0x0, 0x0,
    0x0, 0x0, 0xe, 0xf2, 0xff, 0x10, 0x0, 0x0,
    0x0, 0x0, 0x0, 0x0, 0xe, 0xf2, 0xff, 0x10,
    0x0, 0x0, 0x0, 0x0, 0x0, 0x0, 0xe, 0xf2,
    0xef, 0x41, 0x11, 0x11, 0x11, 0x11, 0x11, 0x11,
    0x3f, 0xf1, 0x9f, 0xff, 0xff, 0xff, 0xff, 0xff,
    0xff, 0xff, 0xff, 0xb0, 0x9, 0xef, 0xff, 0xff,
    0xff, 0xff, 0xff, 0xff, 0xea, 0x10,

    /* U+F026 "" */
    0x0, 0x0, 0x0, 0x0, 0x0, 0x5, 0xc6, 0x0,
    0x0, 0x0, 0x0, 0x0, 0x7f, 0xfe, 0x0, 0x0,
    0x0, 0x0, 0x9, 0xff, 0xfe, 0x0, 0x0, 0x0,
    0x0, 0xbf, 0xf9, 0xfe, 0x0, 0x0, 0x0, 0x1c,
    0xff, 0x52, 0xfe, 0x2, 0x55, 0x55, 0xdf, 0xe3,
    0x2, 0xfe, 0x5f, 0xff, 0xff, 0xfd, 0x10, 0x2,
    0xfe, 0xef, 0xba, 0xaa, 0x80, 0x0, 0x2, 0xfe,
    0xff, 0x10, 0x0, 0x0, 0x0, 0x2, 0xfe, 0xff,
    0x10, 0x0, 0x0, 0x0, 0x2, 0xfe, 0xff, 0x10,
    0x0, 0x0, 0x0, 0x2, 0xfe, 0xff, 0x53, 0x33,
    0x10, 0x0, 0x2, 0xfe, 0xbf, 0xff, 0xff, 0xf6,
    0x0, 0x2, 0xfe, 0x1a, 0xde, 0xee, 0xff, 0x80,
    0x2, 0xfe, 0x0, 0x0, 0x0, 0x7f, 0xfa, 0x2,
    0xfe, 0x0, 0x0, 0x0, 0x5, 0xff, 0xc3, 0xfe,
    0x0, 0x0, 0x0, 0x0, 0x3e, 0xfe, 0xfe, 0x0,
    0x0, 0x0, 0x0, 0x2, 0xdf, 0xfe, 0x0, 0x0,
    0x0, 0x0, 0x0, 0x1c, 0xfb, 0x0, 0x0, 0x0,
    0x0, 0x0, 0x0, 0x40,

    /* U+F027 "" */
    0x0, 0x0, 0x0, 0x0, 0x0, 0x4, 0xc5, 0x0,
    0x0, 0x0, 0x0, 0x0, 0x0, 0x0, 0x0, 0x7f,
    0xfe, 0x0, 0x0, 0x0, 0x0, 0x0, 0x0, 0x0,
    0x9, 0xff, 0xfe, 0x0, 0x0, 0x0, 0x0, 0x0,
    0x0, 0x0, 0xbf, 0xf9, 0xfe, 0x0, 0x0, 0x0,
    0x0, 0x0, 0x0, 0x1c, 0xff, 0x52, 0xfe, 0x0,
    0x0, 0x0, 0x2, 0x55, 0x56, 0xdf, 0xe3, 0x2,
    0xfe, 0x0, 0x0, 0x0, 0x5f, 0xff, 0xff, 0xfd,
    0x20, 0x2, 0xfe, 0x0, 0x67, 0x0, 0xef, 0xca,
    0xaa, 0x91, 0x0, 0x2, 0xfe, 0x0, 0xdf, 0x70,
    0xff, 0x10, 0x0, 0x0, 0x0, 0x2, 0xfe, 0x0,
    0x4f, 0xf0, 0xff, 0x0, 0x0, 0x0, 0x0, 0x2,
    0xfe, 0x0, 0xe, 0xf2, 0xff, 0x0, 0x0, 0x0,
    0x0, 0x2, 0xfe, 0x0, 0xf, 0xf1, 0xff, 0x42,
    0x22, 0x10, 0x0, 0x2, 0xfe, 0x0, 0xaf, 0xc0,
    0xbf, 0xff, 0xff, 0xf6, 0x0, 0x2, 0xfe, 0x0,
    0xde, 0x20, 0x1a, 0xdd, 0xde, 0xff, 0x80, 0x2,
    0xfe, 0x0, 0x0, 0x0, 0x0, 0x0, 0x0, 0x7f,
    0xfa, 0x2, 0xfe, 0x0, 0x0, 0x0, 0x0, 0x0,
    0x0, 0x5, 0xff, 0xc3, 0xfe, 0x0, 0x0, 0x0,
    0x0, 0x0, 0x0, 0x0, 0x4e, 0xfe, 0xfe, 0x0,
    0x0, 0x0, 0x0, 0x0, 0x0, 0x0, 0x2, 0xef,
    0xfe, 0x0, 0x0, 0x0, 0x0, 0x0, 0x0, 0x0,
    0x0, 0x1c, 0xfc, 0x0, 0x0, 0x0, 0x0, 0x0,
    0x0, 0x0, 0x0, 0x0, 0x40, 0x0, 0x0, 0x0,

    /* U+F028 "" */
    0x0, 0x0, 0x0, 0x0, 0x0, 0x0, 0x0, 0x0,
    0x0, 0x0, 0x0, 0x0, 0x0, 0x0, 0x0, 0x0,
    0x0, 0x0, 0x0, 0x0, 0x4, 0xc6, 0x0, 0x0,
    0x0, 0x9, 0xe3, 0x0, 0x0, 0x0, 0x0, 0x0,
    0x0, 0x0, 0x6, 0xff, 0xe0, 0x0, 0x0, 0x0,
    0x8f, 0xe3, 0x0, 0x0, 0x0, 0x0, 0x0, 0x0,
    0x8, 0xff, 0xfe, 0x0, 0x0, 0x0, 0x0, 0xbf,
    0xe0, 0x0, 0x0, 0x0, 0x0, 0x0, 0xa, 0xff,
    0x9f, 0xe0, 0x0, 0x2, 0xc6, 0x0, 0xcf, 0x80,
    0x0, 0x0, 0x0, 0x0, 0x1c, 0xff, 0x52, 0xfe,
    0x0, 0x0, 0x4f, 0xf5, 0x3, 0xff, 0x20, 0x0,
    0x25, 0x55, 0x6d, 0xfe, 0x30, 0x2f, 0xe0, 0x0,
    0x0, 0x9f, 0xf1, 0xa, 0xf7, 0x0, 0x6f, 0xff,
    0xff, 0xfd, 0x20, 0x2, 0xfe, 0x0, 0x67, 0x0,
    0xcf, 0x90, 0x5f, 0xd0, 0xe, 0xfc, 0xaa, 0xa9,
    0x10, 0x0, 0x2f, 0xe0, 0xe, 0xf6, 0x3, 0xfe,
    0x0, 0xff, 0x0, 0xff, 0x0, 0x0, 0x0, 0x0,
    0x2, 0xfe, 0x0, 0x5f, 0xe0, 0xe, 0xf2, 0xe,
    0xf2, 0xf, 0xf0, 0x0, 0x0, 0x0, 0x0, 0x2f,
    0xe0, 0x0, 0xef, 0x20, 0xcf, 0x40, 0xcf, 0x40,
    0xff, 0x0, 0x0, 0x0, 0x0, 0x2, 0xfe, 0x0,
    0x1f, 0xf0, 0xd, 0xf3, 0xd, 0xf3, 0xf, 0xf4,
    0x22, 0x21, 0x0, 0x0, 0x2f, 0xe0, 0xa, 0xfc,
    0x1, 0xff, 0x10, 0xff, 0x10, 0xbf, 0xff, 0xff,
    0xf6, 0x0, 0x2, 0xfe, 0x0, 0xde, 0x20, 0x7f,
    0xc0, 0x2f, 0xf0, 0x1, 0xad, 0xdd, 0xef, 0xf8,
    0x0, 0x2f, 0xe0, 0x0, 0x0, 0x3f, 0xf6, 0x7,
    0xfa, 0x0, 0x0, 0x0, 0x0, 0x7f, 0xfa, 0x2,
    0xfe, 0x0, 0x0, 0x1e, 0xfc, 0x0, 0xdf, 0x50,
    0x0, 0x0, 0x0, 0x0, 0x5f, 0xfc, 0x3f, 0xe0,
    0x0, 0x4, 0xfd, 0x10, 0x7f, 0xd0, 0x0, 0x0,
    0x0, 0x0, 0x0, 0x3e, 0xfe, 0xfe, 0x0, 0x0,
    0x4, 0x10, 0x3f, 0xf4, 0x0, 0x0, 0x0, 0x0,
    0x0, 0x0, 0x2d, 0xff, 0xe0, 0x0, 0x0, 0x0,
    0x3f, 0xf9, 0x0, 0x0, 0x0, 0x0, 0x0, 0x0,
    0x0, 0x1c, 0xfc, 0x0, 0x0, 0x0, 0xb, 0xfa,
    0x0, 0x0, 0x0, 0x0, 0x0, 0x0, 0x0, 0x0,
    0x4, 0x10, 0x0, 0x0, 0x0, 0x37, 0x0, 0x0,
    0x0,

    /* U+F03E "" */
    0x9, 0xef, 0xff, 0xff, 0xff, 0xff, 0xff, 0xff,
    0xff, 0xfe, 0x90, 0xaf, 0xff, 0xff, 0xff, 0xff,
    0xff, 0xff, 0xff, 0xff, 0xff, 0xf9, 0xff, 0x41,
    0x11, 0x11, 0x11, 0x11, 0x11, 0x11, 0x11, 0x14,
    0xfe, 0xff, 0x0, 0x0, 0x0, 0x0, 0x0, 0x0,
    0x0, 0x0, 0x0, 0xff, 0xff, 0x0, 0x1a, 0xc4,
    0x0, 0x0, 0x0, 0x0, 0x0, 0x0, 0xff, 0xff,
    0x0, 0xbf, 0xff, 0x0, 0x0, 0x0, 0x0, 0x0,
    0x0, 0xff, 0xff, 0x0, 0xcf, 0xff, 0x20, 0x0,
    0x0, 0x0, 0x0, 0x0, 0xff, 0xff, 0x0, 0x5f,
    0xfb, 0x0, 0x0, 0x0, 0x0, 0x0, 0x0, 0xff,
    0xff, 0x0, 0x1, 0x30, 0x0, 0x0, 0x67, 0x0,
    0x0, 0x0, 0xff, 0xff, 0x0, 0x0, 0x0, 0x0,
    0x5, 0xff, 0x70, 0x0, 0x0, 0xff, 0xff, 0x0,
    0x0, 0x0, 0x0, 0x2f, 0xff, 0xf4, 0x0, 0x0,
    0xff, 0xff, 0x0, 0x4, 0xd5, 0x0, 0xdf, 0xff,
    0xfe, 0x10, 0x0, 0xff, 0xff, 0x0, 0x1e, 0xff,
    0x2a, 0xff, 0xff, 0xff, 0xc0, 0x0, 0xff, 0xff,
    0x0, 0xbf, 0xff, 0xef, 0xff, 0xff, 0xff, 0xf9,
    0x0, 0xff, 0xff, 0x7, 0xff, 0xff, 0xff, 0xff,
    0xff, 0xff, 0xff, 0x50, 0xff, 0xff, 0x4f, 0xff,
    0xff, 0xff, 0xff, 0xff, 0xff, 0xff, 0xf3, 0xff,
    0xff, 0xef, 0xff, 0xff, 0xff, 0xff, 0xff, 0xff,
    0xff, 0xfe, 0xff, 0xcf, 0xff, 0xff, 0xff, 0xff,
    0xff, 0xff, 0xff, 0xff, 0xff, 0xfc, 0x3e, 0xff,
    0xff, 0xff, 0xff, 0xff, 0xff, 0xff, 0xff, 0xff,
    0xe3, 0x1, 0x45, 0x55, 0x55, 0x55, 0x55, 0x55,
    0x55, 0x55, 0x54, 0x0,

    /* U+F043 "" */
    0x0, 0x0, 0x0, 0x0, 0x0, 0x0, 0x0, 0x0,
    0x0, 0x0, 0x0, 0x1, 0xce, 0x30, 0x0, 0x0,
    0x0, 0x0, 0x0, 0x0, 0xbf, 0xfe, 0x10, 0x0,
    0x0, 0x0, 0x0, 0x0, 0x7f, 0xfc, 0xfb, 0x0,
    0x0, 0x0, 0x0, 0x0, 0x2f, 0xf7, 0x1e, 0xf6,
    0x0, 0x0, 0x0, 0x0, 0xc, 0xfb, 0x0, 0x4f,
    0xf2, 0x0, 0x0, 0x0, 0x7, 0xfe, 0x10, 0x0,
    0xaf, 0xc0, 0x0, 0x0, 0x2, 0xff, 0x50, 0x0,
    0x1, 0xef, 0x60, 0x0, 0x0, 0xaf, 0xb0, 0x0,
    0x0, 0x5, 0xfe, 0x0, 0x0, 0x3f, 0xf2, 0x0,
    0x0, 0x0, 0xc, 0xf7, 0x0, 0xb, 0xf8, 0x0,
    0x0, 0x0, 0x0, 0x4f, 0xf1, 0x3, 0xff, 0x10,
    0x0, 0x0, 0x0, 0x0, 0xcf, 0x70, 0x9f, 0x90,
    0x0, 0x0, 0x0, 0x0, 0x4, 0xfd, 0xd, 0xf4,
    0x6, 0x90, 0x0, 0x0, 0x0, 0xf, 0xf1, 0xff,
    0x10, 0xdf, 0x20, 0x0, 0x0, 0x0, 0xdf, 0x4e,
    0xf3, 0xa, 0xf8, 0x0, 0x0, 0x0, 0xe, 0xf3,
    0xcf, 0x60, 0x4f, 0xf8, 0x30, 0x0, 0x2, 0xff,
    0x17, 0xfd, 0x0, 0x8f, 0xff, 0x60, 0x0, 0x8f,
    0xc0, 0x1e, 0xf7, 0x0, 0x4a, 0xc3, 0x0, 0x3f,
    0xf4, 0x0, 0x6f, 0xf8, 0x0, 0x0, 0x0, 0x5e,
    0xfa, 0x0, 0x0, 0x8f, 0xfd, 0x85, 0x47, 0xbf,
    0xfc, 0x0, 0x0, 0x0, 0x5e, 0xff, 0xff, 0xff,
    0xf8, 0x0, 0x0, 0x0, 0x0, 0x6, 0xac, 0xdb,
    0x72, 0x0, 0x0, 0x0,

    /* U+F048 "" */
    0x25, 0x0, 0x0, 0x0, 0x1, 0x51, 0xcf, 0x20,
    0x0, 0x0, 0x4e, 0xfc, 0xdf, 0x30, 0x0, 0x9,
    0xff, 0xfe, 0xdf, 0x30, 0x3, 0xdf, 0xfa, 0xfe,
    0xdf, 0x30, 0x8f, 0xfd, 0x32, 0xfe, 0xdf, 0x5c,
    0xff, 0x90, 0x2, 0xfe, 0xdf, 0xff, 0xe4, 0x0,
    0x2, 0xfe, 0xdf, 0xfb, 0x10, 0x0, 0x2, 0xfe,
    0xdf, 0x70, 0x0, 0x0, 0x2, 0xfe, 0xdf, 0xc2,
    0x0, 0x0, 0x2, 0xfe, 0xdf, 0xff, 0x70, 0x0,
    0x2, 0xfe, 0xdf, 0xcf, 0xfc, 0x10, 0x2, 0xfe,
    0xdf, 0x35, 0xef, 0xf6, 0x2, 0xfe, 0xdf, 0x30,
    0x1b, 0xff, 0xb3, 0xfe, 0xdf, 0x30, 0x0, 0x7f,
    0xff, 0xfe, 0xdf, 0x30, 0x0, 0x2, 0xdf, 0xfe,
    0x8d, 0x0, 0x0, 0x0, 0x8, 0xf7, 0x0, 0x0,
    0x0, 0x0, 0x0, 0x0,

    /* U+F04B "" */
    0x2b, 0xc5, 0x0, 0x0, 0x0, 0x0, 0x0, 0x0,
    0xc, 0xff, 0xfb, 0x20, 0x0, 0x0, 0x0, 0x0,
    0x0, 0xff, 0x8f, 0xff, 0x80, 0x0, 0x0, 0x0,
    0x0, 0xf, 0xf1, 0x1a, 0xff, 0xd4, 0x0, 0x0,
    0x0, 0x0, 0xff, 0x10, 0x4, 0xdf, 0xfb, 0x10,
    0x0, 0x0, 0xf, 0xf1, 0x0, 0x0, 0x8f, 0xff,
    0x70, 0x0, 0x0, 0xff, 0x10, 0x0, 0x0, 0x2b,
    0xff, 0xd3, 0x0, 0xf, 0xf1, 0x0, 0x0, 0x0,
    0x5, 0xef, 0xfa, 0x10, 0xff, 0x10, 0x0, 0x0,
    0x0, 0x0, 0x9f, 0xfe, 0x1f, 0xf1, 0x0, 0x0,
    0x0, 0x0, 0x0, 0x3e, 0xf6, 0xff, 0x10, 0x0,
    0x0, 0x0, 0x0, 0x1a, 0xff, 0x4f, 0xf1, 0x0,
    0x0, 0x0, 0x0, 0x7f, 0xff, 0x70, 0xff, 0x10,
    0x0, 0x0, 0x3, 0xdf, 0xfb, 0x20, 0xf, 0xf1,
    0x0, 0x0, 0x19, 0xff, 0xe5, 0x0, 0x0, 0xff,
    0x10, 0x0, 0x6e, 0xff, 0x90, 0x0, 0x0, 0xf,
    0xf1, 0x3, 0xcf, 0xfc, 0x30, 0x0, 0x0, 0x0,
    0xff, 0x19, 0xff, 0xe6, 0x0, 0x0, 0x0, 0x0,
    0xf, 0xfe, 0xff, 0xa1, 0x0, 0x0, 0x0, 0x0,
    0x0, 0x8f, 0xfd, 0x40, 0x0, 0x0, 0x0, 0x0,
    0x0, 0x0, 0x34, 0x0, 0x0, 0x0, 0x0, 0x0,
    0x0, 0x0,

    /* U+F04C "" */
    0x2, 0x44, 0x30, 0x0, 0x3, 0x44, 0x20, 0x7f,
    0xff, 0xf9, 0x0, 0xbf, 0xff, 0xf6, 0xff, 0xcc,
    0xff, 0x12, 0xff, 0xcc, 0xfd, 0xff, 0x10, 0xef,
    0x23, 0xfd, 0x2, 0xfe, 0xff, 0x10, 0xef, 0x23,
    0xfd, 0x2, 0xfe, 0xff, 0x10, 0xef, 0x23, 0xfd,
    0x2, 0xfe, 0xff, 0x10, 0xef, 0x23, 0xfd, 0x2,
    0xfe, 0xff, 0x10, 0xef, 0x23, 0xfd, 0x2, 0xfe,
    0xff, 0x10, 0xef, 0x23, 0xfd, 0x2, 0xfe, 0xff,
    0x10, 0xef, 0x23, 0xfd, 0x2, 0xfe, 0xff, 0x10,
    0xef, 0x23, 0xfd, 0x2, 0xfe, 0xff, 0x10, 0xef,
    0x23, 0xfd, 0x2, 0xfe, 0xff, 0x10, 0xef, 0x23,
    0xfd, 0x2, 0xfe, 0xff, 0x10, 0xef, 0x23, 0xfd,
    0x2, 0xfe, 0xff, 0x11, 0xef, 0x23, 0xfd, 0x13,
    0xfe, 0xef, 0xff, 0xff, 0x1, 0xff, 0xff, 0xfc,
    0x4e, 0xff, 0xe5, 0x0, 0x7e, 0xff, 0xd3,

    /* U+F04D "" */
    0x0, 0x34, 0x44, 0x44, 0x44, 0x44, 0x44, 0x10,
    0x3, 0xef, 0xff, 0xff, 0xff, 0xff, 0xff, 0xff,
    0x60, 0xcf, 0xec, 0xcc, 0xcc, 0xcc, 0xcc, 0xcd,
    0xff, 0x1f, 0xf1, 0x0, 0x0, 0x0, 0x0, 0x0,
    0xd, 0xf4, 0xff, 0x0, 0x0, 0x0, 0x0, 0x0,
    0x0, 0xcf, 0x4f, 0xf0, 0x0, 0x0, 0x0, 0x0,
    0x0, 0xc, 0xf4, 0xff, 0x0, 0x0, 0x0, 0x0,
    0x0, 0x0, 0xcf, 0x4f, 0xf0, 0x0, 0x0, 0x0,
    0x0, 0x0, 0xc, 0xf4, 0xff, 0x0, 0x0, 0x0,
    0x0, 0x0, 0x0, 0xcf, 0x4f, 0xf0, 0x0, 0x0,
    0x0, 0x0, 0x0, 0xc, 0xf4, 0xff, 0x0, 0x0,
    0x0, 0x0, 0x0, 0x0, 0xcf, 0x4f, 0xf0, 0x0,
    0x0, 0x0, 0x0, 0x0, 0xc, 0xf4, 0xff, 0x0,
    0x0, 0x0, 0x0, 0x0, 0x0, 0xcf, 0x4f, 0xf0,
    0x0, 0x0, 0x0, 0x0, 0x0, 0xc, 0xf4, 0xff,
    0x40, 0x0, 0x0, 0x0, 0x0, 0x1, 0xef, 0x3a,
    0xff, 0xff, 0xff, 0xff, 0xff, 0xff, 0xff, 0xe0,
    0x1a, 0xff, 0xff, 0xff, 0xff, 0xff, 0xff, 0xc3,
    0x0,

    /* U+F051 "" */
    0x2, 0x50, 0x0, 0x0, 0x0, 0x5, 0x20, 0xef,
    0xd3, 0x0, 0x0, 0x3, 0xfc, 0x1f, 0xff, 0xf8,
    0x0, 0x0, 0x4f, 0xd1, 0xff, 0xbf, 0xfc, 0x20,
    0x4, 0xfd, 0x1f, 0xe0, 0x5f, 0xff, 0x70, 0x4f,
    0xd1, 0xfe, 0x0, 0x1b, 0xff, 0xb6, 0xfd, 0x1f,
    0xe0, 0x0, 0x6, 0xff, 0xff, 0xd1, 0xfe, 0x0,
    0x0, 0x2, 0xcf, 0xfd, 0x1f, 0xe0, 0x0, 0x0,
    0x0, 0x8f, 0xd1, 0xfe, 0x0, 0x0, 0x0, 0x3d,
    0xfd, 0x1f, 0xe0, 0x0, 0x0, 0x8f, 0xff, 0xd1,
    0xfe, 0x0, 0x3, 0xdf, 0xfc, 0xfd, 0x1f, 0xe0,
    0x7, 0xff, 0xe4, 0x4f, 0xd1, 0xfe, 0x2c, 0xff,
    0xa1, 0x4, 0xfd, 0x1f, 0xff, 0xfe, 0x50, 0x0,
    0x4f, 0xd1, 0xff, 0xfb, 0x10, 0x0, 0x3, 0xfc,
    0xa, 0xe6, 0x0, 0x0, 0x0, 0x1d, 0x80, 0x0,
    0x0, 0x0, 0x0, 0x0, 0x0,

    /* U+F052 "" */
    0x0, 0x0, 0x0, 0x0, 0x1, 0x52, 0x0, 0x0,
    0x0, 0x0, 0x0, 0x0, 0x0, 0x0, 0x3, 0xef,
    0xf5, 0x0, 0x0, 0x0, 0x0, 0x0, 0x0, 0x0,
    0x2, 0xef, 0xef, 0xf4, 0x0, 0x0, 0x0, 0x0,
    0x0, 0x0, 0x1, 0xdf, 0xc0, 0x9f, 0xf3, 0x0,
    0x0, 0x0, 0x0, 0x0, 0x1, 0xdf, 0xd1, 0x0,
    0xaf, 0xe2, 0x0, 0x0, 0x0, 0x0, 0x0, 0xcf,
    0xe1, 0x0, 0x0, 0xbf, 0xe1, 0x0, 0x0, 0x0,
    0x0, 0xbf, 0xe2, 0x0, 0x0, 0x0, 0xcf, 0xd1,
    0x0, 0x0, 0x0, 0xaf, 0xf3, 0x0, 0x0, 0x0,
    0x1, 0xdf, 0xc0, 0x0, 0x0, 0x8f, 0xf4, 0x0,
    0x0, 0x0, 0x0, 0x1, 0xef, 0xb0, 0x0, 0x6f,
    0xf5, 0x0, 0x0, 0x0, 0x0, 0x0, 0x2, 0xef,
    0x90, 0xe, 0xf8, 0x11, 0x11, 0x11, 0x11, 0x11,
    0x11, 0x15, 0xff, 0x10, 0xdf, 0xff, 0xff, 0xff,
    0xff, 0xff, 0xff, 0xff, 0xff, 0xf1, 0x3, 0xcf,
    0xff, 0xff, 0xff, 0xff, 0xff, 0xff, 0xff, 0xd6,
    0x0, 0x0, 0x0, 0x0, 0x0, 0x0, 0x0, 0x0,
    0x0, 0x0, 0x0, 0x0, 0x1, 0x11, 0x11, 0x11,
    0x11, 0x11, 0x11, 0x11, 0x10, 0x0, 0xcf, 0xff,
    0xff, 0xff, 0xff, 0xff, 0xff, 0xff, 0xff, 0xe1,
    0xb, 0xff, 0xff, 0xff, 0xff, 0xff, 0xff, 0xff,
    0xff, 0xfd, 0x10,

    /* U+F053 "" */
    0x0, 0x0, 0x0, 0x0, 0x6, 0x10, 0x0, 0x0,
    0x0, 0xc, 0xf8, 0x0, 0x0, 0x0, 0xc, 0xfe,
    0x20, 0x0, 0x0, 0xc, 0xfe, 0x20, 0x0, 0x0,
    0xc, 0xfe, 0x20, 0x0, 0x0, 0xc, 0xfe, 0x20,
    0x0, 0x0, 0xc, 0xfe, 0x20, 0x0, 0x0, 0xc,
    0xfe, 0x20, 0x0, 0x0, 0x1c, 0xfe, 0x20, 0x0,
    0x0, 0x8, 0xff, 0x20, 0x0, 0x0, 0x0, 0x4f,
    0xf8, 0x0, 0x0, 0x0, 0x0, 0x5f, 0xf8, 0x0,
    0x0, 0x0, 0x0, 0x5f, 0xf8, 0x0, 0x0, 0x0,
    0x0, 0x5f, 0xf8, 0x0, 0x0, 0x0, 0x0, 0x5f,
    0xf8, 0x0, 0x0, 0x0, 0x0, 0x5f, 0xf8, 0x0,
    0x0, 0x0, 0x0, 0x5f, 0xf8, 0x0, 0x0, 0x0,
    0x0, 0x5f, 0xf6, 0x0, 0x0, 0x0, 0x0, 0x5e,
    0x50, 0x0, 0x0, 0x0, 0x0, 0x0,

    /* U+F054 "" */
    0x3, 0x50, 0x0, 0x0, 0x0, 0x0, 0xd, 0xf8,
    0x0, 0x0, 0x0, 0x0, 0x5, 0xff, 0x80, 0x0,
    0x0, 0x0, 0x0, 0x5f, 0xf8, 0x0, 0x0, 0x0,
    0x0, 0x5, 0xff, 0x80, 0x0, 0x0, 0x0, 0x0,
    0x5f, 0xf9, 0x0, 0x0, 0x0, 0x0, 0x5, 0xff,
    0x90, 0x0, 0x0, 0x0, 0x0, 0x5f, 0xf9, 0x0,
    0x0, 0x0, 0x0, 0x5, 0xff, 0x90, 0x0, 0x0,
    0x0, 0x0, 0x6f, 0xf4, 0x0, 0x0, 0x0, 0x0,
    0xcf, 0xe1, 0x0, 0x0, 0x0, 0xc, 0xfe, 0x20,
    0x0, 0x0, 0x0, 0xcf, 0xe2, 0x0, 0x0, 0x0,
    0xc, 0xfe, 0x20, 0x0, 0x0, 0x0, 0xcf, 0xe2,
    0x0, 0x0, 0x0, 0xc, 0xfe, 0x20, 0x0, 0x0,
    0x0, 0xcf, 0xe2, 0x0, 0x0, 0x0, 0xa, 0xfe,
    0x20, 0x0, 0x0, 0x0, 0xa, 0xd2, 0x0, 0x0,
    0x0, 0x0, 0x0, 0x0, 0x0, 0x0, 0x0, 0x0,

    /* U+F067 "" */
    0x0, 0x0, 0x0, 0x0, 0x2c, 0x40, 0x0, 0x0,
    0x0, 0x0, 0x0, 0x0, 0x0, 0x6, 0xfa, 0x0,
    0x0, 0x0, 0x0, 0x0, 0x0, 0x0, 0x0, 0x6f,
    0xa0, 0x0, 0x0, 0x0, 0x0, 0x0, 0x0, 0x0,
    0x6, 0xfa, 0x0, 0x0, 0x0, 0x0, 0x0, 0x0,
    0x0, 0x0, 0x6f, 0xa0, 0x0, 0x0, 0x0, 0x0,
    0x0, 0x0, 0x0, 0x6, 0xfa, 0x0, 0x0, 0x0,
    0x0, 0x0, 0x0, 0x0, 0x0, 0x6f, 0xa0, 0x0,
    0x0, 0x0, 0x0, 0x0, 0x0, 0x0, 0x6, 0xfa,
    0x0, 0x0, 0x0, 0x0, 0x1e, 0xff, 0xff, 0xff,
    0xff, 0xff, 0xff, 0xff, 0xff, 0x42, 0xff, 0xff,
    0xff, 0xff, 0xff, 0xff, 0xff, 0xff, 0xf5, 0x0,
    0x0, 0x0, 0x0, 0x7f, 0xa0, 0x0, 0x0, 0x0,
    0x0, 0x0, 0x0, 0x0, 0x6, 0xfa, 0x0, 0x0,
    0x0, 0x0, 0x0, 0x0, 0x0, 0x0, 0x6f, 0xa0,
    0x0, 0x0, 0x0, 0x0, 0x0, 0x0, 0x0, 0x6,
    0xfa, 0x0, 0x0, 0x0, 0x0, 0x0, 0x0, 0x0,
    0x0, 0x6f, 0xa0, 0x0, 0x0, 0x0, 0x0, 0x0,
    0x0, 0x0, 0x6, 0xfa, 0x0, 0x0, 0x0, 0x0,
    0x0, 0x0, 0x0, 0x0, 0x6f, 0xa0, 0x0, 0x0,
    0x0, 0x0, 0x0, 0x0, 0x0, 0x2, 0xe6, 0x0,
    0x0, 0x0, 0x0,

    /* U+F068 "" */
    0x0, 0x11, 0x11, 0x11, 0x11, 0x11, 0x11, 0x11,
    0x10, 0x2, 0xef, 0xff, 0xff, 0xff, 0xff, 0xff,
    0xff, 0xff, 0xf5, 0x1e, 0xff, 0xff, 0xff, 0xff,
    0xff, 0xff, 0xff, 0xff, 0x40,

    /* U+F06E "" */
    0x0, 0x0, 0x0, 0x0, 0x2, 0x7a, 0xcd, 0xba,
    0x50, 0x0, 0x0, 0x0, 0x0, 0x0, 0x0, 0x0,
    0x3, 0xbf, 0xff, 0xff, 0xff, 0xff, 0x91, 0x0,
    0x0, 0x0, 0x0, 0x0, 0x0, 0x8f, 0xff, 0xb6,
    0x43, 0x57, 0xcf, 0xfe, 0x50, 0x0, 0x0, 0x0,
    0x0, 0xb, 0xff, 0xb1, 0x0, 0x0, 0x0, 0x3,
    0xdf, 0xf8, 0x0, 0x0, 0x0, 0x0, 0xcf, 0xf6,
    0x0, 0x17, 0xbd, 0xb5, 0x0, 0x9, 0xff, 0x80,
    0x0, 0x0, 0xa, 0xff, 0x20, 0x3, 0xef, 0xff,
    0xff, 0xc1, 0x0, 0x5f, 0xf5, 0x0, 0x0, 0x6f,
    0xf4, 0x0, 0x2f, 0xff, 0xf8, 0x7e, 0xfc, 0x0,
    0x7, 0xff, 0x20, 0x1, 0xff, 0x60, 0x0, 0xaf,
    0xff, 0xf4, 0x1, 0xef, 0x50, 0x0, 0xaf, 0xc0,
    0x9, 0xfc, 0x0, 0x0, 0xff, 0xff, 0xc0, 0x0,
    0x7f, 0xa0, 0x0, 0x1f, 0xf4, 0xe, 0xf4, 0x0,
    0x1, 0xff, 0x97, 0x0, 0x0, 0x3f, 0xc0, 0x0,
    0x8, 0xf9, 0xc, 0xf9, 0x0, 0x0, 0xff, 0x10,
    0x0, 0x0, 0x5f, 0xb0, 0x0, 0xd, 0xf7, 0x4,
    0xff, 0x30, 0x0, 0xcf, 0x80, 0x0, 0x0, 0xcf,
    0x70, 0x0, 0x7f, 0xe0, 0x0, 0xaf, 0xd1, 0x0,
    0x4f, 0xf7, 0x0, 0x1a, 0xfe, 0x10, 0x4, 0xff,
    0x60, 0x0, 0x1e, 0xfc, 0x0, 0x8, 0xff, 0xfe,
    0xff, 0xf4, 0x0, 0x2e, 0xfa, 0x0, 0x0, 0x3,
    0xff, 0xb1, 0x0, 0x5d, 0xff, 0xfb, 0x30, 0x3,
    0xef, 0xd0, 0x0, 0x0, 0x0, 0x3f, 0xfe, 0x50,
    0x0, 0x12, 0x0, 0x0, 0x8f, 0xfd, 0x10, 0x0,
    0x0, 0x0, 0x2, 0xdf, 0xfb, 0x51, 0x0, 0x2,
    0x7d, 0xff, 0xb0, 0x0, 0x0, 0x0, 0x0, 0x0,
    0x18, 0xff, 0xff, 0xfe, 0xff, 0xff, 0xe6, 0x0,
    0x0, 0x0, 0x0, 0x0, 0x0, 0x0, 0x28, 0xdf,
    0xff, 0xff, 0xc6, 0x0, 0x0, 0x0, 0x0, 0x0,
    0x0, 0x0, 0x0, 0x0, 0x0, 0x23, 0x20, 0x0,
    0x0, 0x0, 0x0, 0x0,

    /* U+F070 "" */
    0x1, 0x10, 0x0, 0x0, 0x0, 0x0, 0x0, 0x0,
    0x0, 0x0, 0x0, 0x0, 0x0, 0x0, 0x0, 0xef,
    0x50, 0x0, 0x0, 0x0, 0x0, 0x0, 0x0, 0x0,
    0x0, 0x0, 0x0, 0x0, 0x0, 0x9, 0xff, 0x90,
    0x0, 0x0, 0x15, 0xac, 0xdc, 0xa7, 0x20, 0x0,
    0x0, 0x0, 0x0, 0x0, 0x7, 0xff, 0xc1, 0x0,
    0x7f, 0xff, 0xff, 0xff, 0xff, 0xc3, 0x0, 0x0,
    0x0, 0x0, 0x0, 0x3, 0xef, 0xe7, 0xdf, 0xfc,
    0x74, 0x34, 0x6a, 0xff, 0xf9, 0x0, 0x0, 0x0,
    0x0, 0x0, 0x1, 0xcf, 0xff, 0xd4, 0x0, 0x0,
    0x0, 0x1, 0xaf, 0xfc, 0x10, 0x0, 0x0, 0x0,
    0x0, 0x0, 0x8f, 0xfb, 0x10, 0x5a, 0xcb, 0x71,
    0x0, 0x5e, 0xfd, 0x10, 0x0, 0x0, 0x0, 0x2,
    0x0, 0x5f, 0xfd, 0xbf, 0xff, 0xff, 0xe4, 0x0,
    0x2e, 0xfb, 0x0, 0x0, 0x0, 0x1, 0xea, 0x0,
    0x2d, 0xff, 0xff, 0xb5, 0xcf, 0xf2, 0x0, 0x3f,
    0xf8, 0x0, 0x0, 0x0, 0xbf, 0xb0, 0x0, 0xa,
    0xff, 0xf9, 0x0, 0xaf, 0xb0, 0x0, 0x5f, 0xf2,
    0x0, 0x0, 0x3f, 0xf1, 0x0, 0x0, 0x7, 0xff,
    0xc1, 0x1, 0xff, 0x0, 0x0, 0xbf, 0xa0, 0x0,
    0x8, 0xfa, 0x0, 0x0, 0x40, 0x4, 0xef, 0xe4,
    0xe, 0xf3, 0x0, 0x2, 0xff, 0x0, 0x0, 0x5f,
    0xe1, 0x0, 0x9, 0xb1, 0x1, 0xcf, 0xf7, 0xff,
    0x20, 0x0, 0x8f, 0xd0, 0x0, 0x0, 0xdf, 0x90,
    0x0, 0x5f, 0xd0, 0x0, 0x9f, 0xff, 0xd0, 0x0,
    0x2f, 0xf4, 0x0, 0x0, 0x4, 0xff, 0x50, 0x0,
    0xdf, 0xc3, 0x0, 0x5f, 0xfe, 0x20, 0xc, 0xfb,
    0x0, 0x0, 0x0, 0x8, 0xff, 0x30, 0x2, 0xef,
    0xf8, 0x0, 0x2d, 0xff, 0x5a, 0xfe, 0x10, 0x0,
    0x0, 0x0, 0xb, 0xfe, 0x40, 0x1, 0x9e, 0xfb,
    0x10, 0x1b, 0xff, 0xff, 0x30, 0x0, 0x0, 0x0,
    0x0, 0xc, 0xff, 0x90, 0x0, 0x1, 0x0, 0x0,
    0x7, 0xff, 0xd1, 0x0, 0x0, 0x0, 0x0, 0x0,
    0x9, 0xff, 0xe7, 0x20, 0x0, 0x5, 0x60, 0x4,
    0xef, 0xe3, 0x0, 0x0, 0x0, 0x0, 0x0, 0x5,
    0xdf, 0xff, 0xfe, 0xef, 0xff, 0xa0, 0x1, 0xcf,
    0xf6, 0x0, 0x0, 0x0, 0x0, 0x0, 0x0, 0x5a,
    0xff, 0xff, 0xfd, 0x71, 0x0, 0x0, 0x9f, 0xf9,
    0x0, 0x0, 0x0, 0x0, 0x0, 0x0, 0x0, 0x12,
    0x10, 0x0, 0x0, 0x0, 0x0, 0x6f, 0xf5, 0x0,
    0x0, 0x0, 0x0, 0x0, 0x0, 0x0, 0x0, 0x0,
    0x0, 0x0, 0x0, 0x0, 0x38, 0x10,

    /* U+F071 "" */
    0x0, 0x0, 0x0, 0x0, 0x3, 0xbb, 0x30, 0x0,
    0x0, 0x0, 0x0, 0x0, 0x0, 0x0, 0x0, 0x3f,
    0xff, 0xf2, 0x0, 0x0, 0x0, 0x0, 0x0, 0x0,
    0x0, 0x0, 0xcf, 0x99, 0xfc, 0x0, 0x0, 0x0,
    0x0, 0x0, 0x0, 0x0, 0x6, 0xfe, 0x0, 0xef,
    0x60, 0x0, 0x0, 0x0, 0x0, 0x0, 0x0, 0x1f,
    0xf4, 0x0, 0x5f, 0xe1, 0x0, 0x0, 0x0, 0x0,
    0x0, 0x0, 0xaf, 0xb0, 0x21, 0xb, 0xf9, 0x0,
    0x0, 0x0, 0x0, 0x0, 0x4, 0xff, 0x20, 0xfe,
    0x2, 0xff, 0x30, 0x0, 0x0, 0x0, 0x0, 0xd,
    0xf7, 0x1, 0xff, 0x0, 0x8f, 0xd0, 0x0, 0x0,
    0x0, 0x0, 0x8f, 0xd0, 0x1, 0xff, 0x0, 0xe,
    0xf7, 0x0, 0x0, 0x0, 0x2, 0xff, 0x40, 0x1,
    0xff, 0x0, 0x4, 0xff, 0x20, 0x0, 0x0, 0xb,
    0xfa, 0x0, 0x1, 0xff, 0x0, 0x0, 0xbf, 0xb0,
    0x0, 0x0, 0x5f, 0xf1, 0x0, 0x0, 0x98, 0x0,
    0x0, 0x2f, 0xf5, 0x0, 0x1, 0xef, 0x60, 0x0,
    0x0, 0x0, 0x0, 0x0, 0x7, 0xfe, 0x0, 0x9,
    0xfd, 0x0, 0x0, 0x0, 0x99, 0x0, 0x0, 0x0,
    0xdf, 0x80, 0x3f, 0xf3, 0x0, 0x0, 0x5, 0xff,
    0x30, 0x0, 0x0, 0x4f, 0xf3, 0xbf, 0x90, 0x0,
    0x0, 0x1, 0xbb, 0x0, 0x0, 0x0, 0xa, 0xfa,
    0xff, 0x20, 0x0, 0x0, 0x0, 0x0, 0x0, 0x0,
    0x0, 0x2, 0xfe, 0xbf, 0xfe, 0xee, 0xee, 0xee,
    0xee, 0xee, 0xee, 0xee, 0xef, 0xfb, 0x2d, 0xff,
    0xff, 0xff, 0xff, 0xff, 0xff, 0xff, 0xff, 0xff,
    0xd2, 0x0, 0x12, 0x22, 0x22, 0x22, 0x22, 0x22,
    0x22, 0x22, 0x21, 0x0,

    /* U+F074 "" */
    0x0, 0x0, 0x0, 0x0, 0x0, 0x0, 0x0, 0x0,
    0x4, 0x0, 0x0, 0x0, 0x0, 0x0, 0x0, 0x0,
    0x0, 0x0, 0x0, 0x6, 0xfc, 0x10, 0x0, 0x0,
    0x0, 0x0, 0x0, 0x0, 0x0, 0x0, 0x0, 0x2e,
    0xfc, 0x10, 0x0, 0x0, 0x0, 0x0, 0x0, 0x0,
    0x0, 0x0, 0x0, 0x2e, 0xfc, 0x10, 0x9e, 0xee,
    0xd9, 0x10, 0x0, 0x0, 0x8, 0xcf, 0xff, 0xff,
    0xfb, 0xd, 0xff, 0xff, 0xfd, 0x20, 0x0, 0xb,
    0xff, 0xff, 0xff, 0xff, 0xd0, 0x2, 0x22, 0x3c,
    0xfc, 0x0, 0x9, 0xfe, 0x41, 0x13, 0xef, 0xe2,
    0x0, 0x0, 0x0, 0x1e, 0xf9, 0x4, 0xff, 0x30,
    0x1, 0xdf, 0xe2, 0x0, 0x0, 0x0, 0x0, 0x4f,
    0xf5, 0x1d, 0x70, 0x0, 0x6f, 0xe2, 0x0, 0x0,
    0x0, 0x0, 0x0, 0x7f, 0xf2, 0x20, 0x0, 0x1,
    0x71, 0x0, 0x0, 0x0, 0x0, 0x0, 0x0, 0xbf,
    0xc0, 0x0, 0x0, 0x0, 0x0, 0x0, 0x0, 0x0,
    0x0, 0x0, 0x11, 0xef, 0x90, 0x0, 0x0, 0x40,
    0x0, 0x0, 0x0, 0x0, 0x0, 0x2e, 0x23, 0xff,
    0x50, 0x0, 0x6f, 0xc0, 0x0, 0x0, 0x0, 0x0,
    0xd, 0xf9, 0x7, 0xff, 0x20, 0x1, 0xef, 0xc0,
    0x0, 0x0, 0x0, 0xa, 0xfd, 0x10, 0xb, 0xfd,
    0x20, 0x2, 0xef, 0xc0, 0xa, 0xff, 0xff, 0xff,
    0x30, 0x0, 0x1d, 0xff, 0xff, 0xff, 0xff, 0xb0,
    0xcf, 0xff, 0xfc, 0x20, 0x0, 0x0, 0x1a, 0xff,
    0xff, 0xff, 0xfc, 0x0, 0x11, 0x10, 0x0, 0x0,
    0x0, 0x0, 0x0, 0x11, 0x3e, 0xfd, 0x10, 0x0,
    0x0, 0x0, 0x0, 0x0, 0x0, 0x0, 0x0, 0x1d,
    0xfd, 0x10, 0x0, 0x0, 0x0, 0x0, 0x0, 0x0,
    0x0, 0x0, 0x6, 0xfd, 0x10, 0x0, 0x0, 0x0,
    0x0, 0x0, 0x0, 0x0, 0x0, 0x0, 0x6, 0x10,
    0x0, 0x0,

    /* U+F077 "" */
    0x0, 0x0, 0x0, 0x0, 0x19, 0x70, 0x0, 0x0,
    0x0, 0x0, 0x0, 0x0, 0x0, 0x0, 0xcf, 0xf8,
    0x0, 0x0, 0x0, 0x0, 0x0, 0x0, 0x0, 0xc,
    0xfe, 0xff, 0x80, 0x0, 0x0, 0x0, 0x0, 0x0,
    0x0, 0xcf, 0xe2, 0x5f, 0xf8, 0x0, 0x0, 0x0,
    0x0, 0x0, 0xc, 0xfe, 0x20, 0x5, 0xff, 0x80,
    0x0, 0x0, 0x0, 0x0, 0xcf, 0xe2, 0x0, 0x0,
    0x5f, 0xf8, 0x0, 0x0, 0x0, 0xc, 0xfe, 0x20,
    0x0, 0x0, 0x5, 0xff, 0x80, 0x0, 0x0, 0xcf,
    0xe2, 0x0, 0x0, 0x0, 0x0, 0x5f, 0xf9, 0x0,
    0xc, 0xfe, 0x20, 0x0, 0x0, 0x0, 0x0, 0x5,
    0xff, 0x80, 0x5f, 0xe2, 0x0, 0x0, 0x0, 0x0,
    0x0, 0x0, 0x5f, 0xf0, 0x7, 0x20, 0x0, 0x0,
    0x0, 0x0, 0x0, 0x0, 0x4, 0x50,

    /* U+F078 "" */
    0x0, 0x0, 0x0, 0x0, 0x0, 0x0, 0x0, 0x0,
    0x0, 0x0, 0x3e, 0x70, 0x0, 0x0, 0x0, 0x0,
    0x0, 0x0, 0xb, 0xc0, 0x3f, 0xf8, 0x0, 0x0,
    0x0, 0x0, 0x0, 0x0, 0xcf, 0xe0, 0x5, 0xff,
    0x80, 0x0, 0x0, 0x0, 0x0, 0xc, 0xfe, 0x20,
    0x0, 0x5f, 0xf8, 0x0, 0x0, 0x0, 0x0, 0xcf,
    0xe2, 0x0, 0x0, 0x5, 0xff, 0x80, 0x0, 0x0,
    0xc, 0xfe, 0x20, 0x0, 0x0, 0x0, 0x5f, 0xf8,
    0x0, 0x0, 0xcf, 0xe2, 0x0, 0x0, 0x0, 0x0,
    0x5, 0xff, 0x80, 0xc, 0xfe, 0x20, 0x0, 0x0,
    0x0, 0x0, 0x0, 0x5f, 0xf8, 0xcf, 0xe2, 0x0,
    0x0, 0x0, 0x0, 0x0, 0x0, 0x5, 0xff, 0xfe,
    0x20, 0x0, 0x0, 0x0, 0x0, 0x0, 0x0, 0x0,
    0x5f, 0xe2, 0x0, 0x0, 0x0, 0x0, 0x0, 0x0,
    0x0, 0x0, 0x2, 0x0, 0x0, 0x0, 0x0, 0x0,

    /* U+F079 "" */
    0x0, 0x1, 0x20, 0x0, 0x0, 0x0, 0x0, 0x0,
    0x0, 0x0, 0x0, 0x0, 0x0, 0x2, 0xef, 0x50,
    0x0, 0x0, 0x0, 0x0, 0x0, 0x0, 0x0, 0x0,
    0x0, 0x2, 0xef, 0xff, 0x50, 0x0, 0x9, 0xee,
    0xee, 0xee, 0xc7, 0x0, 0x0, 0x2, 0xef, 0xc9,
    0xff, 0x50, 0x0, 0xdf, 0xff, 0xff, 0xff, 0xfb,
    0x0, 0x0, 0xdf, 0xd3, 0x2b, 0xff, 0x10, 0x0,
    0x22, 0x22, 0x22, 0x5e, 0xf5, 0x0, 0xe, 0xff,
    0xff, 0xff, 0xf2, 0x0, 0x0, 0x0, 0x0, 0x0,
    0x7f, 0x90, 0x0, 0x5d, 0xef, 0xfe, 0xe8, 0x0,
    0x0, 0x0, 0x0, 0x0, 0x6, 0xfa, 0x0, 0x0,
    0x0, 0xef, 0x20, 0x0, 0x0, 0x0, 0x0, 0x0,
    0x0, 0x6f, 0xa0, 0x0, 0x0, 0xe, 0xf2, 0x0,
    0x0, 0x0, 0x0, 0x0, 0x0, 0x6, 0xfa, 0x0,
    0x0, 0x0, 0xef, 0x20, 0x0, 0x0, 0x0, 0x0,
    0x0, 0x0, 0x6f, 0xa0, 0x0, 0x0, 0xe, 0xf2,
    0x0, 0x0, 0x0, 0x0, 0x0, 0x0, 0x6, 0xfa,
    0x0, 0x0, 0x0, 0xef, 0x20, 0x0, 0x0, 0x0,
    0x0, 0x0, 0xbf, 0xff, 0xff, 0xd3, 0x0, 0xd,
    0xf5, 0x0, 0x0, 0x0, 0x0, 0x0, 0x6f, 0xff,
    0xff, 0xff, 0xb0, 0x0, 0x9f, 0xd5, 0x33, 0x33,
    0x33, 0x0, 0x4, 0xff, 0x71, 0x4f, 0xf8, 0x0,
    0x1, 0xef, 0xff, 0xff, 0xff, 0xf9, 0x0, 0x8,
    0xff, 0x8e, 0xfc, 0x0, 0x0, 0x1, 0x8c, 0xdd,
    0xdd, 0xdd, 0x50, 0x0, 0x8, 0xff, 0xfc, 0x0,
    0x0, 0x0, 0x0, 0x0, 0x0, 0x0, 0x0, 0x0,
    0x0, 0x8, 0xfc, 0x0, 0x0, 0x0, 0x0, 0x0,
    0x0, 0x0, 0x0, 0x0, 0x0, 0x0, 0x2, 0x0,
    0x0,

    /* U+F07B "" */
    0x0, 0x8c, 0xdd, 0xdd, 0xdd, 0x91, 0x0, 0x0,
    0x0, 0x0, 0x0, 0x0, 0x9f, 0xff, 0xff, 0xff,
    0xff, 0xd2, 0x0, 0x0, 0x0, 0x0, 0x0, 0xe,
    0xf5, 0x33, 0x33, 0x34, 0xcf, 0xe3, 0x11, 0x11,
    0x11, 0x0, 0x0, 0xff, 0x0, 0x0, 0x0, 0x1,
    0xcf, 0xff, 0xff, 0xff, 0xff, 0xb1, 0xf, 0xf0,
    0x0, 0x0, 0x0, 0x1, 0xae, 0xff, 0xff, 0xff,
    0xff, 0xa0, 0xff, 0x0, 0x0, 0x0, 0x0, 0x0,
    0x0, 0x0, 0x0, 0x3, 0xfe, 0xf, 0xf0, 0x0,
    0x0, 0x0, 0x0, 0x0, 0x0, 0x0, 0x0, 0x1f,
    0xf0, 0xff, 0x0, 0x0, 0x0, 0x0, 0x0, 0x0,
    0x0, 0x0, 0x1, 0xff, 0xf, 0xf0, 0x0, 0x0,
    0x0, 0x0, 0x0, 0x0, 0x0, 0x0, 0x1f, 0xf0,
    0xff, 0x0, 0x0, 0x0, 0x0, 0x0, 0x0, 0x0,
    0x0, 0x1, 0xff, 0xf, 0xf0, 0x0, 0x0, 0x0,
    0x0, 0x0, 0x0, 0x0, 0x0, 0x1f, 0xf0, 0xff,
    0x0, 0x0, 0x0, 0x0, 0x0, 0x0, 0x0, 0x0,
    0x1, 0xff, 0xf, 0xf0, 0x0, 0x0, 0x0, 0x0,
    0x0, 0x0, 0x0, 0x0, 0x1f, 0xf0, 0xff, 0x0,
    0x0, 0x0, 0x0, 0x0, 0x0, 0x0, 0x0, 0x1,
    0xff, 0xf, 0xf0, 0x0, 0x0, 0x0, 0x0, 0x0,
    0x0, 0x0, 0x0, 0x1f, 0xf0, 0xff, 0x0, 0x0,
    0x0, 0x0, 0x0, 0x0, 0x0, 0x0, 0x1, 0xff,
    0xf, 0xf1, 0x0, 0x0, 0x0, 0x0, 0x0, 0x0,
    0x0, 0x0, 0x3f, 0xe0, 0xcf, 0xfe, 0xee, 0xee,
    0xee, 0xee, 0xee, 0xee, 0xee, 0xef, 0xfa, 0x2,
    0xdf, 0xff, 0xff, 0xff, 0xff, 0xff, 0xff, 0xff,
    0xff, 0xfc, 0x10, 0x0, 0x12, 0x22, 0x22, 0x22,
    0x22, 0x22, 0x22, 0x22, 0x21, 0x0,

    /* U+F093 "" */
    0x0, 0x0, 0x0, 0x0, 0x0, 0x0, 0x0, 0x0,
    0x0, 0x0, 0x0, 0x0, 0x0, 0x0, 0x0, 0x2,
    0xee, 0x20, 0x0, 0x0, 0x0, 0x0, 0x0, 0x0,
    0x0, 0x0, 0x2e, 0xff, 0xe2, 0x0, 0x0, 0x0,
    0x0, 0x0, 0x0, 0x0, 0x2, 0xef, 0xff, 0xfe,
    0x20, 0x0, 0x0, 0x0, 0x0, 0x0, 0x0, 0x2e,
    0xfc, 0xff, 0xcf, 0xe2, 0x0, 0x0, 0x0, 0x0,
    0x0, 0x2, 0xef, 0xc1, 0xff, 0x1c, 0xfe, 0x20,
    0x0, 0x0, 0x0, 0x0, 0x2e, 0xfc, 0x0, 0xff,
    0x0, 0xcf, 0xe2, 0x0, 0x0, 0x0, 0x0, 0xcf,
    0xc0, 0x0, 0xff, 0x0, 0xc, 0xfc, 0x0, 0x0,
    0x0, 0x0, 0x59, 0x0, 0x0, 0xff, 0x0, 0x0,
    0x95, 0x0, 0x0, 0x0, 0x0, 0x0, 0x0, 0x0,
    0xff, 0x0, 0x0, 0x0, 0x0, 0x0, 0x0, 0x0,
    0x0, 0x0, 0x0, 0xff, 0x0, 0x0, 0x0, 0x0,
    0x0, 0x0, 0x0, 0x0, 0x0, 0x0, 0xff, 0x0,
    0x0, 0x0, 0x0, 0x0, 0x0, 0x0, 0x0, 0x0,
    0x0, 0xff, 0x0, 0x0, 0x0, 0x0, 0x0, 0x0,
    0x1, 0x11, 0x11, 0x10, 0xff, 0x1, 0x11, 0x11,
    0x10, 0x0, 0x1b, 0xff, 0xff, 0xff, 0x90, 0xff,
    0x9, 0xff, 0xff, 0xff, 0xb1, 0xaf, 0xff, 0xff,
    0xff, 0x90, 0xff, 0x9, 0xff, 0xff, 0xff, 0xfa,
    0xff, 0x20, 0x0, 0x0, 0x0, 0xdd, 0x0, 0x0,
    0x0, 0x2, 0xff, 0xff, 0x10, 0x0, 0x0, 0x0,
    0x0, 0x0, 0x0, 0x1b, 0x51, 0xff, 0xff, 0x10,
    0x0, 0x0, 0x0, 0x0, 0x0, 0x0, 0x2f, 0x91,
    0xff, 0xff, 0x10, 0x0, 0x0, 0x0, 0x0, 0x0,
    0x0, 0x1, 0x1, 0xff, 0xef, 0x41, 0x11, 0x11,
    0x11, 0x11, 0x11, 0x11, 0x11, 0x14, 0xfe, 0x9f,
    0xff, 0xff, 0xff, 0xff, 0xff, 0xff, 0xff, 0xff,
    0xff, 0xf9, 0x9, 0xef, 0xff, 0xff, 0xff, 0xff,
    0xff, 0xff, 0xff, 0xfe, 0x90,

    /* U+F095 "" */
    0x0, 0x0, 0x0, 0x0, 0x0, 0x0, 0x0, 0x0,
    0x0, 0x0, 0x0, 0x0, 0x0, 0x14, 0x8b, 0xff,
    0xa0, 0x0, 0x0, 0x0, 0x0, 0x0, 0x0, 0x0,
    0x7, 0xff, 0xff, 0xff, 0xf5, 0x0, 0x0, 0x0,
    0x0, 0x0, 0x0, 0x0, 0xf, 0xfd, 0x96, 0x27,
    0xfb, 0x0, 0x0, 0x0, 0x0, 0x0, 0x0, 0x0,
    0xf, 0xf2, 0x0, 0x1, 0xff, 0x20, 0x0, 0x0,
    0x0, 0x0, 0x0, 0x0, 0xd, 0xf3, 0x0, 0x0,
    0x9f, 0x90, 0x0, 0x0, 0x0, 0x0, 0x0, 0x0,
    0xc, 0xf5, 0x0, 0x0, 0x2f, 0xf0, 0x0, 0x0,
    0x0, 0x0, 0x0, 0x0, 0xa, 0xf8, 0x0, 0x0,
    0x2f, 0xf3, 0x0, 0x0, 0x0, 0x0, 0x0, 0x0,
    0x5, 0xfd, 0x0, 0x4, 0xff, 0xc0, 0x0, 0x0,
    0x0, 0x0, 0x0, 0x0, 0x1, 0xff, 0x20, 0xe,
    0xfa, 0x0, 0x0, 0x0, 0x0, 0x0, 0x0, 0x0,
    0x0, 0xcf, 0x80, 0x1f, 0xf3, 0x0, 0x0, 0x0,
    0x0, 0x0, 0x0, 0x0, 0x0, 0x4f, 0xf1, 0xa,
    0xfd, 0x0, 0x0, 0x0, 0x0, 0x0, 0x0, 0x0,
    0x0, 0xc, 0xf9, 0x0, 0xdf, 0xb0, 0x0, 0x1,
    0x51, 0x0, 0x0, 0x0, 0x0, 0x4, 0xff, 0x30,
    0x2f, 0xfb, 0x10, 0x2e, 0xff, 0xa4, 0x0, 0x0,
    0x0, 0x0, 0x9f, 0xe1, 0x4, 0xef, 0xe4, 0xdf,
    0xdf, 0xff, 0xd6, 0x0, 0x0, 0x0, 0xd, 0xfc,
    0x0, 0x2c, 0xff, 0xfd, 0x1, 0x8e, 0xff, 0xa0,
    0x0, 0x0, 0x2, 0xef, 0xd1, 0x0, 0x9f, 0xb1,
    0x0, 0x0, 0x7f, 0xe0, 0x0, 0x0, 0x0, 0x2e,
    0xfe, 0x30, 0x0, 0x0, 0x0, 0x0, 0x5f, 0xc0,
    0x0, 0x0, 0x0, 0x1, 0xdf, 0xfa, 0x10, 0x0,
    0x0, 0x0, 0x8f, 0x90, 0x0, 0x0, 0x0, 0x0,
    0x8, 0xff, 0xf9, 0x30, 0x0, 0x0, 0xcf, 0x50,
    0x0, 0x0, 0x0, 0x0, 0x0, 0x3c, 0xff, 0xfe,
    0x97, 0x54, 0xff, 0x20, 0x0, 0x0, 0x0, 0x0,
    0x0, 0x0, 0x39, 0xff, 0xff, 0xff, 0xfe, 0x0,
    0x0, 0x0, 0x0, 0x0, 0x0, 0x0, 0x0, 0x3,
    0x7a, 0xcd, 0xc4, 0x0,

    /* U+F0C4 "" */
    0x0, 0x0, 0x1, 0x10, 0x0, 0x0, 0x0, 0x0,
    0x0, 0x0, 0x0, 0x0, 0x0, 0x8, 0xef, 0xfe,
    0x50, 0x0, 0x0, 0x0, 0x0, 0x0, 0x0, 0x0,
    0x0, 0xcf, 0xff, 0xff, 0xf9, 0x0, 0x0, 0x0,
    0x0, 0x0, 0x0, 0x0, 0x7, 0xff, 0x40, 0x7,
    0xff, 0x40, 0x0, 0x0, 0x0, 0x0, 0x3, 0x40,
    0xd, 0xf5, 0x0, 0x0, 0x9f, 0x90, 0x0, 0x0,
    0x0, 0x0, 0x7f, 0xf1, 0xf, 0xf2, 0x0, 0x0,
    0x5f, 0xc0, 0x0, 0x0, 0x0, 0xa, 0xff, 0x90,
    0xd, 0xf5, 0x0, 0x0, 0x9f, 0xa0, 0x0, 0x0,
    0x1, 0xcf, 0xf7, 0x0, 0x8, 0xfe, 0x40, 0x6,
    0xff, 0x70, 0x0, 0x0, 0x3e, 0xff, 0x40, 0x0,
    0x0, 0xcf, 0xff, 0xff, 0xff, 0xf6, 0x0, 0x5,
    0xff, 0xe2, 0x0, 0x0, 0x0, 0x9, 0xff, 0xfe,
    0x79, 0xff, 0x90, 0x8f, 0xfc, 0x10, 0x0, 0x0,
    0x0, 0x0, 0x2, 0x20, 0x0, 0x7f, 0xfe, 0xff,
    0xa0, 0x0, 0x0, 0x0, 0x0, 0x0, 0x0, 0x0,
    0x0, 0x6, 0xff, 0xf7, 0x0, 0x0, 0x0, 0x0,
    0x0, 0x0, 0x0, 0x0, 0x0, 0x2d, 0xff, 0x50,
    0x20, 0x0, 0x0, 0x0, 0x0, 0x2, 0x8b, 0xb8,
    0x13, 0xef, 0xe3, 0xb, 0xf4, 0x0, 0x0, 0x0,
    0x0, 0x6f, 0xff, 0xff, 0xff, 0xfc, 0x10, 0x1c,
    0xff, 0x60, 0x0, 0x0, 0x3, 0xff, 0xa5, 0x6c,
    0xff, 0xa0, 0x0, 0x0, 0xaf, 0xf9, 0x0, 0x0,
    0xb, 0xf9, 0x0, 0x0, 0xcf, 0x70, 0x0, 0x0,
    0x7, 0xff, 0xb0, 0x0, 0xe, 0xf2, 0x0, 0x0,
    0x7f, 0xa0, 0x0, 0x0, 0x0, 0x5f, 0xfd, 0x10,
    0xf, 0xf2, 0x0, 0x0, 0x6f, 0xa0, 0x0, 0x0,
    0x0, 0x3, 0xef, 0xe0, 0xb, 0xf9, 0x0, 0x0,
    0xdf, 0x70, 0x0, 0x0, 0x0, 0x0, 0x1c, 0xe0,
    0x3, 0xff, 0xa5, 0x6c, 0xfe, 0x0, 0x0, 0x0,
    0x0, 0x0, 0x0, 0x0, 0x0, 0x6f, 0xff, 0xff,
    0xe3, 0x0, 0x0, 0x0, 0x0, 0x0, 0x0, 0x0,
    0x0, 0x2, 0x9c, 0xb8, 0x10, 0x0, 0x0, 0x0,
    0x0, 0x0, 0x0, 0x0,

    /* U+F0C5 "" */
    0x0, 0x0, 0x0, 0x0, 0x11, 0x11, 0x11, 0x0,
    0x0, 0x0, 0x0, 0x0, 0x0, 0x4e, 0xff, 0xff,
    0xff, 0xf9, 0x0, 0x0, 0x0, 0x0, 0x0, 0xff,
    0xff, 0xff, 0xff, 0xff, 0xa0, 0x0, 0x0, 0x0,
    0x3, 0xfd, 0x0, 0x0, 0x0, 0x3f, 0xfa, 0x0,
    0x0, 0x0, 0x4, 0xfc, 0x0, 0x0, 0x0, 0x3,
    0xef, 0x90, 0x0, 0x0, 0x4, 0xfc, 0x0, 0x0,
    0x0, 0x0, 0x2f, 0xf1, 0x7, 0xcd, 0x14, 0xfc,
    0x0, 0x0, 0x0, 0x0, 0xe, 0xf2, 0x8f, 0xff,
    0x14, 0xfc, 0x0, 0x0, 0x0, 0x0, 0xe, 0xf2,
    0xef, 0x63, 0x4, 0xfc, 0x0, 0x0, 0x0, 0x0,
    0xe, 0xf2, 0xff, 0x0, 0x4, 0xfc, 0x0, 0x0,
    0x0, 0x0, 0xe, 0xf2, 0xff, 0x0, 0x4, 0xfc,
    0x0, 0x0, 0x0, 0x0, 0xe, 0xf2, 0xff, 0x0,
    0x4, 0xfc, 0x0, 0x0, 0x0, 0x0, 0xe, 0xf2,
    0xff, 0x0, 0x4, 0xfc, 0x0, 0x0, 0x0, 0x0,
    0xe, 0xf2, 0xff, 0x0, 0x4, 0xfc, 0x0, 0x0,
    0x0, 0x0, 0xe, 0xf2, 0xff, 0x0, 0x3, 0xfd,
    0x0, 0x0, 0x0, 0x0, 0x1f, 0xf1, 0xff, 0x0,
    0x0, 0xff, 0xff, 0xff, 0xff, 0xff, 0xff, 0xd0,
    0xff, 0x0, 0x0, 0x4e, 0xff, 0xff, 0xff, 0xff,
    0xfd, 0x30, 0xff, 0x0, 0x0, 0x0, 0x11, 0x11,
    0x11, 0x11, 0x10, 0x0, 0xff, 0x0, 0x0, 0x0,
    0x0, 0x0, 0x22, 0x0, 0x0, 0x0, 0xff, 0x0,
    0x0, 0x0, 0x0, 0x4, 0xfc, 0x0, 0x0, 0x0,
    0xef, 0x41, 0x11, 0x11, 0x11, 0x18, 0xfb, 0x0,
    0x0, 0x0, 0x9f, 0xff, 0xff, 0xff, 0xff, 0xff,
    0xf6, 0x0, 0x0, 0x0, 0x9, 0xef, 0xff, 0xff,
    0xff, 0xfd, 0x70, 0x0, 0x0, 0x0,

    /* U+F0C7 "" */
    0x9, 0xef, 0xff, 0xff, 0xff, 0xff, 0xfe, 0x80,
    0x0, 0x0, 0x9f, 0xff, 0xff, 0xff, 0xff, 0xff,
    0xff, 0xfa, 0x0, 0x0, 0xff, 0x4c, 0xf5, 0x11,
    0x11, 0x16, 0xfd, 0xff, 0xa0, 0x0, 0xff, 0x1c,
    0xf4, 0x0, 0x0, 0x5, 0xfb, 0x4f, 0xf9, 0x0,
    0xff, 0x1c, 0xf4, 0x0, 0x0, 0x5, 0xfb, 0x5,
    0xff, 0x70, 0xff, 0x1c, 0xf6, 0x22, 0x22, 0x26,
    0xfb, 0x0, 0x7f, 0xf0, 0xff, 0x1c, 0xff, 0xff,
    0xff, 0xff, 0xfb, 0x0, 0xf, 0xf1, 0xff, 0x16,
    0xee, 0xee, 0xee, 0xee, 0xe5, 0x0, 0xe, 0xf1,
    0xff, 0x10, 0x0, 0x0, 0x0, 0x0, 0x0, 0x0,
    0xe, 0xf1, 0xff, 0x10, 0x0, 0x0, 0x0, 0x0,
    0x0, 0x0, 0xe, 0xf1, 0xff, 0x10, 0x0, 0x1,
    0xbf, 0xc3, 0x0, 0x0, 0xe, 0xf1, 0xff, 0x10,
    0x0, 0xc, 0xff, 0xfe, 0x0, 0x0, 0xe, 0xf1,
    0xff, 0x10, 0x0, 0xf, 0xff, 0xff, 0x40, 0x0,
    0xe, 0xf1, 0xff, 0x10, 0x0, 0xe, 0xff, 0xff,
    0x20, 0x0, 0xe, 0xf2, 0xff, 0x10, 0x0, 0x5,
    0xff, 0xf9, 0x0, 0x0, 0xe, 0xf2, 0xff, 0x10,
    0x0, 0x0, 0x26, 0x30, 0x0, 0x0, 0xe, 0xf2,
    0xff, 0x20, 0x0, 0x0, 0x0, 0x0, 0x0, 0x0,
    0xf, 0xf1, 0xbf, 0xfe, 0xee, 0xee, 0xee, 0xee,
    0xee, 0xee, 0xff, 0xd0, 0x2d, 0xff, 0xff, 0xff,
    0xff, 0xff, 0xff, 0xff, 0xfd, 0x30, 0x0, 0x12,
    0x22, 0x22, 0x22, 0x22, 0x22, 0x22, 0x10, 0x0,

    /* U+F0C9 "" */
    0x14, 0x44, 0x44, 0x44, 0x44, 0x44, 0x44, 0x44,
    0x44, 0x20, 0xdf, 0xff, 0xff, 0xff, 0xff, 0xff,
    0xff, 0xff, 0xff, 0xf1, 0x7c, 0xcc, 0xcc, 0xcc,
    0xcc, 0xcc, 0xcc, 0xcc, 0xcc, 0xa0, 0x0, 0x0,
    0x0, 0x0, 0x0, 0x0, 0x0, 0x0, 0x0, 0x0,
    0x0, 0x0, 0x0, 0x0, 0x0, 0x0, 0x0, 0x0,
    0x0, 0x0, 0x0, 0x0, 0x0, 0x0, 0x0, 0x0,
    0x0, 0x0, 0x0, 0x0, 0x0, 0x0, 0x0, 0x0,
    0x0, 0x0, 0x0, 0x0, 0x0, 0x0, 0x8d, 0xdd,
    0xdd, 0xdd, 0xdd, 0xdd, 0xdd, 0xdd, 0xdd, 0xb0,
    0xdf, 0xff, 0xff, 0xff, 0xff, 0xff, 0xff, 0xff,
    0xff, 0xf1, 0x3, 0x33, 0x33, 0x33, 0x33, 0x33,
    0x33, 0x33, 0x33, 0x10, 0x0, 0x0, 0x0, 0x0,
    0x0, 0x0, 0x0, 0x0, 0x0, 0x0, 0x0, 0x0,
    0x0, 0x0, 0x0, 0x0, 0x0, 0x0, 0x0, 0x0,
    0x0, 0x0, 0x0, 0x0, 0x0, 0x0, 0x0, 0x0,
    0x0, 0x0, 0x0, 0x0, 0x0, 0x0, 0x0, 0x0,
    0x0, 0x0, 0x0, 0x0, 0xaf, 0xff, 0xff, 0xff,
    0xff, 0xff, 0xff, 0xff, 0xff, 0xd0, 0xcf, 0xff,
    0xff, 0xff, 0xff, 0xff, 0xff, 0xff, 0xff, 0xf1,
    0x1, 0x11, 0x11, 0x11, 0x11, 0x11, 0x11, 0x11,
    0x11, 0x0,

    /* U+F0E0 "" */
    0x0, 0x34, 0x44, 0x44, 0x44, 0x44, 0x44, 0x44,
    0x44, 0x43, 0x0, 0x3e, 0xff, 0xff, 0xff, 0xff,
    0xff, 0xff, 0xff, 0xff, 0xff, 0xe2, 0xcf, 0xec,
    0xcc, 0xcc, 0xcc, 0xcc, 0xcc, 0xcc, 0xcc, 0xce,
    0xfc, 0xff, 0x10, 0x0, 0x0, 0x0, 0x0, 0x0,
    0x0, 0x0, 0x1, 0xff, 0xff, 0x40, 0x0, 0x0,
    0x0, 0x0, 0x0, 0x0, 0x0, 0x4, 0xff, 0xff,
    0xf6, 0x0, 0x0, 0x0, 0x0, 0x0, 0x0, 0x0,
    0x7f, 0xff, 0xff, 0xff, 0xa0, 0x0, 0x0, 0x0,
    0x0, 0x0, 0xa, 0xff, 0xff, 0xff, 0x6f, 0xfc,
    0x10, 0x0, 0x0, 0x0, 0x2, 0xdf, 0xf6, 0xff,
    0xff, 0x13, 0xef, 0xe4, 0x0, 0x0, 0x0, 0x4e,
    0xfe, 0x31, 0xff, 0xff, 0x10, 0x1c, 0xff, 0x70,
    0x0, 0x7, 0xff, 0xc1, 0x1, 0xff, 0xff, 0x10,
    0x0, 0x9f, 0xfa, 0x33, 0xbf, 0xf9, 0x0, 0x1,
    0xff, 0xff, 0x10, 0x0, 0x6, 0xff, 0xff, 0xff,
    0x60, 0x0, 0x1, 0xff, 0xff, 0x10, 0x0, 0x0,
    0x2a, 0xdd, 0x92, 0x0, 0x0, 0x1, 0xff, 0xff,
    0x10, 0x0, 0x0, 0x0, 0x0, 0x0, 0x0, 0x0,
    0x1, 0xff, 0xff, 0x41, 0x11, 0x11, 0x11, 0x11,
    0x11, 0x11, 0x11, 0x14, 0xff, 0xaf, 0xff, 0xff,
    0xff, 0xff, 0xff, 0xff, 0xff, 0xff, 0xff, 0xfa,
    0x1a, 0xff, 0xff, 0xff, 0xff, 0xff, 0xff, 0xff,
    0xff, 0xff, 0xa1,

    /* U+F0E7 "" */
    0x0, 0x0, 0x0, 0x0, 0x0, 0x0, 0x20, 0x0,
    0x0, 0x0, 0x0, 0x0, 0x0, 0x0, 0x8f, 0xd0,
    0x0, 0x0, 0x0, 0x0, 0x0, 0x0, 0xaf, 0xff,
    0x0, 0x0, 0x0, 0x0, 0x0, 0x1, 0xcf, 0xff,
    0xa0, 0x0, 0x0, 0x0, 0x0, 0x2, 0xdf, 0xee,
    0xf5, 0x0, 0x0, 0x0, 0x0, 0x4, 0xff, 0xd3,
    0xff, 0x10, 0x0, 0x0, 0x0, 0x6, 0xff, 0xb0,
    0x5f, 0xc0, 0x0, 0x0, 0x0, 0x8, 0xff, 0x90,
    0xa, 0xf8, 0x0, 0x0, 0x0, 0xa, 0xff, 0x70,
    0x0, 0xef, 0x30, 0x0, 0x0, 0x1c, 0xff, 0x50,
    0x0, 0x3f, 0xe0, 0x0, 0x0, 0x1e, 0xfe, 0x30,
    0x0, 0x8, 0xfe, 0xaa, 0xa8, 0x18, 0xff, 0xff,
    0xff, 0x80, 0x9f, 0xff, 0xff, 0xfa, 0x4f, 0xff,
    0xff, 0xfc, 0x1, 0x66, 0x6b, 0xff, 0xa0, 0x1,
    0x11, 0xaf, 0x80, 0x0, 0x7, 0xff, 0xb0, 0x0,
    0x0, 0xd, 0xf4, 0x0, 0x9, 0xff, 0x80, 0x0,
    0x0, 0x2, 0xff, 0x0, 0xb, 0xff, 0x60, 0x0,
    0x0, 0x0, 0x7f, 0xb0, 0x2d, 0xff, 0x40, 0x0,
    0x0, 0x0, 0xb, 0xf6, 0x3e, 0xfd, 0x20, 0x0,
    0x0, 0x0, 0x0, 0xff, 0x7f, 0xfc, 0x10, 0x0,
    0x0, 0x0, 0x0, 0x4f, 0xff, 0xfa, 0x0, 0x0,
    0x0, 0x0, 0x0, 0x9, 0xff, 0xf8, 0x0, 0x0,
    0x0, 0x0, 0x0, 0x0, 0xcf, 0xf5, 0x0, 0x0,
    0x0, 0x0, 0x0, 0x0, 0x3, 0xa3, 0x0, 0x0,
    0x0, 0x0, 0x0, 0x0,

    /* U+F0EA "" */
    0x0, 0x0, 0x0, 0x10, 0x0, 0x0, 0x0, 0x0,
    0x0, 0x0, 0x0, 0x0, 0x0, 0xb, 0xff, 0x50,
    0x0, 0x0, 0x0, 0x0, 0x0, 0x0, 0x0, 0x1,
    0x7f, 0xce, 0xe1, 0x10, 0x0, 0x0, 0x0, 0x0,
    0x0, 0x1b, 0xff, 0xff, 0x6b, 0xff, 0xff, 0x70,
    0x0, 0x0, 0x0, 0x0, 0xbf, 0xff, 0xff, 0xff,
    0xff, 0xff, 0xf3, 0x0, 0x0, 0x0, 0x0, 0xff,
    0x24, 0xef, 0xff, 0xa3, 0x0, 0x0, 0x0, 0x0,
    0x0, 0x0, 0xff, 0x0, 0x0, 0x0, 0x8, 0xef,
    0xff, 0xff, 0xfd, 0x30, 0x0, 0xff, 0x0, 0x0,
    0x0, 0x8f, 0xff, 0xff, 0xff, 0xff, 0xf4, 0x0,
    0xff, 0x0, 0x0, 0x0, 0xdf, 0x61, 0x11, 0x11,
    0x1a, 0xff, 0x30, 0xff, 0x0, 0x0, 0x0, 0xef,
    0x20, 0x0, 0x0, 0x0, 0xaf, 0xf3, 0xff, 0x0,
    0x0, 0x0, 0xef, 0x20, 0x0, 0x0, 0x0, 0xa,
    0xfd, 0xff, 0x0, 0x0, 0x0, 0xef, 0x20, 0x0,
    0x0, 0x0, 0x1, 0xff, 0xff, 0x0, 0x0, 0x0,
    0xef, 0x20, 0x0, 0x0, 0x0, 0x0, 0xff, 0xff,
    0x0, 0x0, 0x0, 0xef, 0x20, 0x0, 0x0, 0x0,
    0x0, 0xff, 0xff, 0x0, 0x0, 0x0, 0xef, 0x20,
    0x0, 0x0, 0x0, 0x0, 0xff, 0xff, 0x0, 0x0,
    0x0, 0xef, 0x20, 0x0, 0x0, 0x0, 0x0, 0xff,
    0xff, 0x0, 0x0, 0x0, 0xef, 0x20, 0x0, 0x0,
    0x0, 0x0, 0xff, 0xff, 0x20, 0x0, 0x0, 0xef,
    0x20, 0x0, 0x0, 0x0, 0x0, 0xff, 0xbf, 0xff,
    0xff, 0xd0, 0xef, 0x20, 0x0, 0x0, 0x0, 0x0,
    0xff, 0x2d, 0xff, 0xff, 0xd0, 0xef, 0x20, 0x0,
    0x0, 0x0, 0x0, 0xff, 0x0, 0x22, 0x22, 0x20,
    0xdf, 0x61, 0x11, 0x11, 0x11, 0x15, 0xfe, 0x0,
    0x0, 0x0, 0x0, 0x8f, 0xff, 0xff, 0xff, 0xff,
    0xff, 0xf9, 0x0, 0x0, 0x0, 0x0, 0x8, 0xef,
    0xff, 0xff, 0xff, 0xfe, 0x90,

    /* U+F0F3 "" */
    0x0, 0x0, 0x0, 0x0, 0x0, 0x20, 0x0, 0x0,
    0x0, 0x0, 0x0, 0x0, 0x0, 0x0, 0x0, 0x7f,
    0xb0, 0x0, 0x0, 0x0, 0x0, 0x0, 0x0, 0x0,
    0x0, 0xb, 0xff, 0x0, 0x0, 0x0, 0x0, 0x0,
    0x0, 0x0, 0x0, 0x5b, 0xff, 0xfc, 0x60, 0x0,
    0x0, 0x0, 0x0, 0x0, 0x0, 0xaf, 0xff, 0xff,
    0xff, 0xc0, 0x0, 0x0, 0x0, 0x0, 0x0, 0xbf,
    0xf7, 0x20, 0x27, 0xff, 0xc0, 0x0, 0x0, 0x0,
    0x0, 0x5f, 0xf2, 0x0, 0x0, 0x2, 0xff, 0x60,
    0x0, 0x0, 0x0, 0xd, 0xf7, 0x0, 0x0, 0x0,
    0x6, 0xfe, 0x0, 0x0, 0x0, 0x0, 0xff, 0x10,
    0x0, 0x0, 0x0, 0xf, 0xf1, 0x0, 0x0, 0x0,
    0x3f, 0xe0, 0x0, 0x0, 0x0, 0x0, 0xdf, 0x30,
    0x0, 0x0, 0x4, 0xfc, 0x0, 0x0, 0x0, 0x0,
    0xc, 0xf4, 0x0, 0x0, 0x0, 0x5f, 0xb0, 0x0,
    0x0, 0x0, 0x0, 0xaf, 0x60, 0x0, 0x0, 0x8,
    0xf9, 0x0, 0x0, 0x0, 0x0, 0x8, 0xf8, 0x0,
    0x0, 0x0, 0xbf, 0x70, 0x0, 0x0, 0x0, 0x0,
    0x6f, 0xb0, 0x0, 0x0, 0x2f, 0xf2, 0x0, 0x0,
    0x0, 0x0, 0x2, 0xff, 0x20, 0x0, 0xa, 0xfb,
    0x0, 0x0, 0x0, 0x0, 0x0, 0xa, 0xfa, 0x0,
    0x4, 0xff, 0x62, 0x22, 0x22, 0x22, 0x22, 0x22,
    0x6f, 0xf4, 0x0, 0xef, 0xff, 0xff, 0xff, 0xff,
    0xff, 0xff, 0xff, 0xff, 0xe0, 0x9, 0xee, 0xee,
    0xee, 0xee, 0xee, 0xee, 0xee, 0xee, 0xea, 0x0,
    0x0, 0x0, 0x0, 0x0, 0x0, 0x0, 0x0, 0x0,
    0x0, 0x0, 0x0, 0x0, 0x0, 0x0, 0xff, 0xff,
    0xf4, 0x0, 0x0, 0x0, 0x0, 0x0, 0x0, 0x0,
    0xa, 0xff, 0xfd, 0x0, 0x0, 0x0, 0x0, 0x0,
    0x0, 0x0, 0x0, 0x8, 0xb9, 0x10, 0x0, 0x0,
    0x0, 0x0,

    /* U+F11C "" */
    0x0, 0x34, 0x44, 0x44, 0x44, 0x44, 0x44, 0x44,
    0x44, 0x44, 0x44, 0x30, 0x2, 0xef, 0xff, 0xff,
    0xff, 0xff, 0xff, 0xff, 0xff, 0xff, 0xff, 0xff,
    0xd2, 0xcf, 0xec, 0xcc, 0xcc, 0xcc, 0xcc, 0xcc,
    0xcc, 0xcc, 0xcc, 0xcc, 0xef, 0xaf, 0xf1, 0x0,
    0x0, 0x0, 0x0, 0x0, 0x0, 0x0, 0x0, 0x0,
    0x3, 0xfe, 0xff, 0x10, 0x8d, 0x20, 0xca, 0x8,
    0xd2, 0x1c, 0x90, 0x8d, 0x20, 0x2f, 0xef, 0xf1,
    0xb, 0xf4, 0xf, 0xe0, 0xbf, 0x32, 0xfc, 0xb,
    0xf3, 0x2, 0xfe, 0xff, 0x10, 0x12, 0x0, 0x21,
    0x1, 0x20, 0x2, 0x10, 0x12, 0x0, 0x2f, 0xef,
    0xf1, 0x0, 0x20, 0x2, 0x10, 0x12, 0x0, 0x21,
    0x1, 0x20, 0x2, 0xfe, 0xff, 0x10, 0xbf, 0x40,
    0xfe, 0xb, 0xf3, 0x2f, 0xc0, 0xbf, 0x30, 0x2f,
    0xef, 0xf1, 0x8, 0xd2, 0xc, 0xb0, 0x8d, 0x21,
    0xd9, 0x8, 0xd2, 0x2, 0xfe, 0xff, 0x10, 0x0,
    0x0, 0x0, 0x0, 0x0, 0x0, 0x0, 0x0, 0x0,
    0x2f, 0xef, 0xf1, 0x0, 0x0, 0x34, 0x44, 0x44,
    0x44, 0x44, 0x20, 0x0, 0x2, 0xfe, 0xff, 0x10,
    0x0, 0x3f, 0xff, 0xff, 0xff, 0xff, 0xfd, 0x0,
    0x0, 0x2f, 0xef, 0xf1, 0x0, 0x1, 0xbc, 0xcc,
    0xcc, 0xcc, 0xcc, 0x80, 0x0, 0x2, 0xfe, 0xff,
    0x41, 0x11, 0x11, 0x11, 0x11, 0x11, 0x11, 0x11,
    0x11, 0x11, 0x5f, 0xda, 0xff, 0xff, 0xff, 0xff,
    0xff, 0xff, 0xff, 0xff, 0xff, 0xff, 0xff, 0xf9,
    0x1a, 0xff, 0xff, 0xff, 0xff, 0xff, 0xff, 0xff,
    0xff, 0xff, 0xff, 0xe9, 0x0,

    /* U+F124 "" */
    0x0, 0x0, 0x0, 0x0, 0x0, 0x0, 0x0, 0x0,
    0x0, 0x0, 0x0, 0x0, 0x0, 0x0, 0x0, 0x0,
    0x0, 0x4b, 0xe5, 0x0, 0x0, 0x0, 0x0, 0x0,
    0x0, 0x17, 0xef, 0xff, 0xb0, 0x0, 0x0, 0x0,
    0x0, 0x4, 0xaf, 0xff, 0xef, 0xf6, 0x0, 0x0,
    0x0, 0x1, 0x7d, 0xff, 0xfb, 0x53, 0xff, 0x10,
    0x0, 0x0, 0x3a, 0xff, 0xfe, 0x82, 0x0, 0x9f,
    0x90, 0x0, 0x6, 0xcf, 0xff, 0xc5, 0x0, 0x0,
    0x1f, 0xf3, 0x0, 0x7f, 0xff, 0xfb, 0x41, 0x10,
    0x0, 0x6, 0xfc, 0x0, 0xf, 0xff, 0xff, 0xff,
    0xff, 0xe4, 0x0, 0xdf, 0x60, 0x0, 0x9f, 0xff,
    0xff, 0xff, 0xff, 0xc0, 0x3f, 0xe0, 0x0, 0x0,
    0x0, 0x0, 0x0, 0x2, 0xfe, 0xa, 0xf9, 0x0,
    0x0, 0x0, 0x0, 0x0, 0x0, 0x2f, 0xe1, 0xff,
    0x20, 0x0, 0x0, 0x0, 0x0, 0x0, 0x2, 0xfe,
    0x7f, 0xb0, 0x0, 0x0, 0x0, 0x0, 0x0, 0x0,
    0x2f, 0xed, 0xf5, 0x0, 0x0, 0x0, 0x0, 0x0,
    0x0, 0x2, 0xff, 0xfe, 0x0, 0x0, 0x0, 0x0,
    0x0, 0x0, 0x0, 0x2f, 0xff, 0x80, 0x0, 0x0,
    0x0, 0x0, 0x0, 0x0, 0x2, 0xff, 0xf1, 0x0,
    0x0, 0x0, 0x0, 0x0, 0x0, 0x0, 0x1f, 0xfb,
    0x0, 0x0, 0x0, 0x0, 0x0, 0x0, 0x0, 0x0,
    0x9c, 0x20, 0x0, 0x0, 0x0, 0x0, 0x0, 0x0,
    0x0, 0x0, 0x0, 0x0, 0x0, 0x0,

    /* U+F15B "" */
    0x0, 0x1, 0x11, 0x11, 0x11, 0x0, 0x0, 0x0,
    0x1, 0xcf, 0xff, 0xff, 0xff, 0xfe, 0x50, 0x0,
    0x0, 0xbf, 0xff, 0xff, 0xff, 0xff, 0xff, 0x60,
    0x0, 0xf, 0xf2, 0x0, 0x0, 0x0, 0x9f, 0xff,
    0x60, 0x0, 0xff, 0x10, 0x0, 0x0, 0x9, 0xff,
    0xff, 0x60, 0xf, 0xf1, 0x0, 0x0, 0x0, 0x9f,
    0xff, 0xff, 0x50, 0xff, 0x10, 0x0, 0x0, 0x8,
    0xff, 0xff, 0xff, 0xf, 0xf1, 0x0, 0x0, 0x0,
    0x1a, 0xcc, 0xcf, 0xf3, 0xff, 0x10, 0x0, 0x0,
    0x0, 0x0, 0x0, 0xcf, 0x4f, 0xf1, 0x0, 0x0,
    0x0, 0x0, 0x0, 0xc, 0xf4, 0xff, 0x10, 0x0,
    0x0, 0x0, 0x0, 0x0, 0xcf, 0x4f, 0xf1, 0x0,
    0x0, 0x0, 0x0, 0x0, 0xc, 0xf4, 0xff, 0x10,
    0x0, 0x0, 0x0, 0x0, 0x0, 0xcf, 0x4f, 0xf1,
    0x0, 0x0, 0x0, 0x0, 0x0, 0xc, 0xf4, 0xff,
    0x10, 0x0, 0x0, 0x0, 0x0, 0x0, 0xcf, 0x4f,
    0xf1, 0x0, 0x0, 0x0, 0x0, 0x0, 0xc, 0xf4,
    0xff, 0x10, 0x0, 0x0, 0x0, 0x0, 0x0, 0xcf,
    0x4f, 0xf1, 0x0, 0x0, 0x0, 0x0, 0x0, 0xc,
    0xf4, 0xff, 0x10, 0x0, 0x0, 0x0, 0x0, 0x0,
    0xcf, 0x4f, 0xf1, 0x0, 0x0, 0x0, 0x0, 0x0,
    0xc, 0xf4, 0xff, 0x41, 0x11, 0x11, 0x11, 0x11,
    0x12, 0xef, 0x3a, 0xff, 0xff, 0xff, 0xff, 0xff,
    0xff, 0xff, 0xd0, 0x9, 0xef, 0xff, 0xff, 0xff,
    0xff, 0xfe, 0xb2, 0x0,

    /* U+F1EB "" */
    0x0, 0x0, 0x0, 0x0, 0x1, 0x68, 0xac, 0xdc,
    0xb9, 0x73, 0x0, 0x0, 0x0, 0x0, 0x0, 0x0,
    0x0, 0x1, 0x7c, 0xff, 0xff, 0xff, 0xff, 0xff,
    0xfe, 0xa3, 0x0, 0x0, 0x0, 0x0, 0x0, 0x18,
    0xff, 0xff, 0xc8, 0x64, 0x34, 0x57, 0x9e, 0xff,
    0xfb, 0x30, 0x0, 0x0, 0x0, 0x5f, 0xff, 0xc5,
    0x10, 0x0, 0x0, 0x0, 0x0, 0x3, 0x8f, 0xff,
    0xa0, 0x0, 0x0, 0x9f, 0xfc, 0x40, 0x0, 0x0,
    0x0, 0x0, 0x0, 0x0, 0x0, 0x18, 0xff, 0xd3,
    0x0, 0xbf, 0xf7, 0x0, 0x0, 0x0, 0x0, 0x0,
    0x0, 0x0, 0x0, 0x0, 0x2, 0xdf, 0xf3, 0xc,
    0xd3, 0x0, 0x0, 0x0, 0x0, 0x0, 0x0, 0x0,
    0x0, 0x0, 0x0, 0x0, 0x9f, 0x40, 0x0, 0x0,
    0x0, 0x0, 0x0, 0x0, 0x2, 0x10, 0x0, 0x0,
    0x0, 0x0, 0x0, 0x0, 0x0, 0x0, 0x0, 0x0,
    0x1, 0x7b, 0xff, 0xff, 0xfd, 0x94, 0x0, 0x0,
    0x0, 0x0, 0x0, 0x0, 0x0, 0x0, 0x19, 0xff,
    0xff, 0xfe, 0xef, 0xff, 0xfc, 0x40, 0x0, 0x0,
    0x0, 0x0, 0x0, 0x0, 0x4e, 0xff, 0xb5, 0x10,
    0x0, 0x3, 0x8e, 0xff, 0x90, 0x0, 0x0, 0x0,
    0x0, 0x0, 0x1f, 0xfc, 0x30, 0x0, 0x0, 0x0,
    0x0, 0x7, 0xff, 0x80, 0x0, 0x0, 0x0, 0x0,
    0x0, 0x97, 0x0, 0x0, 0x0, 0x0, 0x0, 0x0,
    0x3, 0xa3, 0x0, 0x0, 0x0, 0x0, 0x0, 0x0,
    0x0, 0x0, 0x0, 0x0, 0x0, 0x0, 0x0, 0x0,
    0x0, 0x0, 0x0, 0x0, 0x0, 0x0, 0x0, 0x0,
    0x0, 0x3, 0x86, 0x0, 0x0, 0x0, 0x0, 0x0,
    0x0, 0x0, 0x0, 0x0, 0x0, 0x0, 0x0, 0x3,
    0xff, 0xfb, 0x0, 0x0, 0x0, 0x0, 0x0, 0x0,
    0x0, 0x0, 0x0, 0x0, 0x0, 0x0, 0x9f, 0xff,
    0xf1, 0x0, 0x0, 0x0, 0x0, 0x0, 0x0, 0x0,
    0x0, 0x0, 0x0, 0x0, 0x7, 0xff, 0xff, 0x0,
    0x0, 0x0, 0x0, 0x0, 0x0, 0x0, 0x0, 0x0,
    0x0, 0x0, 0x0, 0xb, 0xff, 0x50, 0x0, 0x0,
    0x0, 0x0, 0x0, 0x0, 0x0, 0x0, 0x0, 0x0,
    0x0, 0x0, 0x1, 0x0, 0x0, 0x0, 0x0, 0x0,
    0x0, 0x0,

    /* U+F240 "" */
    0x0, 0x1, 0x11, 0x11, 0x11, 0x11, 0x11, 0x11,
    0x11, 0x11, 0x0, 0x0, 0x0, 0x7e, 0xff, 0xff,
    0xff, 0xff, 0xff, 0xff, 0xff, 0xff, 0xff, 0x80,
    0x0, 0x6f, 0xff, 0xff, 0xff, 0xff, 0xff, 0xff,
    0xff, 0xff, 0xff, 0xff, 0x80, 0xd, 0xf8, 0x0,
    0x0, 0x0, 0x0, 0x0, 0x0, 0x0, 0x0, 0x6,
    0xff, 0x0, 0xff, 0x10, 0x0, 0x0, 0x0, 0x0,
    0x0, 0x0, 0x0, 0x0, 0xe, 0xf2, 0xf, 0xf0,
    0xe, 0xff, 0xff, 0xff, 0xff, 0xff, 0xff, 0xff,
    0x30, 0xef, 0xd2, 0xff, 0x0, 0xef, 0xff, 0xff,
    0xff, 0xff, 0xff, 0xff, 0xf3, 0xe, 0xff, 0x8f,
    0xf0, 0xe, 0xff, 0xff, 0xff, 0xff, 0xff, 0xff,
    0xff, 0x30, 0xef, 0xf8, 0xff, 0x0, 0xef, 0xff,
    0xff, 0xff, 0xff, 0xff, 0xff, 0xf3, 0xe, 0xff,
    0x8f, 0xf0, 0xe, 0xff, 0xff, 0xff, 0xff, 0xff,
    0xff, 0xff, 0x30, 0xef, 0xf5, 0xff, 0x0, 0x77,
    0x77, 0x77, 0x77, 0x77, 0x77, 0x77, 0x71, 0xe,
    0xf6, 0xf, 0xf2, 0x0, 0x0, 0x0, 0x0, 0x0,
    0x0, 0x0, 0x0, 0x0, 0xff, 0x10, 0xcf, 0xb4,
    0x33, 0x33, 0x33, 0x33, 0x33, 0x33, 0x33, 0x33,
    0x9f, 0xe0, 0x3, 0xff, 0xff, 0xff, 0xff, 0xff,
    0xff, 0xff, 0xff, 0xff, 0xff, 0xf5, 0x0, 0x3,
    0xad, 0xdd, 0xdd, 0xdd, 0xdd, 0xdd, 0xdd, 0xdd,
    0xdd, 0xa4, 0x0, 0x0,

    /* U+F241 "" */
    0x0, 0x1, 0x11, 0x11, 0x11, 0x11, 0x11, 0x11,
    0x11, 0x11, 0x0, 0x0, 0x0, 0x7e, 0xff, 0xff,
    0xff, 0xff, 0xff, 0xff, 0xff, 0xff, 0xff, 0x80,
    0x0, 0x6f, 0xff, 0xff, 0xff, 0xff, 0xff, 0xff,
    0xff, 0xff, 0xff, 0xff, 0x80, 0xd, 0xf8, 0x0,
    0x0, 0x0, 0x0, 0x0, 0x0, 0x0, 0x0, 0x6,
    0xff, 0x0, 0xff, 0x10, 0x0, 0x0, 0x0, 0x0,
    0x0, 0x0, 0x0, 0x0, 0xe, 0xf2, 0xf, 0xf0,
    0xe, 0xff, 0xff, 0xff, 0xff, 0xff, 0x10, 0x0,
    0x0, 0xef, 0xd2, 0xff, 0x0, 0xef, 0xff, 0xff,
    0xff, 0xff, 0xf1, 0x0, 0x0, 0xe, 0xff, 0x8f,
    0xf0, 0xe, 0xff, 0xff, 0xff, 0xff, 0xff, 0x10,
    0x0, 0x0, 0xef, 0xf8, 0xff, 0x0, 0xef, 0xff,
    0xff, 0xff, 0xff, 0xf1, 0x0, 0x0, 0xe, 0xff,
    0x8f, 0xf0, 0xe, 0xff, 0xff, 0xff, 0xff, 0xff,
    0x10, 0x0, 0x0, 0xef, 0xf5, 0xff, 0x0, 0x77,
    0x77, 0x77, 0x77, 0x77, 0x70, 0x0, 0x0, 0xe,
    0xf6, 0xf, 0xf2, 0x0, 0x0, 0x0, 0x0, 0x0,
    0x0, 0x0, 0x0, 0x0, 0xff, 0x10, 0xcf, 0xb4,
    0x33, 0x33, 0x33, 0x33, 0x33, 0x33, 0x33, 0x33,
    0x9f, 0xe0, 0x3, 0xff, 0xff, 0xff, 0xff, 0xff,
    0xff, 0xff, 0xff, 0xff, 0xff, 0xf5, 0x0, 0x3,
    0xad, 0xdd, 0xdd, 0xdd, 0xdd, 0xdd, 0xdd, 0xdd,
    0xdd, 0xa4, 0x0, 0x0,

    /* U+F242 "" */
    0x0, 0x1, 0x11, 0x11, 0x11, 0x11, 0x11, 0x11,
    0x11, 0x11, 0x0, 0x0, 0x0, 0x7e, 0xff, 0xff,
    0xff, 0xff, 0xff, 0xff, 0xff, 0xff, 0xff, 0x80,
    0x0, 0x6f, 0xff, 0xff, 0xff, 0xff, 0xff, 0xff,
    0xff, 0xff, 0xff, 0xff, 0x80, 0xd, 0xf8, 0x0,
    0x0, 0x0, 0x0, 0x0, 0x0, 0x0, 0x0, 0x6,
    0xff, 0x0, 0xff, 0x10, 0x0, 0x0, 0x0, 0x0,
    0x0, 0x0, 0x0, 0x0, 0xe, 0xf2, 0xf, 0xf0,
    0xe, 0xff, 0xff, 0xff, 0xf5, 0x0, 0x0, 0x0,
    0x0, 0xef, 0xd2, 0xff, 0x0, 0xef, 0xff, 0xff,
    0xff, 0x50, 0x0, 0x0, 0x0, 0xe, 0xff, 0x8f,
    0xf0, 0xe, 0xff, 0xff, 0xff, 0xf5, 0x0, 0x0,
    0x0, 0x0, 0xef, 0xf8, 0xff, 0x0, 0xef, 0xff,
    0xff, 0xff, 0x50, 0x0, 0x0, 0x0, 0xe, 0xff,
    0x8f, 0xf0, 0xe, 0xff, 0xff, 0xff, 0xf5, 0x0,
    0x0, 0x0, 0x0, 0xef, 0xf5, 0xff, 0x0, 0x77,
    0x77, 0x77, 0x77, 0x20, 0x0, 0x0, 0x0, 0xe,
    0xf6, 0xf, 0xf2, 0x0, 0x0, 0x0, 0x0, 0x0,
    0x0, 0x0, 0x0, 0x0, 0xff, 0x10, 0xcf, 0xb4,
    0x33, 0x33, 0x33, 0x33, 0x33, 0x33, 0x33, 0x33,
    0x9f, 0xe0, 0x3, 0xff, 0xff, 0xff, 0xff, 0xff,
    0xff, 0xff, 0xff, 0xff, 0xff, 0xf5, 0x0, 0x3,
    0xad, 0xdd, 0xdd, 0xdd, 0xdd, 0xdd, 0xdd, 0xdd,
    0xdd, 0xa4, 0x0, 0x0,

    /* U+F243 "" */
    0x0, 0x1, 0x11, 0x11, 0x11, 0x11, 0x11, 0x11,
    0x11, 0x11, 0x0, 0x0, 0x0, 0x7e, 0xff, 0xff,
    0xff, 0xff, 0xff, 0xff, 0xff, 0xff, 0xff, 0x80,
    0x0, 0x6f, 0xff, 0xff, 0xff, 0xff, 0xff, 0xff,
    0xff, 0xff, 0xff, 0xff, 0x80, 0xd, 0xf8, 0x0,
    0x0, 0x0, 0x0, 0x0, 0x0, 0x0, 0x0, 0x6,
    0xff, 0x0, 0xff, 0x10, 0x0, 0x0, 0x0, 0x0,
    0x0, 0x0, 0x0, 0x0, 0xe, 0xf2, 0xf, 0xf0,
    0xe, 0xff, 0xf3, 0x0, 0x0, 0x0, 0x0, 0x0,
    0x0, 0xef, 0xd2, 0xff, 0x0, 0xef, 0xff, 0x30,
    0x0, 0x0, 0x0, 0x0, 0x0, 0xe, 0xff, 0x8f,
    0xf0, 0xe, 0xff, 0xf3, 0x0, 0x0, 0x0, 0x0,
    0x0, 0x0, 0xef, 0xf8, 0xff, 0x0, 0xef, 0xff,
    0x30, 0x0, 0x0, 0x0, 0x0, 0x0, 0xe, 0xff,
    0x8f, 0xf0, 0xe, 0xff, 0xf3, 0x0, 0x0, 0x0,
    0x0, 0x0, 0x0, 0xef, 0xf5, 0xff, 0x0, 0x77,
    0x77, 0x10, 0x0, 0x0, 0x0, 0x0, 0x0, 0xe,
    0xf6, 0xf, 0xf2, 0x0, 0x0, 0x0, 0x0, 0x0,
    0x0, 0x0, 0x0, 0x0, 0xff, 0x10, 0xcf, 0xb4,
    0x33, 0x33, 0x33, 0x33, 0x33, 0x33, 0x33, 0x33,
    0x9f, 0xe0, 0x3, 0xff, 0xff, 0xff, 0xff, 0xff,
    0xff, 0xff, 0xff, 0xff, 0xff, 0xf5, 0x0, 0x3,
    0xad, 0xdd, 0xdd, 0xdd, 0xdd, 0xdd, 0xdd, 0xdd,
    0xdd, 0xa4, 0x0, 0x0,

    /* U+F244 "" */
    0x0, 0x1, 0x11, 0x11, 0x11, 0x11, 0x11, 0x11,
    0x11, 0x11, 0x0, 0x0, 0x0, 0x7e, 0xff, 0xff,
    0xff, 0xff, 0xff, 0xff, 0xff, 0xff, 0xff, 0x80,
    0x0, 0x6f, 0xff, 0xff, 0xff, 0xff, 0xff, 0xff,
    0xff, 0xff, 0xff, 0xff, 0x80, 0xd, 0xf8, 0x0,
    0x0, 0x0, 0x0, 0x0, 0x0, 0x0, 0x0, 0x6,
    0xff, 0x0, 0xff, 0x10, 0x0, 0x0, 0x0, 0x0,
    0x0, 0x0, 0x0, 0x0, 0xe, 0xf2, 0xf, 0xf1,
    0x0, 0x0, 0x0, 0x0, 0x0, 0x0, 0x0, 0x0,
    0x0, 0xef, 0xd2, 0xff, 0x10, 0x0, 0x0, 0x0,
    0x0, 0x0, 0x0, 0x0, 0x0, 0xe, 0xff, 0x8f,
    0xf1, 0x0, 0x0, 0x0, 0x0, 0x0, 0x0, 0x0,
    0x0, 0x0, 0xef, 0xf8, 0xff, 0x10, 0x0, 0x0,
    0x0, 0x0, 0x0, 0x0, 0x0, 0x0, 0xe, 0xff,
    0x8f, 0xf1, 0x0, 0x0, 0x0, 0x0, 0x0, 0x0,
    0x0, 0x0, 0x0, 0xef, 0xf5, 0xff, 0x10, 0x0,
    0x0, 0x0, 0x0, 0x0, 0x0, 0x0, 0x0, 0xe,
    0xf6, 0xf, 0xf2, 0x0, 0x0, 0x0, 0x0, 0x0,
    0x0, 0x0, 0x0, 0x0, 0xff, 0x10, 0xcf, 0xb4,
    0x33, 0x33, 0x33, 0x33, 0x33, 0x33, 0x33, 0x33,
    0x9f, 0xe0, 0x3, 0xff, 0xff, 0xff, 0xff, 0xff,
    0xff, 0xff, 0xff, 0xff, 0xff, 0xf5, 0x0, 0x3,
    0xad, 0xdd, 0xdd, 0xdd, 0xdd, 0xdd, 0xdd, 0xdd,
    0xdd, 0xb4, 0x0, 0x0,

    /* U+F293 "" */
    0x0, 0x0, 0x0, 0x1, 0x0, 0x0, 0x0, 0x0,
    0x0, 0x0, 0xdf, 0x50, 0x0, 0x0, 0x0, 0x0,
    0x0, 0xff, 0xf7, 0x0, 0x0, 0x0, 0x0, 0x0,
    0xff, 0xff, 0x90, 0x0, 0x0, 0x0, 0x0, 0xff,
    0x8f, 0xfa, 0x0, 0x0, 0x0, 0x0, 0xff, 0x15,
    0xff, 0xc1, 0x8f, 0x50, 0x0, 0xff, 0x10, 0x3f,
    0xfb, 0x8f, 0xf8, 0x0, 0xff, 0x10, 0x6f, 0xfa,
    0x8, 0xff, 0xa0, 0xff, 0x19, 0xff, 0xa0, 0x0,
    0x5f, 0xfc, 0xff, 0xcf, 0xf7, 0x0, 0x0, 0x2,
    0xdf, 0xff, 0xff, 0x40, 0x0, 0x0, 0x0, 0x1d,
    0xff, 0xe2, 0x0, 0x0, 0x0, 0x0, 0x7f, 0xff,
    0xf9, 0x0, 0x0, 0x0, 0x9, 0xff, 0xff, 0xff,
    0xb1, 0x0, 0x1, 0xcf, 0xf6, 0xef, 0x6f, 0xfd,
    0x20, 0x2e, 0xfe, 0x40, 0xef, 0x12, 0xdf, 0xf4,
    0xaf, 0xd2, 0x0, 0xef, 0x10, 0x1e, 0xfd, 0x37,
    0x0, 0x0, 0xef, 0x10, 0xaf, 0xf6, 0x0, 0x0,
    0x0, 0xef, 0x2c, 0xff, 0x40, 0x0, 0x0, 0x0,
    0xef, 0xef, 0xe3, 0x0, 0x0, 0x0, 0x0, 0xef,
    0xfd, 0x20, 0x0, 0x0, 0x0, 0x0, 0xef, 0xc1,
    0x0, 0x0, 0x0, 0x0, 0x0, 0x79, 0x0, 0x0,
    0x0,

    /* U+F2ED "" */
    0x0, 0x0, 0x0, 0x0, 0x11, 0x11, 0x10, 0x0,
    0x0, 0x0, 0x0, 0x0, 0x0, 0x1, 0xcf, 0xff,
    0xff, 0xe3, 0x0, 0x0, 0x0, 0x0, 0x0, 0x0,
    0xdf, 0xff, 0xff, 0xff, 0xf2, 0x0, 0x0, 0x0,
    0x0, 0x0, 0x9f, 0xd1, 0x0, 0x0, 0xbf, 0xc0,
    0x0, 0x0, 0xa, 0xff, 0xff, 0xff, 0xff, 0xff,
    0xff, 0xff, 0xff, 0xfc, 0x0, 0xdf, 0xff, 0xff,
    0xff, 0xff, 0xff, 0xff, 0xff, 0xff, 0xe1, 0x0,
    0xbf, 0x71, 0x11, 0x11, 0x11, 0x11, 0x11, 0x4f,
    0xd0, 0x0, 0xa, 0xf7, 0x0, 0x0, 0x0, 0x0,
    0x0, 0x3, 0xfd, 0x0, 0x0, 0xaf, 0x70, 0x49,
    0x0, 0xb2, 0x6, 0x70, 0x3f, 0xd0, 0x0, 0xa,
    0xf7, 0x8, 0xe0, 0x1f, 0x50, 0xac, 0x3, 0xfd,
    0x0, 0x0, 0xaf, 0x70, 0x8e, 0x1, 0xf5, 0xa,
    0xc0, 0x3f, 0xd0, 0x0, 0xa, 0xf7, 0x8, 0xe0,
    0x1f, 0x50, 0xac, 0x3, 0xfd, 0x0, 0x0, 0xaf,
    0x70, 0x8e, 0x1, 0xf5, 0xa, 0xc0, 0x3f, 0xd0,
    0x0, 0xa, 0xf7, 0x8, 0xe0, 0x1f, 0x50, 0xac,
    0x3, 0xfd, 0x0, 0x0, 0xaf, 0x70, 0x8e, 0x1,
    0xf5, 0xa, 0xc0, 0x3f, 0xd0, 0x0, 0xa, 0xf7,
    0x8, 0xe0, 0x1f, 0x50, 0xac, 0x3, 0xfd, 0x0,
    0x0, 0xaf, 0x70, 0x8e, 0x1, 0xf5, 0xa, 0xc0,
    0x3f, 0xd0, 0x0, 0xa, 0xf7, 0x7, 0xd0, 0xf,
    0x40, 0x9b, 0x3, 0xfd, 0x0, 0x0, 0xaf, 0x70,
    0x14, 0x0, 0x50, 0x2, 0x30, 0x3f, 0xd0, 0x0,
    0xa, 0xf7, 0x0, 0x0, 0x0, 0x0, 0x0, 0x3,
    0xfc, 0x0, 0x0, 0x7f, 0xd3, 0x11, 0x11, 0x11,
    0x11, 0x12, 0xbf, 0x90, 0x0, 0x1, 0xef, 0xff,
    0xff, 0xff, 0xff, 0xff, 0xff, 0xf2, 0x0, 0x0,
    0x1, 0xae, 0xff, 0xff, 0xff, 0xff, 0xfe, 0xb3,
    0x0, 0x0,

    /* U+F304 "" */
    0x0, 0x0, 0x0, 0x0, 0x0, 0x0, 0x0, 0x0,
    0x0, 0x20, 0x0, 0x0, 0x0, 0x0, 0x0, 0x0,
    0x0, 0x0, 0x0, 0x0, 0x4e, 0xfe, 0x50, 0x0,
    0x0, 0x0, 0x0, 0x0, 0x0, 0x0, 0x0, 0x5,
    0xff, 0xff, 0xf5, 0x0, 0x0, 0x0, 0x0, 0x0,
    0x0, 0x0, 0x0, 0x5f, 0xff, 0xff, 0xff, 0x40,
    0x0, 0x0, 0x0, 0x0, 0x0, 0x0, 0x5, 0xff,
    0xff, 0xff, 0xff, 0xc0, 0x0, 0x0, 0x0, 0x0,
    0x0, 0x0, 0x5f, 0xff, 0xff, 0xff, 0xff, 0xe0,
    0x0, 0x0, 0x0, 0x0, 0x0, 0x5, 0xff, 0xae,
    0xff, 0xff, 0xff, 0x90, 0x0, 0x0, 0x0, 0x0,
    0x0, 0x5f, 0xf9, 0x2, 0xef, 0xff, 0xfc, 0x0,
    0x0, 0x0, 0x0, 0x0, 0x5, 0xff, 0x90, 0x0,
    0x2e, 0xff, 0xc0, 0x0, 0x0, 0x0, 0x0, 0x0,
    0x5f, 0xf9, 0x0, 0x0, 0x2e, 0xfc, 0x0, 0x0,
    0x0, 0x0, 0x0, 0x5, 0xff, 0x90, 0x0, 0x2,
    0xef, 0xc0, 0x0, 0x0, 0x0, 0x0, 0x0, 0x5f,
    0xf9, 0x0, 0x0, 0x2e, 0xfc, 0x0, 0x0, 0x0,
    0x0, 0x0, 0x5, 0xff, 0x90, 0x0, 0x2, 0xef,
    0xc0, 0x0, 0x0, 0x0, 0x0, 0x0, 0x5f, 0xf9,
    0x0, 0x0, 0x2e, 0xfc, 0x0, 0x0, 0x0, 0x0,
    0x0, 0x5, 0xff, 0x90, 0x0, 0x2, 0xef, 0xc0,
    0x0, 0x0, 0x0, 0x0, 0x0, 0x1e, 0xf9, 0x0,
    0x0, 0x2e, 0xfc, 0x0, 0x0, 0x0, 0x0, 0x0,
    0x0, 0x8f, 0xb0, 0x0, 0x2, 0xef, 0xc0, 0x0,
    0x0, 0x0, 0x0, 0x0, 0x0, 0xdf, 0x50, 0x0,
    0x2e, 0xfc, 0x0, 0x0, 0x0, 0x0, 0x0, 0x0,
    0x1, 0xff, 0x0, 0x2, 0xef, 0xc0, 0x0, 0x0,
    0x0, 0x0, 0x0, 0x0, 0x6, 0xfb, 0x15, 0xaf,
    0xfc, 0x0, 0x0, 0x0, 0x0, 0x0, 0x0, 0x0,
    0xa, 0xfe, 0xff, 0xff, 0xa0, 0x0, 0x0, 0x0,
    0x0, 0x0, 0x0, 0x0, 0xe, 0xff, 0xfc, 0x72,
    0x0, 0x0, 0x0, 0x0, 0x0, 0x0, 0x0, 0x0,
    0x8, 0xa6, 0x10, 0x0, 0x0, 0x0, 0x0, 0x0,
    0x0, 0x0, 0x0, 0x0,

    /* U+F55A "" */
    0x0, 0x0, 0x0, 0x0, 0x24, 0x44, 0x44, 0x44,
    0x44, 0x44, 0x44, 0x30, 0x0, 0x0, 0x0, 0x1,
    0xcf, 0xff, 0xff, 0xff, 0xff, 0xff, 0xff, 0xff,
    0xd2, 0x0, 0x0, 0x1, 0xdf, 0xec, 0xcc, 0xcc,
    0xcc, 0xcc, 0xcc, 0xcc, 0xef, 0xb0, 0x0, 0x1,
    0xdf, 0xd1, 0x0, 0x0, 0x0, 0x0, 0x0, 0x0,
    0x3, 0xfe, 0x0, 0x1, 0xdf, 0xc1, 0x0, 0x0,
    0x0, 0x0, 0x0, 0x0, 0x0, 0x2f, 0xe0, 0x1,
    0xdf, 0xc0, 0x0, 0x0, 0x6e, 0x50, 0x2, 0xd9,
    0x0, 0x2, 0xfe, 0x2, 0xdf, 0xb0, 0x0, 0x0,
    0x7, 0xff, 0x52, 0xef, 0xa0, 0x0, 0x2f, 0xe2,
    0xef, 0xb0, 0x0, 0x0, 0x0, 0x9, 0xff, 0xef,
    0xc0, 0x0, 0x2, 0xfe, 0xaf, 0xc0, 0x0, 0x0,
    0x0, 0x0, 0xa, 0xff, 0xd0, 0x0, 0x0, 0x2f,
    0xe8, 0xff, 0x30, 0x0, 0x0, 0x0, 0x2, 0xef,
    0xff, 0x50, 0x0, 0x2, 0xfe, 0xb, 0xff, 0x30,
    0x0, 0x0, 0x2, 0xef, 0xc9, 0xff, 0x40, 0x0,
    0x2f, 0xe0, 0xb, 0xff, 0x30, 0x0, 0x0, 0x9f,
    0xc0, 0x9, 0xfc, 0x0, 0x2, 0xfe, 0x0, 0xb,
    0xff, 0x30, 0x0, 0x2, 0x60, 0x0, 0x6, 0x30,
    0x0, 0x2f, 0xe0, 0x0, 0xb, 0xfe, 0x30, 0x0,
    0x0, 0x0, 0x0, 0x0, 0x0, 0x2, 0xfe, 0x0,
    0x0, 0xa, 0xfe, 0x30, 0x0, 0x0, 0x0, 0x0,
    0x0, 0x0, 0x5f, 0xd0, 0x0, 0x0, 0xa, 0xff,
    0xff, 0xff, 0xff, 0xff, 0xff, 0xff, 0xff, 0xf9,
    0x0, 0x0, 0x0, 0x8, 0xef, 0xff, 0xff, 0xff,
    0xff, 0xff, 0xff, 0xe9, 0x0,

    /* U+F6AA "" */
    0x3, 0x86, 0x0, 0x3f, 0xff, 0xa0, 0x9f, 0xff,
    0xf0, 0x7f, 0xff, 0xe0, 0xb, 0xff, 0x40, 0x0,
    0x10, 0x0,

    /* U+F6AB "" */
    0x0, 0x0, 0x0, 0x0, 0x2, 0x10, 0x0, 0x0,
    0x0, 0x0, 0x0, 0x1, 0x6b, 0xff, 0xff, 0xfd,
    0x94, 0x0, 0x0, 0x0, 0x19, 0xff, 0xff, 0xfe,
    0xef, 0xff, 0xfc, 0x40, 0x0, 0x4e, 0xff, 0xb6,
    0x10, 0x0, 0x3, 0x8e, 0xff, 0x90, 0x1f, 0xfc,
    0x30, 0x0, 0x0, 0x0, 0x0, 0x7, 0xff, 0x80,
    0x97, 0x0, 0x0, 0x0, 0x0, 0x0, 0x0, 0x3,
    0xa3, 0x0, 0x0, 0x0, 0x0, 0x0, 0x0, 0x0,
    0x0, 0x0, 0x0, 0x0, 0x0, 0x0, 0x3, 0x86,
    0x0, 0x0, 0x0, 0x0, 0x0, 0x0, 0x0, 0x3,
    0xff, 0xfb, 0x0, 0x0, 0x0, 0x0, 0x0, 0x0,
    0x0, 0x8f, 0xff, 0xf1, 0x0, 0x0, 0x0, 0x0,
    0x0, 0x0, 0x7, 0xff, 0xff, 0x0, 0x0, 0x0,
    0x0, 0x0, 0x0, 0x0, 0xb, 0xff, 0x50, 0x0,
    0x0, 0x0, 0x0, 0x0, 0x0, 0x0, 0x1, 0x0,
    0x0, 0x0, 0x0, 0x0,

    /* U+F7C2 "" */
    0x0, 0x0, 0x0, 0x11, 0x11, 0x11, 0x11, 0x0,
    0x0, 0x0, 0x3, 0xdf, 0xff, 0xff, 0xff, 0xfd,
    0x30, 0x0, 0x3, 0xff, 0xff, 0xff, 0xff, 0xff,
    0xfe, 0x0, 0x3, 0xff, 0xa0, 0x0, 0x0, 0x0,
    0xd, 0xf3, 0x3, 0xef, 0xa0, 0xa4, 0xb, 0x22,
    0xb0, 0xcf, 0x42, 0xef, 0xa0, 0xe, 0x70, 0xf4,
    0x4f, 0xc, 0xf4, 0xbf, 0xa0, 0x0, 0xe7, 0xf,
    0x44, 0xf0, 0xcf, 0x4f, 0xf1, 0x0, 0xe, 0x60,
    0xf4, 0x4f, 0xc, 0xf4, 0xff, 0x0, 0x0, 0x20,
    0x2, 0x0, 0x20, 0xcf, 0x4f, 0xf0, 0x0, 0x0,
    0x0, 0x0, 0x0, 0xc, 0xf4, 0xff, 0x0, 0x0,
    0x0, 0x0, 0x0, 0x0, 0xcf, 0x4f, 0xf0, 0x0,
    0x0, 0x0, 0x0, 0x0, 0xc, 0xf4, 0xff, 0x0,
    0x0, 0x0, 0x0, 0x0, 0x0, 0xcf, 0x4f, 0xf0,
    0x0, 0x0, 0x0, 0x0, 0x0, 0xc, 0xf4, 0xff,
    0x0, 0x0, 0x0, 0x0, 0x0, 0x0, 0xcf, 0x4f,
    0xf0, 0x0, 0x0, 0x0, 0x0, 0x0, 0xc, 0xf4,
    0xff, 0x0, 0x0, 0x0, 0x0, 0x0, 0x0, 0xcf,
    0x4f, 0xf0, 0x0, 0x0, 0x0, 0x0, 0x0, 0xc,
    0xf4, 0xff, 0x0, 0x0, 0x0, 0x0, 0x0, 0x0,
    0xcf, 0x4f, 0xf0, 0x0, 0x0, 0x0, 0x0, 0x0,
    0xc, 0xf4, 0xff, 0x41, 0x11, 0x11, 0x11, 0x11,
    0x12, 0xef, 0x3a, 0xff, 0xff, 0xff, 0xff, 0xff,
    0xff, 0xff, 0xd0, 0x9, 0xef, 0xff, 0xff, 0xff,
    0xff, 0xfe, 0xb2, 0x0,

    /* U+F8A2 "" */
    0x0, 0x0, 0x0, 0x0, 0x0, 0x30, 0x0, 0x0,
    0x0, 0x0, 0x0, 0x0, 0x0, 0x0, 0x0, 0xaf,
    0xe1, 0x0, 0x0, 0x0, 0x0, 0x0, 0x0, 0x0,
    0x0, 0xf, 0xff, 0x40, 0x0, 0x0, 0x0, 0x0,
    0x0, 0x0, 0x0, 0x0, 0xef, 0xf1, 0x0, 0x0,
    0x0, 0x0, 0x0, 0x0, 0x0, 0x0, 0x5f, 0xff,
    0x90, 0x0, 0x0, 0x0, 0x0, 0x5, 0x20, 0x0,
    0xe, 0xfa, 0xff, 0x20, 0x0, 0x15, 0x10, 0xc,
    0xff, 0x88, 0x8b, 0xfd, 0xa, 0xfc, 0x99, 0x9e,
    0xfe, 0x0, 0xff, 0xff, 0xff, 0xff, 0x40, 0x1e,
    0xff, 0xff, 0xff, 0xf1, 0x7, 0xff, 0xf8, 0x77,
    0x30, 0x0, 0x27, 0x77, 0xef, 0xf8, 0x0, 0x0,
    0xdf, 0x80, 0x0, 0x3, 0x0, 0x0, 0x4f, 0xf1,
    0x0, 0x0, 0x5, 0xff, 0x10, 0xd, 0xff, 0x20,
    0xd, 0xf7, 0x0, 0x0, 0x0, 0xc, 0xf7, 0x5,
    0xff, 0xf9, 0x4, 0xfe, 0x0, 0x0, 0x0, 0x0,
    0xef, 0x50, 0x3f, 0xff, 0x70, 0x2f, 0xf3, 0x0,
    0x0, 0x0, 0x8f, 0xd0, 0x0, 0x6c, 0x80, 0x0,
    0x9f, 0xc0, 0x0, 0x0, 0x5f, 0xf4, 0x0, 0x0,
    0x0, 0x0, 0x1, 0xff, 0x81, 0x0, 0xbf, 0xff,
    0xee, 0xea, 0x0, 0x8, 0xee, 0xef, 0xff, 0xf1,
    0xe, 0xff, 0xff, 0xff, 0xf8, 0x5, 0xff, 0xff,
    0xff, 0xff, 0x20, 0x6e, 0xa2, 0x11, 0x5f, 0xf2,
    0xdf, 0x81, 0x11, 0x8e, 0x90, 0x0, 0x0, 0x0,
    0x0, 0xaf, 0xff, 0xd0, 0x0, 0x0, 0x0, 0x0,
    0x0, 0x0, 0x0, 0x2, 0xff, 0xf5, 0x0, 0x0,
    0x0, 0x0, 0x0, 0x0, 0x0, 0x0, 0xe, 0xff,
    0x20, 0x0, 0x0, 0x0, 0x0, 0x0, 0x0, 0x0,
    0x0, 0xff, 0xf3, 0x0, 0x0, 0x0, 0x0, 0x0,
    0x0, 0x0, 0x0, 0x5, 0xb7, 0x0, 0x0, 0x0,
    0x0, 0x0
};


/*---------------------
 *  GLYPH DESCRIPTION
 *--------------------*/

static const lv_font_fmt_txt_glyph_dsc_t glyph_dsc[] = {
    {.bitmap_index = 0, .adv_w = 0, .box_w = 0, .box_h = 0, .ofs_x = 0, .ofs_y = 0} /* id = 0 reserved */,
    {.bitmap_index = 0, .adv_w = 109, .box_w = 0, .box_h = 0, .ofs_x = 0, .ofs_y = 0},
    {.bitmap_index = 0, .adv_w = 129, .box_w = 6, .box_h = 15, .ofs_x = 1, .ofs_y = 0},
    {.bitmap_index = 45, .adv_w = 191, .box_w = 9, .box_h = 7, .ofs_x = 1, .ofs_y = 9},
    {.bitmap_index = 77, .adv_w = 199, .box_w = 12, .box_h = 15, .ofs_x = 0, .ofs_y = 0},
    {.bitmap_index = 167, .adv_w = 280, .box_w = 16, .box_h = 19, .ofs_x = 1, .ofs_y = -2},
    {.bitmap_index = 319, .adv_w = 432, .box_w = 25, .box_h = 16, .ofs_x = 1, .ofs_y = 0},
    {.bitmap_index = 519, .adv_w = 291, .box_w = 19, .box_h = 15, .ofs_x = 0, .ofs_y = 0},
    {.bitmap_index = 662, .adv_w = 111, .box_w = 4, .box_h = 7, .ofs_x = 1, .ofs_y = 9},
    {.bitmap_index = 676, .adv_w = 112, .box_w = 6, .box_h = 19, .ofs_x = 1, .ofs_y = -3},
    {.bitmap_index = 733, .adv_w = 112, .box_w = 6, .box_h = 19, .ofs_x = 0, .ofs_y = -3},
    {.bitmap_index = 790, .adv_w = 178, .box_w = 9, .box_h = 8, .ofs_x = 1, .ofs_y = 8},
    {.bitmap_index = 826, .adv_w = 253, .box_w = 14, .box_h = 13, .ofs_x = 1, .ofs_y = 0},
    {.bitmap_index = 917, .adv_w = 119, .box_w = 5, .box_h = 8, .ofs_x = 1, .ofs_y = -4},
    {.bitmap_index = 937, .adv_w = 181, .box_w = 9, .box_h = 3, .ofs_x = 1, .ofs_y = 5},
    {.bitmap_index = 951, .adv_w = 119, .box_w = 5, .box_h = 4, .ofs_x = 1, .ofs_y = 0},
    {.bitmap_index = 961, .adv_w = 170, .box_w = 10, .box_h = 17, .ofs_x = 0, .ofs_y = -1},
    {.bitmap_index = 1046, .adv_w = 308, .box_w = 16, .box_h = 15, .ofs_x = 2, .ofs_y = 0},
    {.bitmap_index = 1166, .adv_w = 150, .box_w = 7, .box_h = 16, .ofs_x = 0, .ofs_y = 0},
    {.bitmap_index = 1222, .adv_w = 290, .box_w = 15, .box_h = 15, .ofs_x = 2, .ofs_y = 0},
    {.bitmap_index = 1335, .adv_w = 296, .box_w = 15, .box_h = 15, .ofs_x = 2, .ofs_y = 0},
    {.bitmap_index = 1448, .adv_w = 288, .box_w = 17, .box_h = 15, .ofs_x = 0, .ofs_y = 0},
    {.bitmap_index = 1576, .adv_w = 271, .box_w = 15, .box_h = 15, .ofs_x = 1, .ofs_y = 0},
    {.bitmap_index = 1689, .adv_w = 283, .box_w = 16, .box_h = 15, .ofs_x = 1, .ofs_y = 0},
    {.bitmap_index = 1809, .adv_w = 242, .box_w = 15, .box_h = 15, .ofs_x = 0, .ofs_y = 0},
    {.bitmap_index = 1922, .adv_w = 308, .box_w = 17, .box_h = 15, .ofs_x = 1, .ofs_y = 0},
    {.bitmap_index = 2050, .adv_w = 290, .box_w = 16, .box_h = 15, .ofs_x = 1, .ofs_y = 0},
    {.bitmap_index = 2170, .adv_w = 119, .box_w = 5, .box_h = 11, .ofs_x = 1, .ofs_y = 0},
    {.bitmap_index = 2198, .adv_w = 119, .box_w = 5, .box_h = 15, .ofs_x = 1, .ofs_y = -4},
    {.bitmap_index = 2236, .adv_w = 253, .box_w = 14, .box_h = 13, .ofs_x = 1, .ofs_y = 0},
    {.bitmap_index = 2327, .adv_w = 253, .box_w = 14, .box_h = 7, .ofs_x = 1, .ofs_y = 3},
    {.bitmap_index = 2376, .adv_w = 253, .box_w = 14, .box_h = 13, .ofs_x = 1, .ofs_y = 0},
    {.bitmap_index = 2467, .adv_w = 224, .box_w = 12, .box_h = 15, .ofs_x = 1, .ofs_y = 0},
    {.bitmap_index = 2557, .adv_w = 333, .box_w = 18, .box_h = 16, .ofs_x = 1, .ofs_y = -2},
    {.bitmap_index = 2701, .adv_w = 291, .box_w = 19, .box_h = 15, .ofs_x = 0, .ofs_y = 0},
    {.bitmap_index = 2844, .adv_w = 283, .box_w = 15, .box_h = 15, .ofs_x = 2, .ofs_y = 0},
    {.bitmap_index = 2957, .adv_w = 283, .box_w = 16, .box_h = 15, .ofs_x = 1, .ofs_y = 0},
    {.bitmap_index = 3077, .adv_w = 312, .box_w = 17, .box_h = 15, .ofs_x = 2, .ofs_y = 0},
    {.bitmap_index = 3205, .adv_w = 276, .box_w = 15, .box_h = 15, .ofs_x = 2, .ofs_y = 0},
    {.bitmap_index = 3318, .adv_w = 258, .box_w = 14, .box_h = 15, .ofs_x = 2, .ofs_y = 0},
    {.bitmap_index = 3423, .adv_w = 304, .box_w = 17, .box_h = 15, .ofs_x = 1, .ofs_y = 0},
    {.bitmap_index = 3551, .adv_w = 320, .box_w = 16, .box_h = 15, .ofs_x = 2, .ofs_y = 0},
    {.bitmap_index = 3671, .adv_w = 117, .box_w = 4, .box_h = 15, .ofs_x = 2, .ofs_y = 0},
    {.bitmap_index = 3701, .adv_w = 264, .box_w = 14, .box_h = 15, .ofs_x = 1, .ofs_y = 0},
    {.bitmap_index = 3806, .adv_w = 293, .box_w = 17, .box_h = 15, .ofs_x = 2, .ofs_y = 0},
    {.bitmap_index = 3934, .adv_w = 245, .box_w = 14, .box_h = 15, .ofs_x = 2, .ofs_y = 0},
    {.bitmap_index = 4039, .adv_w = 350, .box_w = 18, .box_h = 15, .ofs_x = 2, .ofs_y = 0},
    {.bitmap_index = 4174, .adv_w = 322, .box_w = 16, .box_h = 15, .ofs_x = 2, .ofs_y = 0},
    {.bitmap_index = 4294, .adv_w = 315, .box_w = 17, .box_h = 15, .ofs_x = 1, .ofs_y = 0},
    {.bitmap_index = 4422, .adv_w = 276, .box_w = 15, .box_h = 15, .ofs_x = 2, .ofs_y = 0},
    {.bitmap_index = 4535, .adv_w = 315, .box_w = 17, .box_h = 18, .ofs_x = 1, .ofs_y = -3},
    {.bitmap_index = 4688, .adv_w = 292, .box_w = 16, .box_h = 15, .ofs_x = 2, .ofs_y = 0},
    {.bitmap_index = 4808, .adv_w = 280, .box_w = 16, .box_h = 15, .ofs_x = 1, .ofs_y = 0},
    {.bitmap_index = 4928, .adv_w = 249, .box_w = 16, .box_h = 15, .ofs_x = 0, .ofs_y = 0},
    {.bitmap_index = 5048, .adv_w = 298, .box_w = 15, .box_h = 15, .ofs_x = 2, .ofs_y = 0},
    {.bitmap_index = 5161, .adv_w = 278, .box_w = 18, .box_h = 15, .ofs_x = 0, .ofs_y = 0},
    {.bitmap_index = 5296, .adv_w = 347, .box_w = 22, .box_h = 15, .ofs_x = 0, .ofs_y = 0},
    {.bitmap_index = 5461, .adv_w = 264, .box_w = 17, .box_h = 15, .ofs_x = 0, .ofs_y = 0},
    {.bitmap_index = 5589, .adv_w = 276, .box_w = 18, .box_h = 15, .ofs_x = 0, .ofs_y = 0},
    {.bitmap_index = 5724, .adv_w = 252, .box_w = 15, .box_h = 15, .ofs_x = 0, .ofs_y = 0},
    {.bitmap_index = 5837, .adv_w = 140, .box_w = 7, .box_h = 19, .ofs_x = 2, .ofs_y = -3},
    {.bitmap_index = 5904, .adv_w = 170, .box_w = 10, .box_h = 17, .ofs_x = 0, .ofs_y = -1},
    {.bitmap_index = 5989, .adv_w = 140, .box_w = 7, .box_h = 19, .ofs_x = 0, .ofs_y = -3},
    {.bitmap_index = 6056, .adv_w = 172, .box_w = 11, .box_h = 6, .ofs_x = 0, .ofs_y = 9},
    {.bitmap_index = 6089, .adv_w = 118, .box_w = 8, .box_h = 2, .ofs_x = 0, .ofs_y = -3},
    {.bitmap_index = 6097, .adv_w = 117, .box_w = 7, .box_h = 4, .ofs_x = 0, .ofs_y = 12},
    {.bitmap_index = 6111, .adv_w = 237, .box_w = 12, .box_h = 11, .ofs_x = 1, .ofs_y = 0},
    {.bitmap_index = 6177, .adv_w = 247, .box_w = 13, .box_h = 16, .ofs_x = 1, .ofs_y = 0},
    {.bitmap_index = 6281, .adv_w = 236, .box_w = 13, .box_h = 11, .ofs_x = 1, .ofs_y = 0},
    {.bitmap_index = 6353, .adv_w = 249, .box_w = 13, .box_h = 16, .ofs_x = 1, .ofs_y = 0},
    {.bitmap_index = 6457, .adv_w = 242, .box_w = 13, .box_h = 11, .ofs_x = 1, .ofs_y = 0},
    {.bitmap_index = 6529, .adv_w = 145, .box_w = 10, .box_h = 16, .ofs_x = 0, .ofs_y = 0},
    {.bitmap_index = 6609, .adv_w = 246, .box_w = 13, .box_h = 16, .ofs_x = 1, .ofs_y = -5},
    {.bitmap_index = 6713, .adv_w = 243, .box_w = 13, .box_h = 16, .ofs_x = 1, .ofs_y = 0},
    {.bitmap_index = 6817, .adv_w = 110, .box_w = 4, .box_h = 15, .ofs_x = 1, .ofs_y = 0},
    {.bitmap_index = 6847, .adv_w = 107, .box_w = 9, .box_h = 20, .ofs_x = -4, .ofs_y = -5},
    {.bitmap_index = 6937, .adv_w = 242, .box_w = 15, .box_h = 16, .ofs_x = 1, .ofs_y = 0},
    {.bitmap_index = 7057, .adv_w = 107, .box_w = 4, .box_h = 16, .ofs_x = 1, .ofs_y = 0},
    {.bitmap_index = 7089, .adv_w = 349, .box_w = 19, .box_h = 11, .ofs_x = 1, .ofs_y = 0},
    {.bitmap_index = 7194, .adv_w = 243, .box_w = 13, .box_h = 11, .ofs_x = 1, .ofs_y = 0},
    {.bitmap_index = 7266, .adv_w = 246, .box_w = 13, .box_h = 11, .ofs_x = 1, .ofs_y = 0},
    {.bitmap_index = 7338, .adv_w = 249, .box_w = 13, .box_h = 16, .ofs_x = 1, .ofs_y = -5},
    {.bitmap_index = 7442, .adv_w = 249, .box_w = 13, .box_h = 16, .ofs_x = 1, .ofs_y = -5},
    {.bitmap_index = 7546, .adv_w = 201, .box_w = 11, .box_h = 11, .ofs_x = 1, .ofs_y = 0},
    {.bitmap_index = 7607, .adv_w = 225, .box_w = 12, .box_h = 11, .ofs_x = 1, .ofs_y = 0},
    {.bitmap_index = 7673, .adv_w = 152, .box_w = 9, .box_h = 14, .ofs_x = 0, .ofs_y = 0},
    {.bitmap_index = 7736, .adv_w = 240, .box_w = 13, .box_h = 11, .ofs_x = 1, .ofs_y = 0},
    {.bitmap_index = 7808, .adv_w = 207, .box_w = 13, .box_h = 11, .ofs_x = 0, .ofs_y = 0},
    {.bitmap_index = 7880, .adv_w = 284, .box_w = 18, .box_h = 11, .ofs_x = 0, .ofs_y = 0},
    {.bitmap_index = 7979, .adv_w = 205, .box_w = 13, .box_h = 11, .ofs_x = 0, .ofs_y = 0},
    {.bitmap_index = 8051, .adv_w = 207, .box_w = 13, .box_h = 16, .ofs_x = 0, .ofs_y = -5},
    {.bitmap_index = 8155, .adv_w = 199, .box_w = 12, .box_h = 11, .ofs_x = 0, .ofs_y = 0},
    {.bitmap_index = 8221, .adv_w = 145, .box_w = 8, .box_h = 19, .ofs_x = 1, .ofs_y = -3},
    {.bitmap_index = 8297, .adv_w = 111, .box_w = 3, .box_h = 22, .ofs_x = 2, .ofs_y = -5},
    {.bitmap_index = 8330, .adv_w = 145, .box_w = 9, .box_h = 19, .ofs_x = 0, .ofs_y = -3},
    {.bitmap_index = 8416, .adv_w = 253, .box_w = 14, .box_h = 4, .ofs_x = 1, .ofs_y = 5},
    {.bitmap_index = 8444, .adv_w = 112, .box_w = 7, .box_h = 5, .ofs_x = 0, .ofs_y = 12},
    {.bitmap_index = 8462, .adv_w = 276, .box_w = 15, .box_h = 19, .ofs_x = 2, .ofs_y = 0},
    {.bitmap_index = 8605, .adv_w = 291, .box_w = 19, .box_h = 15, .ofs_x = 0, .ofs_y = 0},
    {.bitmap_index = 8748, .adv_w = 281, .box_w = 15, .box_h = 15, .ofs_x = 2, .ofs_y = 0},
    {.bitmap_index = 8861, .adv_w = 283, .box_w = 15, .box_h = 15, .ofs_x = 2, .ofs_y = 0},
    {.bitmap_index = 8974, .adv_w = 239, .box_w = 13, .box_h = 15, .ofs_x = 2, .ofs_y = 0},
    {.bitmap_index = 9072, .adv_w = 315, .box_w = 20, .box_h = 18, .ofs_x = 0, .ofs_y = -3},
    {.bitmap_index = 9252, .adv_w = 276, .box_w = 15, .box_h = 15, .ofs_x = 2, .ofs_y = 0},
    {.bitmap_index = 9365, .adv_w = 393, .box_w = 25, .box_h = 15, .ofs_x = 0, .ofs_y = 0},
    {.bitmap_index = 9553, .adv_w = 263, .box_w = 15, .box_h = 15, .ofs_x = 1, .ofs_y = 0},
    {.bitmap_index = 9666, .adv_w = 315, .box_w = 16, .box_h = 15, .ofs_x = 2, .ofs_y = 0},
    {.bitmap_index = 9786, .adv_w = 315, .box_w = 16, .box_h = 20, .ofs_x = 2, .ofs_y = 0},
    {.bitmap_index = 9946, .adv_w = 293, .box_w = 17, .box_h = 15, .ofs_x = 2, .ofs_y = 0},
    {.bitmap_index = 10074, .adv_w = 291, .box_w = 19, .box_h = 15, .ofs_x = 0, .ofs_y = 0},
    {.bitmap_index = 10217, .adv_w = 350, .box_w = 18, .box_h = 15, .ofs_x = 2, .ofs_y = 0},
    {.bitmap_index = 10352, .adv_w = 320, .box_w = 16, .box_h = 15, .ofs_x = 2, .ofs_y = 0},
    {.bitmap_index = 10472, .adv_w = 315, .box_w = 17, .box_h = 15, .ofs_x = 1, .ofs_y = 0},
    {.bitmap_index = 10600, .adv_w = 316, .box_w = 16, .box_h = 15, .ofs_x = 2, .ofs_y = 0},
    {.bitmap_index = 10720, .adv_w = 276, .box_w = 15, .box_h = 15, .ofs_x = 2, .ofs_y = 0},
    {.bitmap_index = 10833, .adv_w = 283, .box_w = 16, .box_h = 15, .ofs_x = 1, .ofs_y = 0},
    {.bitmap_index = 10953, .adv_w = 249, .box_w = 16, .box_h = 15, .ofs_x = 0, .ofs_y = 0},
    {.bitmap_index = 11073, .adv_w = 271, .box_w = 17, .box_h = 15, .ofs_x = 0, .ofs_y = 0},
    {.bitmap_index = 11201, .adv_w = 409, .box_w = 23, .box_h = 16, .ofs_x = 1, .ofs_y = 0},
    {.bitmap_index = 11385, .adv_w = 264, .box_w = 17, .box_h = 15, .ofs_x = 0, .ofs_y = 0},
    {.bitmap_index = 11513, .adv_w = 311, .box_w = 18, .box_h = 18, .ofs_x = 2, .ofs_y = -3},
    {.bitmap_index = 11675, .adv_w = 305, .box_w = 16, .box_h = 15, .ofs_x = 1, .ofs_y = 0},
    {.bitmap_index = 11795, .adv_w = 420, .box_w = 23, .box_h = 15, .ofs_x = 2, .ofs_y = 0},
    {.bitmap_index = 11968, .adv_w = 423, .box_w = 25, .box_h = 18, .ofs_x = 2, .ofs_y = -3},
    {.bitmap_index = 12193, .adv_w = 319, .box_w = 19, .box_h = 15, .ofs_x = 0, .ofs_y = 0},
    {.bitmap_index = 12336, .adv_w = 388, .box_w = 21, .box_h = 15, .ofs_x = 2, .ofs_y = 0},
    {.bitmap_index = 12494, .adv_w = 275, .box_w = 14, .box_h = 15, .ofs_x = 2, .ofs_y = 0},
    {.bitmap_index = 12599, .adv_w = 283, .box_w = 15, .box_h = 15, .ofs_x = 1, .ofs_y = 0},
    {.bitmap_index = 12712, .adv_w = 431, .box_w = 24, .box_h = 15, .ofs_x = 2, .ofs_y = 0},
    {.bitmap_index = 12892, .adv_w = 303, .box_w = 16, .box_h = 15, .ofs_x = 1, .ofs_y = 0},
    {.bitmap_index = 13012, .adv_w = 237, .box_w = 12, .box_h = 11, .ofs_x = 1, .ofs_y = 0},
    {.bitmap_index = 13078, .adv_w = 244, .box_w = 13, .box_h = 16, .ofs_x = 1, .ofs_y = 0},
    {.bitmap_index = 13182, .adv_w = 249, .box_w = 13, .box_h = 11, .ofs_x = 1, .ofs_y = 0},
    {.bitmap_index = 13254, .adv_w = 193, .box_w = 11, .box_h = 11, .ofs_x = 1, .ofs_y = 0},
    {.bitmap_index = 13315, .adv_w = 238, .box_w = 15, .box_h = 14, .ofs_x = 0, .ofs_y = -3},
    {.bitmap_index = 13420, .adv_w = 242, .box_w = 13, .box_h = 11, .ofs_x = 1, .ofs_y = 0},
    {.bitmap_index = 13492, .adv_w = 312, .box_w = 20, .box_h = 11, .ofs_x = 0, .ofs_y = 0},
    {.bitmap_index = 13602, .adv_w = 238, .box_w = 13, .box_h = 11, .ofs_x = 1, .ofs_y = 0},
    {.bitmap_index = 13674, .adv_w = 246, .box_w = 13, .box_h = 11, .ofs_x = 1, .ofs_y = 0},
    {.bitmap_index = 13746, .adv_w = 246, .box_w = 13, .box_h = 15, .ofs_x = 1, .ofs_y = 0},
    {.bitmap_index = 13844, .adv_w = 242, .box_w = 15, .box_h = 11, .ofs_x = 1, .ofs_y = 0},
    {.bitmap_index = 13927, .adv_w = 210, .box_w = 14, .box_h = 11, .ofs_x = 0, .ofs_y = 0},
    {.bitmap_index = 14004, .adv_w = 272, .box_w = 15, .box_h = 11, .ofs_x = 1, .ofs_y = 0},
    {.bitmap_index = 14087, .adv_w = 240, .box_w = 13, .box_h = 11, .ofs_x = 1, .ofs_y = 0},
    {.bitmap_index = 14159, .adv_w = 246, .box_w = 13, .box_h = 11, .ofs_x = 1, .ofs_y = 0},
    {.bitmap_index = 14231, .adv_w = 236, .box_w = 12, .box_h = 11, .ofs_x = 1, .ofs_y = 0},
    {.bitmap_index = 14297, .adv_w = 249, .box_w = 13, .box_h = 16, .ofs_x = 1, .ofs_y = -5},
    {.bitmap_index = 14401, .adv_w = 236, .box_w = 13, .box_h = 11, .ofs_x = 1, .ofs_y = 0},
    {.bitmap_index = 14473, .adv_w = 199, .box_w = 12, .box_h = 11, .ofs_x = 0, .ofs_y = 0},
    {.bitmap_index = 14539, .adv_w = 207, .box_w = 13, .box_h = 16, .ofs_x = 0, .ofs_y = -5},
    {.bitmap_index = 14643, .adv_w = 348, .box_w = 20, .box_h = 20, .ofs_x = 1, .ofs_y = -5},
    {.bitmap_index = 14843, .adv_w = 205, .box_w = 13, .box_h = 11, .ofs_x = 0, .ofs_y = 0},
    {.bitmap_index = 14915, .adv_w = 243, .box_w = 15, .box_h = 14, .ofs_x = 1, .ofs_y = -3},
    {.bitmap_index = 15020, .adv_w = 237, .box_w = 12, .box_h = 11, .ofs_x = 1, .ofs_y = 0},
    {.bitmap_index = 15086, .adv_w = 353, .box_w = 20, .box_h = 11, .ofs_x = 1, .ofs_y = 0},
    {.bitmap_index = 15196, .adv_w = 360, .box_w = 22, .box_h = 14, .ofs_x = 1, .ofs_y = -3},
    {.bitmap_index = 15350, .adv_w = 271, .box_w = 16, .box_h = 11, .ofs_x = 0, .ofs_y = 0},
    {.bitmap_index = 15438, .adv_w = 353, .box_w = 20, .box_h = 11, .ofs_x = 1, .ofs_y = 0},
    {.bitmap_index = 15548, .adv_w = 248, .box_w = 13, .box_h = 11, .ofs_x = 1, .ofs_y = 0},
    {.bitmap_index = 15620, .adv_w = 243, .box_w = 13, .box_h = 11, .ofs_x = 1, .ofs_y = 0},
    {.bitmap_index = 15692, .adv_w = 342, .box_w = 19, .box_h = 11, .ofs_x = 1, .ofs_y = 0},
    {.bitmap_index = 15797, .adv_w = 243, .box_w = 13, .box_h = 11, .ofs_x = 1, .ofs_y = 0},
    {.bitmap_index = 15869, .adv_w = 242, .box_w = 13, .box_h = 15, .ofs_x = 1, .ofs_y = 0},
    {.bitmap_index = 15967, .adv_w = 352, .box_w = 22, .box_h = 23, .ofs_x = 0, .ofs_y = -3},
    {.bitmap_index = 16220, .adv_w = 440, .box_w = 28, .box_h = 20, .ofs_x = 0, .ofs_y = -2},
    {.bitmap_index = 16500, .adv_w = 352, .box_w = 22, .box_h = 23, .ofs_x = 0, .ofs_y = -3},
    {.bitmap_index = 16753, .adv_w = 352, .box_w = 22, .box_h = 20, .ofs_x = 0, .ofs_y = -2},
    {.bitmap_index = 16973, .adv_w = 352, .box_w = 22, .box_h = 20, .ofs_x = 0, .ofs_y = -2},
    {.bitmap_index = 17193, .adv_w = 308, .box_w = 21, .box_h = 15, .ofs_x = -1, .ofs_y = 1},
    {.bitmap_index = 17351, .adv_w = 264, .box_w = 15, .box_h = 14, .ofs_x = 1, .ofs_y = 1},
    {.bitmap_index = 17456, .adv_w = 352, .box_w = 21, .box_h = 23, .ofs_x = 0, .ofs_y = -3},
    {.bitmap_index = 17698, .adv_w = 352, .box_w = 22, .box_h = 23, .ofs_x = 0, .ofs_y = -3},
    {.bitmap_index = 17951, .adv_w = 396, .box_w = 26, .box_h = 23, .ofs_x = -1, .ofs_y = -3},
    {.bitmap_index = 18250, .adv_w = 352, .box_w = 22, .box_h = 23, .ofs_x = 0, .ofs_y = -3},
    {.bitmap_index = 18503, .adv_w = 352, .box_w = 22, .box_h = 20, .ofs_x = 0, .ofs_y = -2},
    {.bitmap_index = 18723, .adv_w = 352, .box_w = 22, .box_h = 20, .ofs_x = 0, .ofs_y = -2},
    {.bitmap_index = 18943, .adv_w = 308, .box_w = 20, .box_h = 23, .ofs_x = 0, .ofs_y = -3},
    {.bitmap_index = 19173, .adv_w = 220, .box_w = 14, .box_h = 20, .ofs_x = 0, .ofs_y = -2},
    {.bitmap_index = 19313, .adv_w = 308, .box_w = 20, .box_h = 20, .ofs_x = 0, .ofs_y = -2},
    {.bitmap_index = 19513, .adv_w = 440, .box_w = 29, .box_h = 21, .ofs_x = -1, .ofs_y = -2},
    {.bitmap_index = 19818, .adv_w = 352, .box_w = 22, .box_h = 20, .ofs_x = 0, .ofs_y = -2},
    {.bitmap_index = 20038, .adv_w = 264, .box_w = 17, .box_h = 23, .ofs_x = 0, .ofs_y = -3},
    {.bitmap_index = 20234, .adv_w = 220, .box_w = 12, .box_h = 18, .ofs_x = 1, .ofs_y = -1},
    {.bitmap_index = 20342, .adv_w = 264, .box_w = 17, .box_h = 20, .ofs_x = 0, .ofs_y = -2},
    {.bitmap_index = 20512, .adv_w = 220, .box_w = 14, .box_h = 17, .ofs_x = 0, .ofs_y = 0},
    {.bitmap_index = 20631, .adv_w = 264, .box_w = 17, .box_h = 17, .ofs_x = 0, .ofs_y = 0},
    {.bitmap_index = 20776, .adv_w = 220, .box_w = 13, .box_h = 18, .ofs_x = 0, .ofs_y = -1},
    {.bitmap_index = 20893, .adv_w = 308, .box_w = 21, .box_h = 17, .ofs_x = -1, .ofs_y = 0},
    {.bitmap_index = 21072, .adv_w = 220, .box_w = 11, .box_h = 20, .ofs_x = 0, .ofs_y = -2},
    {.bitmap_index = 21182, .adv_w = 220, .box_w = 12, .box_h = 20, .ofs_x = 2, .ofs_y = -2},
    {.bitmap_index = 21302, .adv_w = 308, .box_w = 19, .box_h = 18, .ofs_x = 0, .ofs_y = -1},
    {.bitmap_index = 21473, .adv_w = 308, .box_w = 19, .box_h = 3, .ofs_x = 0, .ofs_y = 7},
    {.bitmap_index = 21502, .adv_w = 396, .box_w = 26, .box_h = 20, .ofs_x = -1, .ofs_y = -2},
    {.bitmap_index = 21762, .adv_w = 440, .box_w = 29, .box_h = 23, .ofs_x = -1, .ofs_y = -3},
    {.bitmap_index = 22096, .adv_w = 352, .box_w = 22, .box_h = 20, .ofs_x = 0, .ofs_y = -2},
    {.bitmap_index = 22316, .adv_w = 352, .box_w = 23, .box_h = 21, .ofs_x = 0, .ofs_y = -2},
    {.bitmap_index = 22558, .adv_w = 352, .box_w = 20, .box_h = 11, .ofs_x = 1, .ofs_y = 4},
    {.bitmap_index = 22668, .adv_w = 352, .box_w = 20, .box_h = 12, .ofs_x = 1, .ofs_y = 1},
    {.bitmap_index = 22788, .adv_w = 396, .box_w = 25, .box_h = 18, .ofs_x = 0, .ofs_y = -1},
    {.bitmap_index = 23013, .adv_w = 352, .box_w = 23, .box_h = 20, .ofs_x = -1, .ofs_y = -2},
    {.bitmap_index = 23243, .adv_w = 352, .box_w = 22, .box_h = 23, .ofs_x = 0, .ofs_y = -3},
    {.bitmap_index = 23496, .adv_w = 352, .box_w = 24, .box_h = 23, .ofs_x = -1, .ofs_y = -3},
    {.bitmap_index = 23772, .adv_w = 352, .box_w = 24, .box_h = 23, .ofs_x = -1, .ofs_y = -3},
    {.bitmap_index = 24048, .adv_w = 308, .box_w = 20, .box_h = 23, .ofs_x = 0, .ofs_y = -3},
    {.bitmap_index = 24278, .adv_w = 308, .box_w = 20, .box_h = 20, .ofs_x = 0, .ofs_y = -2},
    {.bitmap_index = 24478, .adv_w = 308, .box_w = 20, .box_h = 17, .ofs_x = 0, .ofs_y = 0},
    {.bitmap_index = 24648, .adv_w = 352, .box_w = 22, .box_h = 17, .ofs_x = 0, .ofs_y = 0},
    {.bitmap_index = 24835, .adv_w = 308, .box_w = 17, .box_h = 23, .ofs_x = 1, .ofs_y = -3},
    {.bitmap_index = 25031, .adv_w = 352, .box_w = 22, .box_h = 23, .ofs_x = 0, .ofs_y = -3},
    {.bitmap_index = 25284, .adv_w = 308, .box_w = 21, .box_h = 23, .ofs_x = -1, .ofs_y = -3},
    {.bitmap_index = 25526, .adv_w = 396, .box_w = 25, .box_h = 17, .ofs_x = 0, .ofs_y = 0},
    {.bitmap_index = 25739, .adv_w = 308, .box_w = 19, .box_h = 20, .ofs_x = 0, .ofs_y = -2},
    {.bitmap_index = 25929, .adv_w = 264, .box_w = 17, .box_h = 23, .ofs_x = 0, .ofs_y = -3},
    {.bitmap_index = 26125, .adv_w = 440, .box_w = 29, .box_h = 20, .ofs_x = -1, .ofs_y = -2},
    {.bitmap_index = 26415, .adv_w = 396, .box_w = 25, .box_h = 15, .ofs_x = 0, .ofs_y = 1},
    {.bitmap_index = 26603, .adv_w = 396, .box_w = 25, .box_h = 15, .ofs_x = 0, .ofs_y = 1},
    {.bitmap_index = 26791, .adv_w = 396, .box_w = 25, .box_h = 15, .ofs_x = 0, .ofs_y = 1},
    {.bitmap_index = 26979, .adv_w = 396, .box_w = 25, .box_h = 15, .ofs_x = 0, .ofs_y = 1},
    {.bitmap_index = 27167, .adv_w = 396, .box_w = 25, .box_h = 15, .ofs_x = 0, .ofs_y = 1},
    {.bitmap_index = 27355, .adv_w = 264, .box_w = 14, .box_h = 23, .ofs_x = 1, .ofs_y = -3},
    {.bitmap_index = 27516, .adv_w = 308, .box_w = 21, .box_h = 23, .ofs_x = -1, .ofs_y = -3},
    {.bitmap_index = 27758, .adv_w = 352, .box_w = 24, .box_h = 23, .ofs_x = -1, .ofs_y = -3},
    {.bitmap_index = 28034, .adv_w = 396, .box_w = 25, .box_h = 17, .ofs_x = 0, .ofs_y = 0},
    {.bitmap_index = 28247, .adv_w = 440, .box_w = 6, .box_h = 6, .ofs_x = 11, .ofs_y = -2},
    {.bitmap_index = 28265, .adv_w = 440, .box_w = 19, .box_h = 13, .ofs_x = 4, .ofs_y = -2},
    {.bitmap_index = 28389, .adv_w = 264, .box_w = 17, .box_h = 23, .ofs_x = 0, .ofs_y = -3},
    {.bitmap_index = 28585, .adv_w = 308, .box_w = 21, .box_h = 23, .ofs_x = -1, .ofs_y = -3}
};

/*---------------------
 *  CHARACTER MAPPING
 *--------------------*/

static const uint16_t unicode_list_1[] = {
    0x0, 0x351
};

static const uint16_t unicode_list_3[] = {
    0x0, 0xdc78, 0xe151, 0xebb0, 0xebb7, 0xebba, 0xebbb, 0xebbc,
    0xebc0, 0xebc2, 0xebc4, 0xebc8, 0xebcb, 0xebd0, 0xebd2, 0xebd5,
    0xebd6, 0xebd7, 0xebed, 0xebf2, 0xebf7, 0xebfa, 0xebfb, 0xebfc,
    0xec00, 0xec01, 0xec02, 0xec03, 0xec16, 0xec17, 0xec1d, 0xec1f,
    0xec20, 0xec23, 0xec26, 0xec27, 0xec28, 0xec2a, 0xec42, 0xec44,
    0xec73, 0xec74, 0xec76, 0xec78, 0xec8f, 0xec96, 0xec99, 0xeca2,
    0xeccb, 0xecd3, 0xed0a, 0xed9a, 0xedef, 0xedf0, 0xedf1, 0xedf2,
    0xedf3, 0xee42, 0xee9c, 0xeeb3, 0xf109, 0xf259, 0xf25a, 0xf371,
    0xf451
};

/*Collect the unicode lists and glyph_id offsets*/
static const lv_font_fmt_txt_cmap_t cmaps[] =
{
    {
        .range_start = 32, .range_length = 95, .glyph_id_start = 1,
        .unicode_list = NULL, .glyph_id_ofs_list = NULL, .list_length = 0, .type = LV_FONT_FMT_TXT_CMAP_FORMAT0_TINY
    },
    {
        .range_start = 176, .range_length = 850, .glyph_id_start = 96,
        .unicode_list = unicode_list_1, .glyph_id_ofs_list = NULL, .list_length = 2, .type = LV_FONT_FMT_TXT_CMAP_SPARSE_TINY
    },
    {
        .range_start = 1040, .range_length = 64, .glyph_id_start = 98,
        .unicode_list = NULL, .glyph_id_ofs_list = NULL, .list_length = 0, .type = LV_FONT_FMT_TXT_CMAP_FORMAT0_TINY
    },
    {
        .range_start = 1105, .range_length = 62546, .glyph_id_start = 162,
        .unicode_list = unicode_list_3, .glyph_id_ofs_list = NULL, .list_length = 65, .type = LV_FONT_FMT_TXT_CMAP_SPARSE_TINY
    }
};

/*-----------------
 *    KERNING
 *----------------*/


/*Map glyph_ids to kern left classes*/
static const uint8_t kern_left_class_mapping[] =
{
    0, 0, 0, 1, 0, 0, 0, 0,
    1, 2, 0, 1, 3, 4, 3, 4,
    5, 6, 7, 8, 9, 10, 11, 12,
    13, 14, 15, 16, 16, 0, 0, 0,
    0, 17, 0, 0, 0, 0, 0, 0,
    0, 0, 0, 0, 0, 0, 0, 0,
    0, 0, 0, 0, 0, 0, 0, 0,
    0, 0, 0, 0, 18, 19, 0, 0,
    4, 1, 0, 0, 0, 0, 0, 0,
    0, 0, 0, 0, 0, 0, 0, 0,
    0, 0, 0, 0, 0, 0, 0, 0,
    0, 0, 0, 0, 18, 0, 0, 0,
    0, 0, 0, 0, 0, 0, 0, 0,
    0, 0, 0, 0, 0, 0, 0, 0,
    0, 0, 0, 0, 0, 0, 0, 0,
    0, 0, 0, 0, 0, 0, 0, 0,
    0, 0, 0, 0, 0, 0, 0, 0,
    0, 0, 0, 0, 0, 0, 0, 0,
    0, 0, 0, 0, 0, 0, 0, 0,
    0, 0, 0, 0, 0, 0, 0, 0,
    0, 0, 0, 0, 0, 0, 0, 0,
    0, 0, 0, 0, 0, 0, 0, 0,
    0, 0, 0, 0, 0, 0, 0, 0,
    0, 0, 0, 0, 0, 0, 0, 0,
    0, 0, 0, 0, 0, 0, 0, 0,
    0, 0, 0, 0, 0, 0, 0, 0,
    0, 0, 0, 0, 0, 0, 0, 0,
    0, 0, 0, 0, 0, 0, 0, 0,
    0, 0, 0
};

/*Map glyph_ids to kern right classes*/
static const uint8_t kern_right_class_mapping[] =
{
    0, 0, 0, 1, 0, 0, 2, 0,
    1, 0, 3, 1, 4, 5, 4, 5,
    6, 7, 8, 9, 10, 11, 12, 13,
    14, 15, 16, 17, 17, 0, 0, 0,
    0, 18, 0, 0, 0, 0, 0, 0,
    0, 0, 0, 0, 0, 0, 0, 0,
    0, 0, 0, 0, 0, 0, 0, 0,
    0, 0, 0, 0, 0, 19, 20, 0,
    5, 1, 0, 0, 0, 0, 0, 0,
    0, 0, 0, 0, 0, 0, 0, 0,
    0, 0, 0, 0, 0, 0, 0, 0,
    0, 0, 0, 0, 0, 0, 20, 0,
    19, 0, 0, 0, 0, 0, 0, 0,
    0, 0, 0, 0, 0, 0, 0, 0,
    0, 0, 0, 0, 0, 0, 0, 0,
    0, 0, 0, 0, 0, 0, 0, 0,
    0, 0, 0, 0, 0, 0, 0, 0,
    0, 0, 0, 0, 0, 0, 0, 0,
    0, 0, 0, 0, 0, 0, 0, 0,
    0, 0, 0, 0, 0, 0, 0, 0,
    0, 0, 0, 0, 0, 0, 0, 0,
    0, 0, 0, 0, 0, 0, 0, 0,
    0, 0, 0, 0, 0, 0, 0, 0,
    0, 0, 0, 0, 0, 0, 0, 0,
    0, 0, 0, 0, 0, 0, 0, 0,
    0, 0, 0, 0, 0, 0, 0, 0,
    0, 0, 0, 0, 0, 0, 0, 0,
    0, 0, 0, 0, 0, 0, 0, 0,
    0, 0, 0
};

/*Kern values between classes*/
static const int8_t kern_class_values[] =
{
    0, 0, 0, 0, 0, 0, 0, 0,
    0, 0, 0, 0, 0, 0, 0, 0,
    0, -2, 0, 0, 0, 0, 0, 0,
    0, 0, 3, 4, 2, 2, 2, 4,
    3, 5, 3, 1, 0, 4, 0, 0,
    0, 0, 0, 0, 0, 0, 2, -14,
    -3, -4, 4, 2, 1, -10, 1, -4,
    0, 0, 0, 0, 0, 0, 0, 0,
    0, 0, -4, -18, -4, -4, 4, 1,
    -1, -29, -2, -18, 0, -1, 0, 0,
    0, 0, 0, 0, 0, 0, 0, 0,
    0, 0, 0, 0, 0, 0, 0, 0,
    0, 1, 0, 0, 0, 1, 3, 2,
    -4, 0, 0, 2, -6, -6, 3, 1,
    -1, 2, -4, -2, 0, 0, 0, 2,
    0, -2, 3, -4, -8, 0, -9, 1,
    -10, -10, 2, -3, -5, 1, -8, -6,
    0, 0, 0, 1, 0, 2, 3, 1,
    1, 0, -2, 2, -2, -2, 4, 1,
    1, 2, 1, -3, 0, 0, 0, 2,
    0, -1, 3, 1, -4, 0, -6, 1,
    -6, -6, 3, -1, -1, 1, -4, -4,
    0, 0, 0, 1, 0, -1, 1, 2,
    1, 0, 1, -13, 1, 1, 4, 2,
    2, -12, 1, -11, 0, 0, 0, -4,
    0, 1, 2, 2, -1, 0, 1, -5,
    0, 1, 4, 2, 2, -3, 1, -8,
    0, 0, 0, -3, 0, 1, 1, 1,
    1, 0, -1, -9, -1, -1, 4, 1,
    1, -7, 1, -7, 0, 0, 0, -3,
    0, 4, 6, -8, -29, 0, 3, 6,
    3, 3, -2, 4, -1, 6, 3, 4,
    0, 0, 0, 6, 0, 1, 3, 1,
    -2, 0, -4, 1, -4, -4, 4, 1,
    1, 2, -2, -3, 0, 0, 0, 2,
    0, 1, 2, 1, -12, 0, -4, 2,
    -5, -5, 3, 1, -1, 3, -5, 0,
    0, 0, 0, 1, 0, 0, 0, 0,
    0, 0, 0, 0, 0, 0, 0, 0,
    0, 0, 0, 0, 0, 4, 0, 0,
    -2, 0, 4, 0, -1, 2, 0, 0,
    0, 0, 0, 0, 0, 0, 0, 0,
    4, 0, 1, 4, 0, 0, 0, 0,
    0, 0, 2, 5, 2, 2, -1, 3,
    2, 5, 2, 3, 0, 4, 0, 0,
    0, 0, 0, 0, 0, 0, 0, 0,
    0, 0, 0, 0, 0, 0, 0, 0,
    0, 2, 0, 0
};


/*Collect the kern class' data in one place*/
static const lv_font_fmt_txt_kern_classes_t kern_classes =
{
    .class_pair_values   = kern_class_values,
    .left_class_mapping  = kern_left_class_mapping,
    .right_class_mapping = kern_right_class_mapping,
    .left_class_cnt      = 19,
    .right_class_cnt     = 20,
};

/*--------------------
 *  ALL CUSTOM DATA
 *--------------------*/

#if LVGL_VERSION_MAJOR == 8
/*Store all the custom data of the font*/
static  lv_font_fmt_txt_glyph_cache_t cache;
#endif

#if LVGL_VERSION_MAJOR >= 8
static const lv_font_fmt_txt_dsc_t font_dsc = {
#else
static lv_font_fmt_txt_dsc_t font_dsc = {
#endif
    .glyph_bitmap = glyph_bitmap,
    .glyph_dsc = glyph_dsc,
    .cmaps = cmaps,
    .kern_dsc = &kern_classes,
    .kern_scale = 16,
    .cmap_num = 4,
    .bpp = 4,
    .kern_classes = 1,
    .bitmap_format = 0,
#if LVGL_VERSION_MAJOR == 8
    .cache = &cache
#endif

};



/*-----------------
 *  PUBLIC FONT
 *----------------*/

/*Initialize a public general font descriptor*/
#if LVGL_VERSION_MAJOR >= 8
const lv_font_t science_gothic_22 = {
#else
lv_font_t science_gothic_22 = {
#endif
    .get_glyph_dsc = lv_font_get_glyph_dsc_fmt_txt,    /*Function pointer to get glyph's data*/
    .get_glyph_bitmap = lv_font_get_bitmap_fmt_txt,    /*Function pointer to get glyph's bitmap*/
    .line_height = 25,          /*The maximum line height required by the font*/
    .base_line = 5,             /*Baseline measured from the bottom of the line*/
#if !(LVGL_VERSION_MAJOR == 6 && LVGL_VERSION_MINOR == 0)
    .subpx = LV_FONT_SUBPX_NONE,
#endif
#if LV_VERSION_CHECK(7, 4, 0) || LVGL_VERSION_MAJOR >= 8
    .underline_position = -2,
    .underline_thickness = 1,
#endif
    .static_bitmap = 0,
    .dsc = &font_dsc,          /*The custom font data. Will be accessed by `get_glyph_bitmap/dsc` */
#if LV_VERSION_CHECK(8, 2, 0) || LVGL_VERSION_MAJOR >= 9
    .fallback = NULL,
#endif
    .user_data = NULL,
};



#endif /*#if SCIENCE_GOTHIC_22*/
